-- MySQL dump 10.13  Distrib 8.0.32, for Win64 (x86_64)
--
-- Host: localhost    Database: student
-- ------------------------------------------------------
-- Server version	8.0.32

/*!40101 SET @OLD_CHARACTER_SET_CLIENT=@@CHARACTER_SET_CLIENT */;
/*!40101 SET @OLD_CHARACTER_SET_RESULTS=@@CHARACTER_SET_RESULTS */;
/*!40101 SET @OLD_COLLATION_CONNECTION=@@COLLATION_CONNECTION */;
/*!50503 SET NAMES utf8 */;
/*!40103 SET @OLD_TIME_ZONE=@@TIME_ZONE */;
/*!40103 SET TIME_ZONE='+00:00' */;
/*!40014 SET @OLD_UNIQUE_CHECKS=@@UNIQUE_CHECKS, UNIQUE_CHECKS=0 */;
/*!40014 SET @OLD_FOREIGN_KEY_CHECKS=@@FOREIGN_KEY_CHECKS, FOREIGN_KEY_CHECKS=0 */;
/*!40101 SET @OLD_SQL_MODE=@@SQL_MODE, SQL_MODE='NO_AUTO_VALUE_ON_ZERO' */;
/*!40111 SET @OLD_SQL_NOTES=@@SQL_NOTES, SQL_NOTES=0 */;

--
-- Table structure for table `admin_refreshers`
--

DROP TABLE IF EXISTS `admin_refreshers`;
/*!40101 SET @saved_cs_client     = @@character_set_client */;
/*!50503 SET character_set_client = utf8mb4 */;
CREATE TABLE `admin_refreshers` (
  `id` bigint NOT NULL AUTO_INCREMENT,
  `expiry_date` datetime(6) DEFAULT NULL,
  `token` varchar(200) DEFAULT NULL,
  `admin_id` varchar(100) DEFAULT NULL,
  PRIMARY KEY (`id`),
  UNIQUE KEY `UK_2n4w20rpbeg31lcv6usotjgve` (`admin_id`),
  CONSTRAINT `FKc4v5qejb1au3yy10ah7cgwbji` FOREIGN KEY (`admin_id`) REFERENCES `admins` (`id`)
) ENGINE=InnoDB AUTO_INCREMENT=2 DEFAULT CHARSET=utf8mb4 COLLATE=utf8mb4_0900_ai_ci;
/*!40101 SET character_set_client = @saved_cs_client */;

--
-- Dumping data for table `admin_refreshers`
--

LOCK TABLES `admin_refreshers` WRITE;
/*!40000 ALTER TABLE `admin_refreshers` DISABLE KEYS */;
INSERT INTO `admin_refreshers` VALUES (1,'2024-10-11 09:35:59.247059','bb588cac-6eb7-4dd5-b85d-e292ed7844a1','kiki123');
/*!40000 ALTER TABLE `admin_refreshers` ENABLE KEYS */;
UNLOCK TABLES;

--
-- Table structure for table `admins`
--

DROP TABLE IF EXISTS `admins`;
/*!40101 SET @saved_cs_client     = @@character_set_client */;
/*!50503 SET character_set_client = utf8mb4 */;
CREATE TABLE `admins` (
  `id` varchar(100) NOT NULL,
  `avatar` varchar(1000) DEFAULT NULL,
  `email` varchar(200) DEFAULT NULL,
  `is_deleted` bit(1) DEFAULT NULL,
  `name` varchar(200) DEFAULT NULL,
  `password` varchar(200) DEFAULT NULL,
  `role_id` varchar(100) DEFAULT NULL,
  PRIMARY KEY (`id`),
  KEY `FK7h9x5fnfw47l8lkeas20rmsva` (`role_id`),
  CONSTRAINT `FK7h9x5fnfw47l8lkeas20rmsva` FOREIGN KEY (`role_id`) REFERENCES `roles` (`id`)
) ENGINE=InnoDB DEFAULT CHARSET=utf8mb4 COLLATE=utf8mb4_0900_ai_ci;
/*!40101 SET character_set_client = @saved_cs_client */;

--
-- Dumping data for table `admins`
--

LOCK TABLES `admins` WRITE;
/*!40000 ALTER TABLE `admins` DISABLE KEYS */;
INSERT INTO `admins` VALUES ('kiki123','https://storage.googleapis.com/student-4a760.appspot.com/59621b24-8b28-4af5-b46a-7ce8a9775f48.jpg?GoogleAccessId=firebase-adminsdk-60z3z@student-4a760.iam.gserviceaccount.com&Expires=6543694221&Signature=I2HV4cRu2J9tuDOrIBPcDxpqsfJ1KAxyxQddl2TrH5uNsgyplu29qNrybHvfl5EKFDglvoyMzIDoMecfvtN8QqOVEBn%2BQ0MvxfkH5U5AbkkQFin%2BagPnHVKxMKNjokqwX7LZXAQtH%2BYP7cFVLmdSOWxtxNJbR0nDtH0g%2F0fuQ%2F5nOUgHE5y70CDc7JwuByn3jzW6C86jQ%2Fi%2FsSssQDvgh3h%2BfIRof7gftPguLh1f0FP9EEDGfqCEUShU5xe5Qmr9vNFORr9eICMKLWuBmyzAGUWOel%2B32X2AzHXhdv3z0ohAwxk08NpKh7udiExk%2FqfUHF%2FyKIu2ShwmJvkJidC%2FJQ%3D%3D','kiki@gmail.com',_binary '\0','Cam Hiếu','$2a$10$/uwT28Jy04F365e1kG/wL.l8UTTHbfB7.soA13f8U3kZ.jJJ.Alwi','SUPERADMIN');
/*!40000 ALTER TABLE `admins` ENABLE KEYS */;
UNLOCK TABLES;

--
-- Table structure for table `classes`
--

DROP TABLE IF EXISTS `classes`;
/*!40101 SET @saved_cs_client     = @@character_set_client */;
/*!50503 SET character_set_client = utf8mb4 */;
CREATE TABLE `classes` (
  `id` varchar(100) NOT NULL,
  `name` varchar(200) DEFAULT NULL,
  PRIMARY KEY (`id`)
) ENGINE=InnoDB DEFAULT CHARSET=utf8mb4 COLLATE=utf8mb4_0900_ai_ci;
/*!40101 SET character_set_client = @saved_cs_client */;

--
-- Dumping data for table `classes`
--

LOCK TABLES `classes` WRITE;
/*!40000 ALTER TABLE `classes` DISABLE KEYS */;
INSERT INTO `classes` VALUES ('K65CNPMA','K65-Công Nghệ Phần Mềm A'),('K65CNTTA','K65-Công Nghệ Thông Tin A'),('K65CNTTB','K65-Công Nghệ Thông Tin B'),('K65MMT','K65-Mạng máy tính');
/*!40000 ALTER TABLE `classes` ENABLE KEYS */;
UNLOCK TABLES;

--
-- Table structure for table `classes_terms`
--

DROP TABLE IF EXISTS `classes_terms`;
/*!40101 SET @saved_cs_client     = @@character_set_client */;
/*!50503 SET character_set_client = utf8mb4 */;
CREATE TABLE `classes_terms` (
  `id` bigint NOT NULL AUTO_INCREMENT,
  `excellent` int DEFAULT NULL,
  `fair` int DEFAULT NULL,
  `good` int DEFAULT NULL,
  `medium` int DEFAULT NULL,
  `weak` int DEFAULT NULL,
  `worst` int DEFAULT NULL,
  `class_id` varchar(100) DEFAULT NULL,
  `term_id` varchar(100) DEFAULT NULL,
  PRIMARY KEY (`id`),
  KEY `FK70qpo5recj7ssibijbqp8a8p0` (`class_id`),
  KEY `FKavgf24irera6o7mcksm25iull` (`term_id`),
  CONSTRAINT `FK70qpo5recj7ssibijbqp8a8p0` FOREIGN KEY (`class_id`) REFERENCES `classes` (`id`),
  CONSTRAINT `FKavgf24irera6o7mcksm25iull` FOREIGN KEY (`term_id`) REFERENCES `terms` (`id`)
) ENGINE=InnoDB AUTO_INCREMENT=1862 DEFAULT CHARSET=utf8mb4 COLLATE=utf8mb4_0900_ai_ci;
/*!40101 SET character_set_client = @saved_cs_client */;

--
-- Dumping data for table `classes_terms`
--

LOCK TABLES `classes_terms` WRITE;
/*!40000 ALTER TABLE `classes_terms` DISABLE KEYS */;
INSERT INTO `classes_terms` VALUES (1813,0,0,1,0,0,0,'K65CNTTB','20161'),(1814,0,0,0,1,0,0,'K65MMT','20161'),(1815,0,0,0,1,0,0,'K65CNTTB','20162'),(1816,0,0,0,1,0,0,'K65MMT','20162'),(1817,0,3,0,0,0,0,'K65CNTTB','20171'),(1818,0,2,0,0,0,0,'K65MMT','20171'),(1819,0,3,0,0,0,0,'K65CNTTB','20172'),(1820,0,0,1,1,0,0,'K65MMT','20172'),(1821,0,0,2,0,0,0,'K65CNPMA','20181'),(1822,0,1,1,0,0,0,'K65CNTTB','20181'),(1823,1,0,0,2,0,0,'K65MMT','20181'),(1824,0,0,1,1,0,0,'K65CNPMA','20182'),(1825,2,0,0,0,0,0,'K65CNTTB','20182'),(1826,2,0,1,0,0,0,'K65MMT','20182'),(1827,2,1,2,0,0,0,'K65CNPMA','20191'),(1828,0,1,0,0,0,0,'K65CNTTB','20191'),(1829,0,0,0,3,0,0,'K65MMT','20191'),(1830,2,1,1,1,0,0,'K65CNPMA','20192'),(1831,1,0,0,0,0,0,'K65CNTTB','20192'),(1832,1,1,0,1,0,0,'K65MMT','20192'),(1833,6,8,7,7,0,0,'K65CNPMA','20201'),(1834,6,14,3,7,0,0,'K65CNTTA','20201'),(1835,8,5,3,7,0,0,'K65CNTTB','20201'),(1836,6,7,6,1,0,0,'K65MMT','20201'),(1837,6,13,1,8,0,0,'K65CNPMA','20202'),(1838,5,12,5,8,0,0,'K65CNTTA','20202'),(1839,5,5,7,6,0,0,'K65CNTTB','20202'),(1840,5,3,1,11,0,0,'K65MMT','20202'),(1841,3,12,9,6,0,0,'K65CNPMA','20211'),(1842,7,10,8,8,0,0,'K65CNTTA','20211'),(1843,3,11,4,7,0,0,'K65CNTTB','20211'),(1844,4,7,4,5,0,0,'K65MMT','20211'),(1845,6,11,4,9,0,0,'K65CNPMA','20212'),(1846,10,10,3,10,0,0,'K65CNTTA','20212'),(1847,4,7,7,7,0,0,'K65CNTTB','20212'),(1848,5,6,2,7,0,0,'K65MMT','20212'),(1849,1,2,2,0,0,0,'K65CNPMA','20221'),(1850,2,0,0,1,0,0,'K65CNTTA','20221'),(1851,2,0,1,0,0,0,'K65CNTTB','20221'),(1852,0,1,0,0,0,0,'K65MMT','20221'),(1853,1,1,0,3,0,0,'K65CNPMA','20222'),(1854,1,0,0,2,0,0,'K65CNTTA','20222'),(1855,1,0,0,2,0,0,'K65CNTTB','20222'),(1856,0,1,0,0,0,0,'K65MMT','20222'),(1857,1,0,2,2,0,0,'K65CNPMA','20231'),(1858,0,2,0,1,0,0,'K65CNTTA','20231'),(1859,1,2,0,0,0,0,'K65CNTTB','20231'),(1860,0,1,0,0,0,0,'K65MMT','20231'),(1861,1,0,0,0,0,0,'K65CNTTB','20232');
/*!40000 ALTER TABLE `classes_terms` ENABLE KEYS */;
UNLOCK TABLES;

--
-- Table structure for table `courses`
--

DROP TABLE IF EXISTS `courses`;
/*!40101 SET @saved_cs_client     = @@character_set_client */;
/*!50503 SET character_set_client = utf8mb4 */;
CREATE TABLE `courses` (
  `id` varchar(100) NOT NULL,
  `name` varchar(200) DEFAULT NULL,
  PRIMARY KEY (`id`)
) ENGINE=InnoDB DEFAULT CHARSET=utf8mb4 COLLATE=utf8mb4_0900_ai_ci;
/*!40101 SET character_set_client = @saved_cs_client */;

--
-- Dumping data for table `courses`
--

LOCK TABLES `courses` WRITE;
/*!40000 ALTER TABLE `courses` DISABLE KEYS */;
INSERT INTO `courses` VALUES ('56','Khóa 56'),('57','Khóa 57'),('58','Khóa 58'),('59','Khóa 59'),('60','Khóa 60'),('61','Khóa 61'),('62','Khóa 62'),('63','Khóa 63'),('64','Khóa 64'),('65','Khóa 65'),('66','Khóa 66'),('67','Khóa 67');
/*!40000 ALTER TABLE `courses` ENABLE KEYS */;
UNLOCK TABLES;

--
-- Table structure for table `courses_terms`
--

DROP TABLE IF EXISTS `courses_terms`;
/*!40101 SET @saved_cs_client     = @@character_set_client */;
/*!50503 SET character_set_client = utf8mb4 */;
CREATE TABLE `courses_terms` (
  `id` bigint NOT NULL AUTO_INCREMENT,
  `excellent` int DEFAULT NULL,
  `fair` int DEFAULT NULL,
  `good` int DEFAULT NULL,
  `medium` int DEFAULT NULL,
  `weak` int DEFAULT NULL,
  `worst` int DEFAULT NULL,
  `course_id` varchar(100) DEFAULT NULL,
  `term_id` varchar(100) DEFAULT NULL,
  PRIMARY KEY (`id`),
  KEY `FKtmxec2gsd9lesy45qqxex8c22` (`course_id`),
  KEY `FKce76at52ju06cdtskfy9yeqwb` (`term_id`),
  CONSTRAINT `FKce76at52ju06cdtskfy9yeqwb` FOREIGN KEY (`term_id`) REFERENCES `terms` (`id`),
  CONSTRAINT `FKtmxec2gsd9lesy45qqxex8c22` FOREIGN KEY (`course_id`) REFERENCES `courses` (`id`)
) ENGINE=InnoDB AUTO_INCREMENT=207 DEFAULT CHARSET=utf8mb4 COLLATE=utf8mb4_0900_ai_ci;
/*!40101 SET character_set_client = @saved_cs_client */;

--
-- Dumping data for table `courses_terms`
--

LOCK TABLES `courses_terms` WRITE;
/*!40000 ALTER TABLE `courses_terms` DISABLE KEYS */;
INSERT INTO `courses_terms` VALUES (181,0,0,1,1,0,0,'61','20161'),(182,0,0,0,2,0,0,'61','20162'),(183,0,2,0,0,0,0,'61','20171'),(184,0,3,0,0,0,0,'62','20171'),(185,0,1,1,0,0,0,'61','20172'),(186,0,2,0,1,0,0,'62','20172'),(187,1,1,1,0,0,0,'62','20181'),(188,0,0,2,2,0,0,'63','20181'),(189,3,0,0,0,0,0,'62','20182'),(190,1,0,2,1,0,0,'63','20182'),(191,1,0,1,2,0,0,'63','20191'),(192,1,2,1,1,0,0,'64','20191'),(193,2,0,0,2,0,0,'63','20192'),(194,2,2,1,0,0,0,'64','20192'),(195,2,1,1,1,0,0,'64','20201'),(196,24,33,18,21,0,0,'65','20201'),(197,1,1,2,1,0,0,'64','20202'),(198,20,32,12,32,0,0,'65','20202'),(199,14,35,23,24,0,0,'65','20211'),(200,3,5,2,2,0,0,'66','20211'),(201,18,31,15,32,0,0,'65','20212'),(202,7,3,1,1,0,0,'66','20212'),(203,5,3,3,1,0,0,'66','20221'),(204,3,2,0,7,0,0,'66','20222'),(205,2,5,2,3,0,0,'66','20231'),(206,1,0,0,0,0,0,'65','20232');
/*!40000 ALTER TABLE `courses_terms` ENABLE KEYS */;
UNLOCK TABLES;

--
-- Table structure for table `displays`
--

DROP TABLE IF EXISTS `displays`;
/*!40101 SET @saved_cs_client     = @@character_set_client */;
/*!50503 SET character_set_client = utf8mb4 */;
CREATE TABLE `displays` (
  `id` bigint NOT NULL AUTO_INCREMENT,
  `content` varchar(4000) DEFAULT NULL,
  `img` varchar(1000) DEFAULT NULL,
  `location` varchar(200) DEFAULT NULL,
  `title` varchar(500) DEFAULT NULL,
  PRIMARY KEY (`id`)
) ENGINE=InnoDB AUTO_INCREMENT=29 DEFAULT CHARSET=utf8mb4 COLLATE=utf8mb4_0900_ai_ci;
/*!40101 SET character_set_client = @saved_cs_client */;

--
-- Dumping data for table `displays`
--

LOCK TABLES `displays` WRITE;
/*!40000 ALTER TABLE `displays` DISABLE KEYS */;
INSERT INTO `displays` VALUES (1,'Vui lòng format dữ liệu từ file excel tải lên trùng khớp với dữ liệu trong ảnh sau','https://storage.googleapis.com/student-4a760.appspot.com/13728434-f9b1-4b71-8740-4ca79ea5093c.png?GoogleAccessId=firebase-adminsdk-60z3z@student-4a760.iam.gserviceaccount.com&Expires=6544355805&Signature=jV1dXvIuOHSrVjGwp6n2q0u4pIT8cLweUivyObMjf%2FCyhhGwatOabDb5AK5029uYp75o8bMC8KoTyJrbyYPk1JYpLmubtBxhpwVzYJGl23uDtSD8%2FtnwIjvW76ibwyFxt3jkbqBjlVLrGTo3A9%2FgIvFPQw8XQXtnZnWsRkFoWyXiVieOA2XPKsyylMJ9pa1hB5guN8CoVtvbU%2B9a8V9xf6UZOKQN4WLRKSXzKLpXylpyfyYXjgTq1VNp5V68ZtRgbz8AGFZzQ7W8FzSnhEwyKKSaaVv4ZBrTF%2FE1wkG%2BwcY4O3IhMchIHNlH8cwca%2F2l8ACch2L0ApNj6IRCiYMiKw%3D%3D','ErrorImport','Lỗi nhập liệu danh sách sinh viên'),(2,'Vui lòng format dữ liệu từ file excel tải lên trùng khớp với dữ liệu trong ảnh sau','https://storage.googleapis.com/student-4a760.appspot.com/83def43d-2d5d-495a-ab02-bfa4e5b3b85d.png?GoogleAccessId=firebase-adminsdk-60z3z@student-4a760.iam.gserviceaccount.com&Expires=6544355943&Signature=ksAloasyEMtsdOamV4puJa9NDqEcNsBykcFCJp0wj7OiZ%2BllbcDULaIuzpNUVoILlRtTsqge6QVW46njZIQv4bWDWmuNalo4NAcJrGV85b8luypOV0vSUP2kNL0foK8e3hnhOCE2%2FsoaAd0ouENLWSrxo0BN6VkvtwWhtXvRjWC91hOiRiCN3DGP%2FUYHZcDqLQvGA82O0A4kj9ob5nepPNSYC%2BsYQX2M2fcre0OxdlH6B0ZrHnA8%2BktwINXC%2FzBWrKo4lGU9%2Bi4p9HwgRLNZAxr%2BPlVjFrxsaoSCTbQPMB75k1bgIuBbuJOQLPeEgHB48gmV8aHal3Iu%2B6ovEFWZtg%3D%3D','ErrorImport','Lỗi nhập liệu danh sách điểm'),(3,NULL,'https://storage.googleapis.com/student-4a760.appspot.com/780b7287-599b-4983-87b3-b83e061be084.jpg?GoogleAccessId=firebase-adminsdk-60z3z@student-4a760.iam.gserviceaccount.com&Expires=6547627408&Signature=WNJDDluK2szh7N9ZasZrPH69G1XGKTzyS97e%2FD%2Bd7uNsFdl1vWn2G7votJm87RFZy7cPpY4Fw734kElALKNfntArkSlESvmzvBGdW0aX75KOfmg%2FLjd8NWlCKhSOZZZS4%2FofVKXkS2J6iMh%2FBzwyNWDbOLwOy%2Ba45uxlzHoZnBVND0MYVYW5ZKmhUX6ZISydAulxLdoQVAHrNmaaIY52OOvoGtOZnWduBqHlHUK78EN7clX2V2ymelinPBRzfNSAJsofN6%2BbUznewL5vbsR3tuRmNF56jV9GoH%2B3%2BY2gW%2FHbeca4dg7Rf%2FziAR9WvegRPvKr1rLjKXubvC9DoepFzQ%3D%3D','Slider',NULL),(4,NULL,'https://storage.googleapis.com/student-4a760.appspot.com/e7a9c3c3-c720-44b3-a8b1-35a6363cad26.jpg?GoogleAccessId=firebase-adminsdk-60z3z@student-4a760.iam.gserviceaccount.com&Expires=6547627898&Signature=o6ZERhDGttlIewJRpcCCZlX%2Fw%2FhfjYPm1%2FH4VR0b%2BBXMmjKyS9VZJTj%2BzKutKa7%2BcHr689IsQwl%2FeDGDe%2Bp7bvuX%2FwGD3fzsnbMTfU5ScBAKwrPhqG0pWylxTpWpHf2QSUG7nK3rvZakbmqI27VYMlX%2BYtouKHjFYc2UnXVWFWxCVk6zoduktDWqPeejjvgVBP7mByC%2FB5MC0DYKqyKm8BHc9P71%2Brk6yiyHib4xxMHTSBf7%2FMITIt%2BwtCKqmKNpsCywB1bYIojun4oeFQUyoVDnI8VROX57Q3dJrSeHpBVzDqjkPGkF9Ci43icTSWsGjRxeOH%2FWs4aom0TFvTzr2g%3D%3D','Slider',NULL),(5,NULL,'https://storage.googleapis.com/student-4a760.appspot.com/215608ac-df7b-4df3-962e-9e473e458e86.jfif?GoogleAccessId=firebase-adminsdk-60z3z@student-4a760.iam.gserviceaccount.com&Expires=6547627923&Signature=T0tduYHKEalvKsaZSs7YhmuTVMdUV1NswqbDX1xaKMrNhu6ECKVcsRFvcw2K5uz3TRX3tQ1p1Cdo%2Bn8iDYFtnMOcVbYs77yatL0dQI92NnGgipu8%2BW%2BXGwQV%2BvoJ9og85tzgWS14t%2FGfoVIJi82I7c9tmrh8i3vYbv9IB0TjSerwai%2FuP6aedBA7Ag%2FuN%2FlNPOl6IXl38ZIrtWGdsDs2MLKP9roacekBDe3rU1YC%2BRxTA6ro2oA5zRFiB6wxv3qE0YVRbx0ynBbmBPFYZU3mNagzqH4Tf3R2vMzF1Br3pzXvSftTGb9zrWJkAJhFY1PEPUXonk0qntazMoP%2FO9CqEw%3D%3D','Slider',NULL),(6,NULL,'https://storage.googleapis.com/student-4a760.appspot.com/d9dfdd2f-9114-41d7-92a7-c0130da985e9.jpg?GoogleAccessId=firebase-adminsdk-60z3z@student-4a760.iam.gserviceaccount.com&Expires=6547627962&Signature=cKjyno7SBtavEL2y068q7%2Fhdn9eMi%2BeARDXpglNUWMi5yDsMLdvNYdbsRDS8C%2BpK0Szy2d6RoHSUupr3cIypyKtqDJM33ZpSiDhfK6vZ17AGbzMLjWJ810M9hbwKp0ZaHI4QFGUK676AwkljQfCbMzIZ7jUeYudZpB9peyy4Jx%2BY0v7YiIwxOtB5v%2FLJ9vf2ed2RQY%2Fnuh8Vc0rO%2FRg6jzuTWtS5oFggMrpQdZCQIva1BCdea0jhRN3VeS5ECxTqoBO7qyiqe9kpImdE%2BFwcIU5yxV%2FuavAyXVe6KGmCjNw6UGM%2BqBOtY8nP3xgwID3pFngJOW8JCoSRAqHsq8bXuw%3D%3D','Slider',NULL),(7,NULL,'https://storage.googleapis.com/student-4a760.appspot.com/4f583b9d-d31d-4436-b550-44e45f33357e.jpg?GoogleAccessId=firebase-adminsdk-60z3z@student-4a760.iam.gserviceaccount.com&Expires=6547627993&Signature=GNbKO3YTnJwqSR4J%2FDj56Ro3fWLbrv38Zbt6a3aOO4WeVd8cSok7BWbsLD6m4OCykjJf6vLIDk7F6zFFweEHty2v6NmFN0wLtQ6MvTk01Ha2n4lb5WReCOf7wo3xVSDUPvRo4ENg%2BOJR0iy43kDxRfL4D0PaRJHTqT8HTzrQqa%2B8MukY%2BCUx%2B%2FHEB4N6APXg0CnpDmZeTKbl63fTqFrf%2BbEIyJFUvykrAbbs6QUP47t4m9Gv6hbzaFFgUMvElYLT2MX5S2eXRC7YpPmjfDJ9QTNzdCwi9PTx4YfYwF%2FNL02WDXVchUXM8dPUlg78m38GXrx%2F4rzZUum%2F3RGwHNIkfA%3D%3D','Slider',NULL),(8,NULL,'https://storage.googleapis.com/student-4a760.appspot.com/6e6f02cb-6b16-411e-985e-49614a804113.jpg?GoogleAccessId=firebase-adminsdk-60z3z@student-4a760.iam.gserviceaccount.com&Expires=6547628014&Signature=HmW%2Fql3VTadi0bU5Bhpw3VMiu5mR%2BYAnT%2BLU351pCP4rMhAa692OUc00ODyUuwX4eQDes8bNZ5kXcA9DC4vlSMzFmysqiBH6PJPbB1mlLOoDwK8Oo8KQmg%2B3Vqzjj%2BCqyJN4t1LTZbXPmC66AriUwjyl89txekXQ3B9aJcSLVOq41ABRJr8kytF7fNcJE%2FKZtPn1t%2BIkxeTnxNiufitj5cUlaL%2FyJB9Gz0X53WY%2BD%2BKlsmKXYflteOWADCr9G6KWsbs5ZYG5yPQWZ6oW4yB9lpBF%2F4AX1BEGIeMXRIoWYLoapBZkFgZRwWNMdnJFTYkGdpMUvZsyJ1LpODGhB2GzLA%3D%3D','Slider',NULL),(9,NULL,'https://storage.googleapis.com/student-4a760.appspot.com/4be33dfe-24d6-45bc-8dea-ab4e0afb3382.jpg?GoogleAccessId=firebase-adminsdk-60z3z@student-4a760.iam.gserviceaccount.com&Expires=6547628030&Signature=Gus4%2B9BHsaDjxiuKc1DhZMepr7kKQ53N%2FlG%2FnnBvXrh86hL4cWlXtxVQMlxO9h7O%2BmZQd1KXwO9k4IfNZNraL%2BDyXL521RJMlggb4L4EGtNU3I6Aj%2Byv9AO1EtS2OvAhGI%2B4FQCcUQ1XIn4QY3YgicrI0hoxDxcDWqfh%2Bv65RL57fYdtl45fljlrSf03RSBdqt%2FT%2B8unhELFSc4E%2B0ZIX37FXFmmqb%2F1Z9nIS6EItTbbp4FcHFmZny88nmaH0UJwYzlvd1v%2BpAgedNoGyMnSQJTFzjiGRhimELd5Tvv7eHDp6%2FxbR4efkhHgl%2FQzfZEVaU79Saz2F7D75EI5aRo7tQ%3D%3D','Slider',NULL),(10,NULL,'https://storage.googleapis.com/student-4a760.appspot.com/aedcd805-150c-469e-bdcc-fb375a8e9458.jpg?GoogleAccessId=firebase-adminsdk-60z3z@student-4a760.iam.gserviceaccount.com&Expires=6547628046&Signature=UFRG%2F956m9i7eknsOjMXu%2BV%2FYKxNl8ptjCzwXpNLvSTuM2npoGRSrIgZvfEdj5vDP1xHDdynbAIZOMI%2FotVTEcdf%2BQV7sM1hOB49E6rxJ3qpEcpXUhpNh9vlzgbIP9iz7ob8AJW0aj67A1t0y9hsZ9%2BGlAWBpHtbbvw8aBwaa4aYILF0Xq2ImtFj2A%2FiBp7LhbKO%2Bfq%2Bk3skxklJ2jfYwA%2F1c1TwyEd5IXhBrnLO9MrwR62FMF3N%2FPq5Jr4Xkx118%2BCtTbHQQG%2BPVpZqYIHX6DS9UXzIrq3Cl56D4APs%2B945mYphp%2FdhtQrK6lOCuOO0%2BvEfZ3VvCSm4oYw5w9NqUQ%3D%3D','Slider',NULL),(11,NULL,'https://storage.googleapis.com/student-4a760.appspot.com/f47ee1c6-114d-4095-938a-03554aef9f4c.jpg?GoogleAccessId=firebase-adminsdk-60z3z@student-4a760.iam.gserviceaccount.com&Expires=6547628061&Signature=DBMC4cx1h0B1m7nLBA1YAWbhdDafgS3iSQ96IAMTwQLtTD3iLTuIi9biXQy6ZE8UpQTqRGNiwZ5SbTcpOT7B8hDzXYLNHlfpbh2BJIy6qSxvYh7JlrR%2F3O2mpyKxqVaKyTHFg2fcoEbOSq8lPSrYt6uEYHB%2FOG3c8U8nTFfhh2jPq4Idy8MbPJ5UpAhsetfihpAFQtsR6mbMqabjWTBA0k1EkDVPV5sbbVhM26MtMOEUwgAbceA9w6%2BFGh8ilXHlm7Y1KiaqEM7r8PbmvDRRcofYEAtfP4guJXiOkEMrjG1FwM8cyrusZNjY1%2BMasodtz0%2F2Bdp6Vprz8SmgVjdSqQ%3D%3D','Slider',NULL),(12,NULL,'https://storage.googleapis.com/student-4a760.appspot.com/02e0f9d0-1775-492b-896f-84fe79c8edca.jpg?GoogleAccessId=firebase-adminsdk-60z3z@student-4a760.iam.gserviceaccount.com&Expires=6547629000&Signature=czsY7HNdrmOqidtV3JdpE7pftcDjo8zQLFIi0Gnn8POiDF7o5WOslqhPTXFa8XVsBfewrLxJ3rHssWxCUICpGSPYUJGukm0gkY9JuV76aDoE4%2FoamZwgpMarzsoBZTC80yAYoKgbT2rOtMpPRinFKDpp9w4LtMwab6x5GYyfMPXLcvt7V46tsqmEVeoPvimWMDnDbLGcYu4lEDWWzhTKK2TvpnWKftWs6qM3Gr0DwyZXUUBPMoahWMYeVdx17NpYZrEfDxnkoMCxK0JYFG7r7zI9Yzw0x%2F%2BP9ePtwuNFZQPnVzPDSu6NNCEOMMN4dffS2Wj9Er47bFohg4lVLcMPGg%3D%3D','Slider',NULL),(13,'Khoa Công nghệ thông tin mới được thành lập từ 10/10/2005 theo QĐ số 839/QĐ – NNI của Hiệu trưởng, gồm 5 Bộ môn với 70 CBCNV và gần 600 sinh viên. Tuy vậy, Chương trình đào tạo đại học ngành Tin học đã được triển khai từ 25/1/2002 theo QĐ số 439/ QĐ/BGD&ĐT-ĐH của Bộ trưởng Bộ giáo dục và Đào tạo nhằm đáp ứng yêu cầu đào tạo nhân lực CNTT cho công cuộc Công nghiệp hóa, hiện đại hóa đất nước nói chung và cho lĩnh vực Hiện đại hóa Nông nghiệp nói riêng. Khoa hiện nay bao gồm 5 bộ môn (Công nghệ phần mềm, Khoa học máy tính, Toán, Toán-Tin ứng dụng, Vật lý), trong đó có một số bộ môn của Khoa đã có bề dày truyền thống như các Bộ môn Toán và Vật lý được thành lập từ ngày thành lập trường, và bộ môn CNPM và KHMT được phát triển từ Trung tâm Tin học thành lập từ đầu những năm 1980.','https://storage.googleapis.com/student-4a760.appspot.com/da2a47ae-a567-46f2-8cf5-ebc0451b79db.jpg?GoogleAccessId=firebase-adminsdk-60z3z@student-4a760.iam.gserviceaccount.com&Expires=6547628110&Signature=KFj4irIIKaw%2F%2FF1tyi8wi2WSIW8eD7EjkxPOOvPzKyS1uZFNksrxkS0zA7S6a%2BcNep0UnjGyp835GYG020zM25hlxRsaJcpBzLMzKgHKIFfI2pzOKWQQNJda70YXiWM%2FtZpA1JDR%2BqjRPzm%2FnrL%2FdSddDCE5WdwC7bRl2MAPhjAg1yHlxUend3V8EtL2VKt8d0h0ydnNOJyoFsRLaOBIGmr3hw%2F8v7SaGLF8iS7JJeqy6B3yyjGCLx7VTc8IqrFcxLd6fwfybgq%2F32ahps%2BlmDiSI%2BWIBdtvrYKjebdUdVyN41k1IuMaw3XkIgaTAMZ%2FXexp%2B159uKU8sSh%2Fqh9hfA%3D%3D','HomeBody','Lịch sử phát triển'),(14,NULL,'https://storage.googleapis.com/student-4a760.appspot.com/02e0f9d0-1775-492b-896f-84fe79c8edca.jpg?GoogleAccessId=firebase-adminsdk-60z3z@student-4a760.iam.gserviceaccount.com&Expires=6547629000&Signature=czsY7HNdrmOqidtV3JdpE7pftcDjo8zQLFIi0Gnn8POiDF7o5WOslqhPTXFa8XVsBfewrLxJ3rHssWxCUICpGSPYUJGukm0gkY9JuV76aDoE4%2FoamZwgpMarzsoBZTC80yAYoKgbT2rOtMpPRinFKDpp9w4LtMwab6x5GYyfMPXLcvt7V46tsqmEVeoPvimWMDnDbLGcYu4lEDWWzhTKK2TvpnWKftWs6qM3Gr0DwyZXUUBPMoahWMYeVdx17NpYZrEfDxnkoMCxK0JYFG7r7zI9Yzw0x%2F%2BP9ePtwuNFZQPnVzPDSu6NNCEOMMN4dffS2Wj9Er47bFohg4lVLcMPGg%3D%3D','Swiper',NULL),(15,NULL,'https://storage.googleapis.com/student-4a760.appspot.com/02e0f9d0-1775-492b-896f-84fe79c8edca.jpg?GoogleAccessId=firebase-adminsdk-60z3z@student-4a760.iam.gserviceaccount.com&Expires=6547629000&Signature=czsY7HNdrmOqidtV3JdpE7pftcDjo8zQLFIi0Gnn8POiDF7o5WOslqhPTXFa8XVsBfewrLxJ3rHssWxCUICpGSPYUJGukm0gkY9JuV76aDoE4%2FoamZwgpMarzsoBZTC80yAYoKgbT2rOtMpPRinFKDpp9w4LtMwab6x5GYyfMPXLcvt7V46tsqmEVeoPvimWMDnDbLGcYu4lEDWWzhTKK2TvpnWKftWs6qM3Gr0DwyZXUUBPMoahWMYeVdx17NpYZrEfDxnkoMCxK0JYFG7r7zI9Yzw0x%2F%2BP9ePtwuNFZQPnVzPDSu6NNCEOMMN4dffS2Wj9Er47bFohg4lVLcMPGg%3D%3D','Swiper',NULL),(16,NULL,'https://storage.googleapis.com/student-4a760.appspot.com/02e0f9d0-1775-492b-896f-84fe79c8edca.jpg?GoogleAccessId=firebase-adminsdk-60z3z@student-4a760.iam.gserviceaccount.com&Expires=6547629000&Signature=czsY7HNdrmOqidtV3JdpE7pftcDjo8zQLFIi0Gnn8POiDF7o5WOslqhPTXFa8XVsBfewrLxJ3rHssWxCUICpGSPYUJGukm0gkY9JuV76aDoE4%2FoamZwgpMarzsoBZTC80yAYoKgbT2rOtMpPRinFKDpp9w4LtMwab6x5GYyfMPXLcvt7V46tsqmEVeoPvimWMDnDbLGcYu4lEDWWzhTKK2TvpnWKftWs6qM3Gr0DwyZXUUBPMoahWMYeVdx17NpYZrEfDxnkoMCxK0JYFG7r7zI9Yzw0x%2F%2BP9ePtwuNFZQPnVzPDSu6NNCEOMMN4dffS2Wj9Er47bFohg4lVLcMPGg%3D%3D','Swiper',NULL),(17,NULL,'https://storage.googleapis.com/student-4a760.appspot.com/02e0f9d0-1775-492b-896f-84fe79c8edca.jpg?GoogleAccessId=firebase-adminsdk-60z3z@student-4a760.iam.gserviceaccount.com&Expires=6547629000&Signature=czsY7HNdrmOqidtV3JdpE7pftcDjo8zQLFIi0Gnn8POiDF7o5WOslqhPTXFa8XVsBfewrLxJ3rHssWxCUICpGSPYUJGukm0gkY9JuV76aDoE4%2FoamZwgpMarzsoBZTC80yAYoKgbT2rOtMpPRinFKDpp9w4LtMwab6x5GYyfMPXLcvt7V46tsqmEVeoPvimWMDnDbLGcYu4lEDWWzhTKK2TvpnWKftWs6qM3Gr0DwyZXUUBPMoahWMYeVdx17NpYZrEfDxnkoMCxK0JYFG7r7zI9Yzw0x%2F%2BP9ePtwuNFZQPnVzPDSu6NNCEOMMN4dffS2Wj9Er47bFohg4lVLcMPGg%3D%3D','Swiper',NULL),(18,NULL,'https://storage.googleapis.com/student-4a760.appspot.com/02e0f9d0-1775-492b-896f-84fe79c8edca.jpg?GoogleAccessId=firebase-adminsdk-60z3z@student-4a760.iam.gserviceaccount.com&Expires=6547629000&Signature=czsY7HNdrmOqidtV3JdpE7pftcDjo8zQLFIi0Gnn8POiDF7o5WOslqhPTXFa8XVsBfewrLxJ3rHssWxCUICpGSPYUJGukm0gkY9JuV76aDoE4%2FoamZwgpMarzsoBZTC80yAYoKgbT2rOtMpPRinFKDpp9w4LtMwab6x5GYyfMPXLcvt7V46tsqmEVeoPvimWMDnDbLGcYu4lEDWWzhTKK2TvpnWKftWs6qM3Gr0DwyZXUUBPMoahWMYeVdx17NpYZrEfDxnkoMCxK0JYFG7r7zI9Yzw0x%2F%2BP9ePtwuNFZQPnVzPDSu6NNCEOMMN4dffS2Wj9Er47bFohg4lVLcMPGg%3D%3D','Swiper',NULL),(19,NULL,'https://storage.googleapis.com/student-4a760.appspot.com/02e0f9d0-1775-492b-896f-84fe79c8edca.jpg?GoogleAccessId=firebase-adminsdk-60z3z@student-4a760.iam.gserviceaccount.com&Expires=6547629000&Signature=czsY7HNdrmOqidtV3JdpE7pftcDjo8zQLFIi0Gnn8POiDF7o5WOslqhPTXFa8XVsBfewrLxJ3rHssWxCUICpGSPYUJGukm0gkY9JuV76aDoE4%2FoamZwgpMarzsoBZTC80yAYoKgbT2rOtMpPRinFKDpp9w4LtMwab6x5GYyfMPXLcvt7V46tsqmEVeoPvimWMDnDbLGcYu4lEDWWzhTKK2TvpnWKftWs6qM3Gr0DwyZXUUBPMoahWMYeVdx17NpYZrEfDxnkoMCxK0JYFG7r7zI9Yzw0x%2F%2BP9ePtwuNFZQPnVzPDSu6NNCEOMMN4dffS2Wj9Er47bFohg4lVLcMPGg%3D%3D','Swiper',NULL),(20,NULL,'https://storage.googleapis.com/student-4a760.appspot.com/02e0f9d0-1775-492b-896f-84fe79c8edca.jpg?GoogleAccessId=firebase-adminsdk-60z3z@student-4a760.iam.gserviceaccount.com&Expires=6547629000&Signature=czsY7HNdrmOqidtV3JdpE7pftcDjo8zQLFIi0Gnn8POiDF7o5WOslqhPTXFa8XVsBfewrLxJ3rHssWxCUICpGSPYUJGukm0gkY9JuV76aDoE4%2FoamZwgpMarzsoBZTC80yAYoKgbT2rOtMpPRinFKDpp9w4LtMwab6x5GYyfMPXLcvt7V46tsqmEVeoPvimWMDnDbLGcYu4lEDWWzhTKK2TvpnWKftWs6qM3Gr0DwyZXUUBPMoahWMYeVdx17NpYZrEfDxnkoMCxK0JYFG7r7zI9Yzw0x%2F%2BP9ePtwuNFZQPnVzPDSu6NNCEOMMN4dffS2Wj9Er47bFohg4lVLcMPGg%3D%3D','Swiper',NULL),(21,NULL,'https://storage.googleapis.com/student-4a760.appspot.com/02e0f9d0-1775-492b-896f-84fe79c8edca.jpg?GoogleAccessId=firebase-adminsdk-60z3z@student-4a760.iam.gserviceaccount.com&Expires=6547629000&Signature=czsY7HNdrmOqidtV3JdpE7pftcDjo8zQLFIi0Gnn8POiDF7o5WOslqhPTXFa8XVsBfewrLxJ3rHssWxCUICpGSPYUJGukm0gkY9JuV76aDoE4%2FoamZwgpMarzsoBZTC80yAYoKgbT2rOtMpPRinFKDpp9w4LtMwab6x5GYyfMPXLcvt7V46tsqmEVeoPvimWMDnDbLGcYu4lEDWWzhTKK2TvpnWKftWs6qM3Gr0DwyZXUUBPMoahWMYeVdx17NpYZrEfDxnkoMCxK0JYFG7r7zI9Yzw0x%2F%2BP9ePtwuNFZQPnVzPDSu6NNCEOMMN4dffS2Wj9Er47bFohg4lVLcMPGg%3D%3D','Swiper',NULL),(22,NULL,'https://storage.googleapis.com/student-4a760.appspot.com/02e0f9d0-1775-492b-896f-84fe79c8edca.jpg?GoogleAccessId=firebase-adminsdk-60z3z@student-4a760.iam.gserviceaccount.com&Expires=6547629000&Signature=czsY7HNdrmOqidtV3JdpE7pftcDjo8zQLFIi0Gnn8POiDF7o5WOslqhPTXFa8XVsBfewrLxJ3rHssWxCUICpGSPYUJGukm0gkY9JuV76aDoE4%2FoamZwgpMarzsoBZTC80yAYoKgbT2rOtMpPRinFKDpp9w4LtMwab6x5GYyfMPXLcvt7V46tsqmEVeoPvimWMDnDbLGcYu4lEDWWzhTKK2TvpnWKftWs6qM3Gr0DwyZXUUBPMoahWMYeVdx17NpYZrEfDxnkoMCxK0JYFG7r7zI9Yzw0x%2F%2BP9ePtwuNFZQPnVzPDSu6NNCEOMMN4dffS2Wj9Er47bFohg4lVLcMPGg%3D%3D','Swiper',NULL),(23,NULL,'https://storage.googleapis.com/student-4a760.appspot.com/02e0f9d0-1775-492b-896f-84fe79c8edca.jpg?GoogleAccessId=firebase-adminsdk-60z3z@student-4a760.iam.gserviceaccount.com&Expires=6547629000&Signature=czsY7HNdrmOqidtV3JdpE7pftcDjo8zQLFIi0Gnn8POiDF7o5WOslqhPTXFa8XVsBfewrLxJ3rHssWxCUICpGSPYUJGukm0gkY9JuV76aDoE4%2FoamZwgpMarzsoBZTC80yAYoKgbT2rOtMpPRinFKDpp9w4LtMwab6x5GYyfMPXLcvt7V46tsqmEVeoPvimWMDnDbLGcYu4lEDWWzhTKK2TvpnWKftWs6qM3Gr0DwyZXUUBPMoahWMYeVdx17NpYZrEfDxnkoMCxK0JYFG7r7zI9Yzw0x%2F%2BP9ePtwuNFZQPnVzPDSu6NNCEOMMN4dffS2Wj9Er47bFohg4lVLcMPGg%3D%3D','Swiper',NULL),(24,'Hệ thống giảng đường trung tâm của Học viện Nông nghiệp Việt Nam đều được trang bị máy chiếu projector. Hệ thống phòng thực hành máy tính của khoa CNTT gồm có 05 phòng được trang bị thiết bị máy tính hiện đại, màn hình cỡ lớn hoặc projector, kết nối mạng Internet thông qua hệ thống mạng nội bộ của trường để đáp ứng nhu cầu học tập của sinh viên trong toàn trường.','https://storage.googleapis.com/student-4a760.appspot.com/02e0f9d0-1775-492b-896f-84fe79c8edca.jpg?GoogleAccessId=firebase-adminsdk-60z3z@student-4a760.iam.gserviceaccount.com&Expires=6547629000&Signature=czsY7HNdrmOqidtV3JdpE7pftcDjo8zQLFIi0Gnn8POiDF7o5WOslqhPTXFa8XVsBfewrLxJ3rHssWxCUICpGSPYUJGukm0gkY9JuV76aDoE4%2FoamZwgpMarzsoBZTC80yAYoKgbT2rOtMpPRinFKDpp9w4LtMwab6x5GYyfMPXLcvt7V46tsqmEVeoPvimWMDnDbLGcYu4lEDWWzhTKK2TvpnWKftWs6qM3Gr0DwyZXUUBPMoahWMYeVdx17NpYZrEfDxnkoMCxK0JYFG7r7zI9Yzw0x%2F%2BP9ePtwuNFZQPnVzPDSu6NNCEOMMN4dffS2Wj9Er47bFohg4lVLcMPGg%3D%3D','HomeBody','Cơ sở vật chất'),(25,'Các công trình NCKH trong lĩnh vực CNTT và CNTT ứng dụng cũng đã được thực hiện ngay từ những thời kỳ đầu tiên. Trong giai đoạn 1999-2005, các thầy cô cùng các em sinh viên trong Khoa đã thực hiện nhiều đề tài NCKH có tính ứng dụng cao, đóng góp vào sự nghiệp NCKH của nhà trường. Khoa đã xây dựng và ứng dụng thành công nhiều phần mềm trong nhiều lĩnh vực của nông nghiệp như quy hoạch sử dụng đất, GIS, viễn thám, sinh học, kinh tế, quản lý giáo dục. Trong giai đoạn 2006-2010, bên cạnh việc nâng cao chất lượng đào tạo nhân lực CNTT cho đất nước, Khoa CNTT đã xây dựng được định hướng NCKH của mình: Chú trọng các lĩnh vực Tin Sinh học, ứng dụng công nghệ GIS, viễn thám và mô hình mô phỏng trong quản lý và quy hoạch tài nguyên, thiết kế các phần mềm xử lý thống kê, tối ưu hóa và các công cụ phát triển kiểm thử phần mềm, phát triển các cổng thông tin điện tử phục vụ đào tạo và dịch vụ, xây dựng các hệ thống thông tin, các hệ cơ sở dữ liệu chuẩn và hệ hỗ trợ ra quyết định, các ứng dụng của Toán, Tin học và Vật lý trong sinh học và nông nghiệp và quản lý thông tin, phát triển và ứng dụng các phương pháp tính toán khoa học. Trong giai đoạn 2010-2019, các thầy cô cùng các em sinh viên trong Khoa đã thực hiện nhiều đề tài NCKH có tính ứng dụng cao, đóng góp vào sự nghiệp NCKH của nhà trường. Khoa đã xây dựng và ứng dụng thành công nhiều phần mềm trong nhiều lĩnh vực của nông nghiệp như quy hoạch sử dụng đất, GIS, viễn thám, sinh học, kinh tế, quản lý giáo dục.Trong giai đoạn tiếp theo, bên cạnh việc nâng cao chất lượng đào tạo nhân lực CNTT cho đất nước, Khoa CNTT đã xây dựng được định hướng NCKH của mình: Chú trọng các lĩnh vực Tin Sinh học, Xử lý ảnh, Trí tuệ nhân tạo, ứng dụng công nghệ GIS, viễn thám và mô hình mô phỏng trong quản lý và quy hoạch tài nguyên, thiết kế các phần mềm xử lý thống kê, tối ưu hóa và các công cụ phát triển kiểm thử phần mềm, phát triển các cổng thông tin điện tử phục vụ đào tạo và dịch vụ, xây dựng các hệ thống thông tin, các hệ cơ sở dữ liệu chuẩn và hệ hỗ trợ ra quyết định, các ứng dụng của Toán, Tin học và Vật lý trong sinh học và nông nghiệp và quản lý thông tin, phát triển và ứng dụng các phương pháp tính toán khoa học. Từ năm 2018, Khoa thành lập nhóm Nghiên cứu mạnh “Ứng dụng Công nghệ thông tin trong nông nghiệp” và đã đạt những thành tựu bước đầu, góp phần thúc đẩy tinh thần NCKH của các thành viên trong nhóm, tạo ra nhiều sản phẩm ứng dụng trong lĩnh vực Nông nghiệp.','https://storage.googleapis.com/student-4a760.appspot.com/02e0f9d0-1775-492b-896f-84fe79c8edca.jpg?GoogleAccessId=firebase-adminsdk-60z3z@student-4a760.iam.gserviceaccount.com&Expires=6547629000&Signature=czsY7HNdrmOqidtV3JdpE7pftcDjo8zQLFIi0Gnn8POiDF7o5WOslqhPTXFa8XVsBfewrLxJ3rHssWxCUICpGSPYUJGukm0gkY9JuV76aDoE4%2FoamZwgpMarzsoBZTC80yAYoKgbT2rOtMpPRinFKDpp9w4LtMwab6x5GYyfMPXLcvt7V46tsqmEVeoPvimWMDnDbLGcYu4lEDWWzhTKK2TvpnWKftWs6qM3Gr0DwyZXUUBPMoahWMYeVdx17NpYZrEfDxnkoMCxK0JYFG7r7zI9Yzw0x%2F%2BP9ePtwuNFZQPnVzPDSu6NNCEOMMN4dffS2Wj9Er47bFohg4lVLcMPGg%3D%3D','HomeBody','Các công trình nghiên cứu khoa học'),(26,'Phấn đấu trở thành một trung tâm đào tạo nhân lực công nghệ thông tin có uy tín cao trong nước. Phấn đấu trở thành một trung tâm nghiên cứu ứng dụng và phát triển công nghệ thông tin, đặc biệt trong lĩnh vực nông nghiệp và quản lý tài nguyên.','https://storage.googleapis.com/student-4a760.appspot.com/02e0f9d0-1775-492b-896f-84fe79c8edca.jpg?GoogleAccessId=firebase-adminsdk-60z3z@student-4a760.iam.gserviceaccount.com&Expires=6547629000&Signature=czsY7HNdrmOqidtV3JdpE7pftcDjo8zQLFIi0Gnn8POiDF7o5WOslqhPTXFa8XVsBfewrLxJ3rHssWxCUICpGSPYUJGukm0gkY9JuV76aDoE4%2FoamZwgpMarzsoBZTC80yAYoKgbT2rOtMpPRinFKDpp9w4LtMwab6x5GYyfMPXLcvt7V46tsqmEVeoPvimWMDnDbLGcYu4lEDWWzhTKK2TvpnWKftWs6qM3Gr0DwyZXUUBPMoahWMYeVdx17NpYZrEfDxnkoMCxK0JYFG7r7zI9Yzw0x%2F%2BP9ePtwuNFZQPnVzPDSu6NNCEOMMN4dffS2Wj9Er47bFohg4lVLcMPGg%3D%3D','HomeBody','Tầm Nhìn'),(27,'Là đơn vị có vai trò quan trọng của Học viện Nông nghiệp Việt Nam, đảm bảo đạt chất lượng cao trong đào tạo, khoa học công nghệ làm tốt vai trò tư vấn và cung cấp các giải pháp công nghệ thông tin.','https://storage.googleapis.com/student-4a760.appspot.com/02e0f9d0-1775-492b-896f-84fe79c8edca.jpg?GoogleAccessId=firebase-adminsdk-60z3z@student-4a760.iam.gserviceaccount.com&Expires=6547629000&Signature=czsY7HNdrmOqidtV3JdpE7pftcDjo8zQLFIi0Gnn8POiDF7o5WOslqhPTXFa8XVsBfewrLxJ3rHssWxCUICpGSPYUJGukm0gkY9JuV76aDoE4%2FoamZwgpMarzsoBZTC80yAYoKgbT2rOtMpPRinFKDpp9w4LtMwab6x5GYyfMPXLcvt7V46tsqmEVeoPvimWMDnDbLGcYu4lEDWWzhTKK2TvpnWKftWs6qM3Gr0DwyZXUUBPMoahWMYeVdx17NpYZrEfDxnkoMCxK0JYFG7r7zI9Yzw0x%2F%2BP9ePtwuNFZQPnVzPDSu6NNCEOMMN4dffS2Wj9Er47bFohg4lVLcMPGg%3D%3D','HomeBody','Sứ Mệnh'),(28,'Có điều gì thắc mắc hay đóng góp ý kiến cá nhân hãy gửi cho chúng tôi bạn sẽ nhận được giải đáp sớm nhất. Xin cảm ơn !','https://storage.googleapis.com/student-4a760.appspot.com/02e0f9d0-1775-492b-896f-84fe79c8edca.jpg?GoogleAccessId=firebase-adminsdk-60z3z@student-4a760.iam.gserviceaccount.com&Expires=6547629000&Signature=czsY7HNdrmOqidtV3JdpE7pftcDjo8zQLFIi0Gnn8POiDF7o5WOslqhPTXFa8XVsBfewrLxJ3rHssWxCUICpGSPYUJGukm0gkY9JuV76aDoE4%2FoamZwgpMarzsoBZTC80yAYoKgbT2rOtMpPRinFKDpp9w4LtMwab6x5GYyfMPXLcvt7V46tsqmEVeoPvimWMDnDbLGcYu4lEDWWzhTKK2TvpnWKftWs6qM3Gr0DwyZXUUBPMoahWMYeVdx17NpYZrEfDxnkoMCxK0JYFG7r7zI9Yzw0x%2F%2BP9ePtwuNFZQPnVzPDSu6NNCEOMMN4dffS2Wj9Er47bFohg4lVLcMPGg%3D%3D','HomeBody','NƠI TIẾP NHẬN PHẢN HỒI');
/*!40000 ALTER TABLE `displays` ENABLE KEYS */;
UNLOCK TABLES;

--
-- Table structure for table `documents`
--

DROP TABLE IF EXISTS `documents`;
/*!40101 SET @saved_cs_client     = @@character_set_client */;
/*!50503 SET character_set_client = utf8mb4 */;
CREATE TABLE `documents` (
  `id` bigint NOT NULL AUTO_INCREMENT,
  `is_checked` bit(1) DEFAULT NULL,
  `link` varchar(1000) DEFAULT NULL,
  `post_date` datetime(6) DEFAULT NULL,
  `title` varchar(1000) DEFAULT NULL,
  `type` varchar(200) DEFAULT NULL,
  `student_id` varchar(100) DEFAULT NULL,
  PRIMARY KEY (`id`),
  KEY `FK1men4i9k1s1t8bfm9clnsv9ko` (`student_id`),
  CONSTRAINT `FK1men4i9k1s1t8bfm9clnsv9ko` FOREIGN KEY (`student_id`) REFERENCES `students` (`id`)
) ENGINE=InnoDB DEFAULT CHARSET=utf8mb4 COLLATE=utf8mb4_0900_ai_ci;
/*!40101 SET character_set_client = @saved_cs_client */;

--
-- Dumping data for table `documents`
--

LOCK TABLES `documents` WRITE;
/*!40000 ALTER TABLE `documents` DISABLE KEYS */;
/*!40000 ALTER TABLE `documents` ENABLE KEYS */;
UNLOCK TABLES;

--
-- Table structure for table `faculty_term`
--

DROP TABLE IF EXISTS `faculty_term`;
/*!40101 SET @saved_cs_client     = @@character_set_client */;
/*!50503 SET character_set_client = utf8mb4 */;
CREATE TABLE `faculty_term` (
  `id` int NOT NULL AUTO_INCREMENT,
  `dropout_with_permission` int DEFAULT NULL,
  `dropout_without_permission` int DEFAULT NULL,
  `excellent` int DEFAULT NULL,
  `fair` int DEFAULT NULL,
  `good` int DEFAULT NULL,
  `medium` int DEFAULT NULL,
  `weak` int DEFAULT NULL,
  `worst` int DEFAULT NULL,
  `term_id` varchar(100) DEFAULT NULL,
  PRIMARY KEY (`id`),
  UNIQUE KEY `UK_43qmvb6c7wcbtmygc45i2b8b4` (`term_id`),
  CONSTRAINT `FKtinbgubx7lth63b3s9fy15x7k` FOREIGN KEY (`term_id`) REFERENCES `terms` (`id`)
) ENGINE=InnoDB AUTO_INCREMENT=64 DEFAULT CHARSET=utf8mb4 COLLATE=utf8mb4_0900_ai_ci;
/*!40101 SET character_set_client = @saved_cs_client */;

--
-- Dumping data for table `faculty_term`
--

LOCK TABLES `faculty_term` WRITE;
/*!40000 ALTER TABLE `faculty_term` DISABLE KEYS */;
INSERT INTO `faculty_term` VALUES (48,0,0,0,0,1,1,0,0,'20161'),(49,0,0,0,0,0,2,0,0,'20162'),(50,0,0,0,5,0,0,0,0,'20171'),(51,0,0,0,3,1,1,0,0,'20172'),(52,1,5,1,1,3,2,0,0,'20181'),(53,7,6,4,0,2,1,0,0,'20182'),(54,12,16,2,2,2,3,0,0,'20191'),(55,4,1,4,2,1,2,0,0,'20192'),(56,24,20,26,34,19,22,0,0,'20201'),(57,0,0,21,33,14,33,0,0,'20202'),(58,0,0,17,40,25,26,0,0,'20211'),(59,0,0,25,34,16,33,0,0,'20212'),(60,0,0,5,3,3,1,0,0,'20221'),(61,0,0,3,2,0,7,0,0,'20222'),(62,0,0,2,5,2,3,0,0,'20231'),(63,0,0,1,0,0,0,0,0,'20232');
/*!40000 ALTER TABLE `faculty_term` ENABLE KEYS */;
UNLOCK TABLES;

--
-- Table structure for table `majors`
--

DROP TABLE IF EXISTS `majors`;
/*!40101 SET @saved_cs_client     = @@character_set_client */;
/*!50503 SET character_set_client = utf8mb4 */;
CREATE TABLE `majors` (
  `id` varchar(100) NOT NULL,
  `name` varchar(200) DEFAULT NULL,
  `total_credits` int DEFAULT NULL,
  PRIMARY KEY (`id`)
) ENGINE=InnoDB DEFAULT CHARSET=utf8mb4 COLLATE=utf8mb4_0900_ai_ci;
/*!40101 SET character_set_client = @saved_cs_client */;

--
-- Dumping data for table `majors`
--

LOCK TABLES `majors` WRITE;
/*!40000 ALTER TABLE `majors` DISABLE KEYS */;
INSERT INTO `majors` VALUES ('CNTT','Công nghệ thông tin',130),('MMT','Mạng máy tính và truyền thông dữ liệu',130),('TTNT','Khoa học dữ liệu và trí tuệ nhân tạo',130);
/*!40000 ALTER TABLE `majors` ENABLE KEYS */;
UNLOCK TABLES;

--
-- Table structure for table `majors_terms`
--

DROP TABLE IF EXISTS `majors_terms`;
/*!40101 SET @saved_cs_client     = @@character_set_client */;
/*!50503 SET character_set_client = utf8mb4 */;
CREATE TABLE `majors_terms` (
  `id` bigint NOT NULL AUTO_INCREMENT,
  `excellent` int DEFAULT NULL,
  `fair` int DEFAULT NULL,
  `good` int DEFAULT NULL,
  `medium` int DEFAULT NULL,
  `weak` int DEFAULT NULL,
  `worst` int DEFAULT NULL,
  `major_id` varchar(100) DEFAULT NULL,
  `term_id` varchar(100) DEFAULT NULL,
  PRIMARY KEY (`id`),
  KEY `FKd82auhh15s3g2gblsj8m5dl72` (`major_id`),
  KEY `FKgd3ftt364x3civ12j87c8g4yb` (`term_id`),
  CONSTRAINT `FKd82auhh15s3g2gblsj8m5dl72` FOREIGN KEY (`major_id`) REFERENCES `majors` (`id`),
  CONSTRAINT `FKgd3ftt364x3civ12j87c8g4yb` FOREIGN KEY (`term_id`) REFERENCES `terms` (`id`)
) ENGINE=InnoDB AUTO_INCREMENT=90 DEFAULT CHARSET=utf8mb4 COLLATE=utf8mb4_0900_ai_ci;
/*!40101 SET character_set_client = @saved_cs_client */;

--
-- Dumping data for table `majors_terms`
--

LOCK TABLES `majors_terms` WRITE;
/*!40000 ALTER TABLE `majors_terms` DISABLE KEYS */;
INSERT INTO `majors_terms` VALUES (46,0,0,1,0,0,0,'CNTT','20161'),(47,0,0,0,1,0,0,'MMT','20161'),(48,0,0,0,1,0,0,'CNTT','20162'),(49,0,0,0,1,0,0,'MMT','20162'),(50,0,2,0,0,0,0,'CNTT','20171'),(51,0,2,0,0,0,0,'MMT','20171'),(52,0,1,0,0,0,0,'TTNT','20171'),(53,0,2,0,0,0,0,'CNTT','20172'),(54,0,0,1,1,0,0,'MMT','20172'),(55,0,1,0,0,0,0,'TTNT','20172'),(56,0,1,0,2,0,0,'CNTT','20181'),(57,1,0,1,0,0,0,'MMT','20181'),(58,0,0,2,0,0,0,'TTNT','20181'),(59,2,0,1,0,0,0,'CNTT','20182'),(60,1,0,0,1,0,0,'MMT','20182'),(61,1,0,1,0,0,0,'TTNT','20182'),(62,1,1,0,3,0,0,'CNTT','20191'),(63,1,1,1,0,0,0,'MMT','20191'),(64,0,0,1,0,0,0,'TTNT','20191'),(65,1,2,1,1,0,0,'CNTT','20192'),(66,2,0,0,1,0,0,'MMT','20192'),(67,1,0,0,0,0,0,'TTNT','20192'),(68,12,16,9,5,0,0,'CNTT','20201'),(69,7,12,4,7,0,0,'MMT','20201'),(70,7,6,6,10,0,0,'TTNT','20201'),(71,14,8,7,13,0,0,'CNTT','20202'),(72,4,13,4,9,0,0,'MMT','20202'),(73,3,12,3,11,0,0,'TTNT','20202'),(74,7,18,6,13,0,0,'CNTT','20211'),(75,5,11,10,6,0,0,'MMT','20211'),(76,5,11,9,7,0,0,'TTNT','20211'),(77,14,12,9,9,0,0,'CNTT','20212'),(78,7,11,4,10,0,0,'MMT','20212'),(79,4,11,3,14,0,0,'TTNT','20212'),(80,2,1,2,0,0,0,'CNTT','20221'),(81,1,1,1,1,0,0,'MMT','20221'),(82,2,1,0,0,0,0,'TTNT','20221'),(83,3,1,0,1,0,0,'CNTT','20222'),(84,0,1,0,3,0,0,'MMT','20222'),(85,0,0,0,3,0,0,'TTNT','20222'),(86,1,3,1,0,0,0,'CNTT','20231'),(87,0,1,0,3,0,0,'MMT','20231'),(88,1,1,1,0,0,0,'TTNT','20231'),(89,1,0,0,0,0,0,'CNTT','20232');
/*!40000 ALTER TABLE `majors_terms` ENABLE KEYS */;
UNLOCK TABLES;

--
-- Table structure for table `news`
--

DROP TABLE IF EXISTS `news`;
/*!40101 SET @saved_cs_client     = @@character_set_client */;
/*!50503 SET character_set_client = utf8mb4 */;
CREATE TABLE `news` (
  `id` bigint NOT NULL AUTO_INCREMENT,
  `content` longtext,
  `is_deleted` bit(1) DEFAULT NULL,
  `post_date` datetime(6) DEFAULT NULL,
  `title` varchar(1000) DEFAULT NULL,
  `type` varchar(200) DEFAULT NULL,
  PRIMARY KEY (`id`)
) ENGINE=InnoDB DEFAULT CHARSET=utf8mb4 COLLATE=utf8mb4_0900_ai_ci;
/*!40101 SET character_set_client = @saved_cs_client */;

--
-- Dumping data for table `news`
--

LOCK TABLES `news` WRITE;
/*!40000 ALTER TABLE `news` DISABLE KEYS */;
/*!40000 ALTER TABLE `news` ENABLE KEYS */;
UNLOCK TABLES;

--
-- Table structure for table `permissions`
--

DROP TABLE IF EXISTS `permissions`;
/*!40101 SET @saved_cs_client     = @@character_set_client */;
/*!50503 SET character_set_client = utf8mb4 */;
CREATE TABLE `permissions` (
  `id` varchar(100) NOT NULL,
  `name` varchar(100) DEFAULT NULL,
  `type` varchar(100) DEFAULT NULL,
  PRIMARY KEY (`id`)
) ENGINE=InnoDB DEFAULT CHARSET=utf8mb4 COLLATE=utf8mb4_0900_ai_ci;
/*!40101 SET character_set_client = @saved_cs_client */;

--
-- Dumping data for table `permissions`
--

LOCK TABLES `permissions` WRITE;
/*!40000 ALTER TABLE `permissions` DISABLE KEYS */;
INSERT INTO `permissions` VALUES ('CREATE_POINT','Thêm điểm','ADMIN'),('CREATE_STUDENT','Thêm sinh viên','ADMIN'),('CREATE_STUDENT_STATUS','Thêm trạng thái cho sinh viên','ADMIN'),('DELETE_POINT','Xóa điểm','ADMIN'),('DELETE_STUDENT','Xóa sinh viên','ADMIN'),('DELETE_STUDENT_STATUS','Xoá trạng thái sinh viên','ADMIN'),('EXPORT_POINT','Xuất danh sách điểm','ADMIN'),('EXPORT_STUDENT','Xuất danh sách sinh viên','ADMIN'),('GET_CLASS_STATISTIC','Thống kê lớp','MOD'),('GET_COURSE_STATISTIC','Thống kê khoá','MOD'),('GET_DISPLAY_LIST','Lấy danh sách hiển thị','MOD'),('GET_FACULTY_STATISTIC','Thống kê số sinh viên bỏ học và xin thôi học','MOD'),('GET_MAJOR_STATISTIC','Thống kê ngành','MOD'),('GET_POINT_LIST','Lấy danh sách điểm','ADMIN'),('GET_STUDENT_LIST','Lấy danh sách sinh viên','ADMIN'),('GET_STUDENT_STATISTIC','Thống kê sinh viên','MOD'),('GET_STUDENT_STATUS_LIST','Lấy danh sách trạng thái sinh viên','ADMIN'),('IMPORT_POINT','Import điểm từ excel','ADMIN'),('IMPORT_STUDENT','Import sinh viên từ excel','ADMIN'),('RESTORE_POINT','Khôi phục điểm','ADMIN'),('RESTORE_STUDENT','Khôi phục sinh viên','ADMIN'),('UPDATE_DISPLAY','Cập nhật hiển thị','MOD'),('UPDATE_POINT','Sửa điểm','ADMIN'),('UPDATE_STUDENT','Sửa sinh viên','ADMIN'),('UPDATE_STUDENT_PROFILE','Cập nhật hồ sơ sinh viên','STUDENT'),('UPDATE_STUDENT_STATUS','Sửa trạng thái sinh viên','ADMIN');
/*!40000 ALTER TABLE `permissions` ENABLE KEYS */;
UNLOCK TABLES;

--
-- Table structure for table `roles`
--

DROP TABLE IF EXISTS `roles`;
/*!40101 SET @saved_cs_client     = @@character_set_client */;
/*!50503 SET character_set_client = utf8mb4 */;
CREATE TABLE `roles` (
  `id` varchar(100) NOT NULL,
  `name` varchar(200) DEFAULT NULL,
  PRIMARY KEY (`id`)
) ENGINE=InnoDB DEFAULT CHARSET=utf8mb4 COLLATE=utf8mb4_0900_ai_ci;
/*!40101 SET character_set_client = @saved_cs_client */;

--
-- Dumping data for table `roles`
--

LOCK TABLES `roles` WRITE;
/*!40000 ALTER TABLE `roles` DISABLE KEYS */;
INSERT INTO `roles` VALUES ('ADMIN','Quản trị viên'),('MOD','Kiểm duyệt viên'),('STUDENT','Sinh viên'),('SUPERADMIN','Quản trị viên cấp cao');
/*!40000 ALTER TABLE `roles` ENABLE KEYS */;
UNLOCK TABLES;

--
-- Table structure for table `roles_permissions`
--

DROP TABLE IF EXISTS `roles_permissions`;
/*!40101 SET @saved_cs_client     = @@character_set_client */;
/*!50503 SET character_set_client = utf8mb4 */;
CREATE TABLE `roles_permissions` (
  `role_id` varchar(100) NOT NULL,
  `permission_id` varchar(100) NOT NULL,
  KEY `FKbx9r9uw77p58gsq4mus0mec0o` (`permission_id`),
  KEY `FKqi9odri6c1o81vjox54eedwyh` (`role_id`),
  CONSTRAINT `FKbx9r9uw77p58gsq4mus0mec0o` FOREIGN KEY (`permission_id`) REFERENCES `permissions` (`id`),
  CONSTRAINT `FKqi9odri6c1o81vjox54eedwyh` FOREIGN KEY (`role_id`) REFERENCES `roles` (`id`)
) ENGINE=InnoDB DEFAULT CHARSET=utf8mb4 COLLATE=utf8mb4_0900_ai_ci;
/*!40101 SET character_set_client = @saved_cs_client */;

--
-- Dumping data for table `roles_permissions`
--

LOCK TABLES `roles_permissions` WRITE;
/*!40000 ALTER TABLE `roles_permissions` DISABLE KEYS */;
INSERT INTO `roles_permissions` VALUES ('MOD','GET_CLASS_STATISTIC'),('MOD','GET_COURSE_STATISTIC'),('MOD','GET_DISPLAY_LIST'),('MOD','GET_FACULTY_STATISTIC'),('MOD','GET_MAJOR_STATISTIC'),('MOD','GET_STUDENT_STATISTIC'),('MOD','UPDATE_DISPLAY'),('ADMIN','CREATE_STUDENT'),('ADMIN','EXPORT_POINT');
/*!40000 ALTER TABLE `roles_permissions` ENABLE KEYS */;
UNLOCK TABLES;

--
-- Table structure for table `statuses`
--

DROP TABLE IF EXISTS `statuses`;
/*!40101 SET @saved_cs_client     = @@character_set_client */;
/*!50503 SET character_set_client = utf8mb4 */;
CREATE TABLE `statuses` (
  `id` int NOT NULL AUTO_INCREMENT,
  `name` varchar(200) DEFAULT NULL,
  PRIMARY KEY (`id`)
) ENGINE=InnoDB AUTO_INCREMENT=6 DEFAULT CHARSET=utf8mb4 COLLATE=utf8mb4_0900_ai_ci;
/*!40101 SET character_set_client = @saved_cs_client */;

--
-- Dumping data for table `statuses`
--

LOCK TABLES `statuses` WRITE;
/*!40000 ALTER TABLE `statuses` DISABLE KEYS */;
INSERT INTO `statuses` VALUES (1,'Đã nhập học'),(2,'Đã bỏ học'),(3,'Đã xin thôi học'),(4,'Bị buộc thôi học'),(5,'Đã ra trường');
/*!40000 ALTER TABLE `statuses` ENABLE KEYS */;
UNLOCK TABLES;

--
-- Table structure for table `student_refreshers`
--

DROP TABLE IF EXISTS `student_refreshers`;
/*!40101 SET @saved_cs_client     = @@character_set_client */;
/*!50503 SET character_set_client = utf8mb4 */;
CREATE TABLE `student_refreshers` (
  `id` bigint NOT NULL AUTO_INCREMENT,
  `expiry_date` datetime(6) DEFAULT NULL,
  `token` varchar(200) DEFAULT NULL,
  `student_id` varchar(100) DEFAULT NULL,
  PRIMARY KEY (`id`),
  UNIQUE KEY `UK_k7b8ruy1i7iq9ngu2dl9b9b7x` (`student_id`),
  CONSTRAINT `FKlnw7dy9lmj7eln4bnbihd9wj3` FOREIGN KEY (`student_id`) REFERENCES `students` (`id`)
) ENGINE=InnoDB DEFAULT CHARSET=utf8mb4 COLLATE=utf8mb4_0900_ai_ci;
/*!40101 SET character_set_client = @saved_cs_client */;

--
-- Dumping data for table `student_refreshers`
--

LOCK TABLES `student_refreshers` WRITE;
/*!40000 ALTER TABLE `student_refreshers` DISABLE KEYS */;
/*!40000 ALTER TABLE `student_refreshers` ENABLE KEYS */;
UNLOCK TABLES;

--
-- Table structure for table `students`
--

DROP TABLE IF EXISTS `students`;
/*!40101 SET @saved_cs_client     = @@character_set_client */;
/*!50503 SET character_set_client = utf8mb4 */;
CREATE TABLE `students` (
  `id` varchar(100) NOT NULL,
  `surname` varchar(200) DEFAULT NULL,
  `last_name` varchar(200) DEFAULT NULL,
  `course_id` varchar(100) DEFAULT NULL,
  `major_id` varchar(100) DEFAULT NULL,
  `class_id` varchar(100) DEFAULT NULL,
  `dob` datetime(6) DEFAULT NULL,
  `gender` varchar(200) DEFAULT NULL,
  `phone_number` varchar(200) DEFAULT NULL,
  `email` varchar(200) DEFAULT NULL,
  `home_town` varchar(200) DEFAULT NULL,
  `residence` varchar(200) DEFAULT NULL,
  `father_name` varchar(200) DEFAULT NULL,
  `father_phone_number` varchar(200) DEFAULT NULL,
  `mother_name` varchar(200) DEFAULT NULL,
  `mother_phone_number` varchar(200) DEFAULT NULL,
  `avatar` varchar(1000) DEFAULT NULL,
  `password` varchar(200) DEFAULT NULL,
  `role_id` varchar(100) DEFAULT NULL,
  `is_deleted` bit(1) DEFAULT NULL,
  `is_verified` bit(1) DEFAULT NULL,
  `new_phone` varchar(200) DEFAULT NULL,
  PRIMARY KEY (`id`),
  KEY `FKhnslh0rm5bthlble8vjunbnwe` (`class_id`),
  KEY `FKi04cc0278a1f49g0995mnuo63` (`major_id`),
  KEY `FKs33errciqfkiwe8slr6y4jwm7` (`role_id`),
  KEY `FK6jiqckumc6tm0h9otqbtqhgnr` (`course_id`),
  CONSTRAINT `FK6jiqckumc6tm0h9otqbtqhgnr` FOREIGN KEY (`course_id`) REFERENCES `courses` (`id`),
  CONSTRAINT `FKhnslh0rm5bthlble8vjunbnwe` FOREIGN KEY (`class_id`) REFERENCES `classes` (`id`),
  CONSTRAINT `FKi04cc0278a1f49g0995mnuo63` FOREIGN KEY (`major_id`) REFERENCES `majors` (`id`),
  CONSTRAINT `FKs33errciqfkiwe8slr6y4jwm7` FOREIGN KEY (`role_id`) REFERENCES `roles` (`id`)
) ENGINE=InnoDB DEFAULT CHARSET=utf8mb4 COLLATE=utf8mb4_0900_ai_ci;
/*!40101 SET character_set_client = @saved_cs_client */;

--
-- Dumping data for table `students`
--

LOCK TABLES `students` WRITE;
/*!40000 ALTER TABLE `students` DISABLE KEYS */;
INSERT INTO `students` VALUES ('566553','Nguyễn Văn','Giảng','56','CNTT','K65CNPMA','2002-05-12 00:00:00.000000','Nữ','9430519705','566553@sv.vnua.edu.vn',' TP. Hà Nội',NULL,NULL,NULL,NULL,NULL,NULL,NULL,'STUDENT',_binary '\0',NULL,NULL),('576739','Nguyễn Viết','Thắng','57','TTNT','K65CNTTA','2002-05-12 00:00:00.000000','Nữ','7256273723','576739@sv.vnua.edu.vn','Đông Sơn-Thanh Hoá',NULL,NULL,NULL,NULL,NULL,NULL,NULL,'STUDENT',_binary '\0',NULL,NULL),('576779','Nguyễn Thị Thu','Hoài','57','MMT','K65CNTTB','2002-05-12 00:00:00.000000','Nữ','8884925772','576779@sv.vnua.edu.vn','H. Tiên Du-Bắc Ninh',NULL,NULL,NULL,NULL,NULL,NULL,NULL,'STUDENT',_binary '\0',NULL,NULL),('585945','Trần Đức','Anh','58','CNTT','K65MMT','2002-05-12 00:00:00.000000','Nữ','6807948651','585945@sv.vnua.edu.vn','TX. Từ  Sơn Bắc Ninh',NULL,NULL,NULL,NULL,NULL,NULL,NULL,'STUDENT',_binary '\0',NULL,NULL),('586610','Trần Hữu','Huy','58','CNTT','K65CNPMA','2002-05-12 00:00:00.000000','Nữ','943304356','586610@sv.vnua.edu.vn','H. Sóc Sơn Hà Nội',NULL,NULL,NULL,NULL,NULL,NULL,NULL,'STUDENT',_binary '\0',NULL,NULL),('587963','Nguyễn Tiến','Việt','58','CNTT','K65CNTTA','2002-05-12 00:00:00.000000','Nữ','8414371151','587963@sv.vnua.edu.vn','H. Mường Chà Điện Biên',NULL,NULL,NULL,NULL,NULL,NULL,NULL,'STUDENT',_binary '\0',NULL,NULL),('591842','Lê Thành','Công','59','MMT','K65CNTTB','2002-05-12 00:00:00.000000','Nữ','9204552325','591842@sv.vnua.edu.vn','Long Biên, Hà Nội',NULL,NULL,NULL,NULL,NULL,NULL,NULL,'STUDENT',_binary '\0',NULL,NULL),('596517','Nguyễn Thị Quỳnh','Chi','59','TTNT','K65MMT','2002-05-12 00:00:00.000000','Nữ','5943582014','596517@sv.vnua.edu.vn','Hoa Lư, Ninh Bình',NULL,NULL,NULL,NULL,NULL,NULL,NULL,'STUDENT',_binary '\0',NULL,NULL),('596721','Nguyễn Chí','Cường','59','CNTT','K65CNPMA','2002-05-12 00:00:00.000000','Nữ','317040031','596721@sv.vnua.edu.vn','Gia Lâm, Hà Nội',NULL,NULL,NULL,NULL,NULL,NULL,NULL,'STUDENT',_binary '\0',NULL,NULL),('596722','Trần Văn','Cường','59','MMT','K65CNTTA','2002-05-12 00:00:00.000000','Nữ','9603046290','596722@sv.vnua.edu.vn','Đông Hưng, Thái Bình',NULL,NULL,NULL,NULL,NULL,NULL,NULL,'STUDENT',_binary '\0',NULL,NULL),('599053','Lê Tiến','Dụng','59','TTNT','K65CNTTB','2002-05-12 00:00:00.000000','Nữ','4715626666','599053@sv.vnua.edu.vn','Giao Thủy, Nam Định',NULL,NULL,NULL,NULL,NULL,NULL,NULL,'STUDENT',_binary '\0',NULL,NULL),('601351','Trịnh Văn','Huấn','60','CNTT','K65MMT','2002-05-12 00:00:00.000000','Nữ','7381529489','601351@sv.vnua.edu.vn','H. Kim Bảng-Hà Nam',NULL,NULL,NULL,NULL,NULL,NULL,NULL,'STUDENT',_binary '\0',NULL,NULL),('601352','Lê Thị','Lan','60','CNTT','K65CNPMA','2002-05-12 00:00:00.000000','Nữ','8754230808','601352@sv.vnua.edu.vn','H. Thanh Oai-Hà Nội',NULL,NULL,NULL,NULL,NULL,NULL,NULL,'STUDENT',_binary '\0',NULL,NULL),('605134','Đinh Thái','Bình','60','TTNT','K65CNTTA','2002-05-12 00:00:00.000000','Nữ','5527026514','605134@sv.vnua.edu.vn','Q. Long Biên Hà Nội',NULL,NULL,NULL,NULL,NULL,NULL,NULL,'STUDENT',_binary '\0',NULL,NULL),('605135','Chu Hoàng','Hải','60','CNTT','K65CNTTB','2002-05-12 00:00:00.000000','Nữ','7048001940','605135@sv.vnua.edu.vn','TP. Hải Dương Hải Dương',NULL,NULL,NULL,NULL,NULL,NULL,NULL,'STUDENT',_binary '\0',NULL,NULL),('605137','Đào Trung','Kiên','60','TTNT','K65MMT','2002-05-12 00:00:00.000000','Nữ','23108220','605137@sv.vnua.edu.vn','TP. Phủ Lý Hà Nam',NULL,NULL,NULL,NULL,NULL,NULL,NULL,'STUDENT',_binary '\0',NULL,NULL),('605753','Đinh Quốc','Hùng','60','MMT','K65CNPMA','2002-05-12 00:00:00.000000','Nữ','2410686009','605753@sv.vnua.edu.vn','H. Điện Biên , Điện Biên',NULL,NULL,NULL,NULL,NULL,NULL,NULL,'STUDENT',_binary '\0',NULL,NULL),('605813','Lê Đức','Anh','60','MMT','K65CNTTA','2002-05-12 00:00:00.000000','Nữ','4605716539','605813@sv.vnua.edu.vn','Đông Anh, Hà Nội',NULL,NULL,NULL,NULL,NULL,NULL,NULL,'STUDENT',_binary '\0',NULL,NULL),('611112','Lê Hồng','Phong','65','CNTT','K65CNTTB','2002-05-12 00:00:00.000000','Nam','0383817445','a@b','Hà Nội','Gia Lâm, Hà Nội',NULL,NULL,NULL,NULL,NULL,'$2a$10$v6uN3aE4FTQ04IJHSDcq2uRZS4vrW62UBdkDCKNjRd1qAZYgzkWUW','STUDENT',_binary '',NULL,NULL),('611118','Lê Hồng','Phong','65','CNTT','K65CNTTB','2002-05-12 00:00:00.000000','Nam','0383817445','abzy@gmail.com','Hà Nội','Gia Lâm, Hà Nội',NULL,NULL,NULL,NULL,NULL,'$2a$10$bPZISDqvEJnPp.8DvkiI4u5SS1q2Ft4rEFaDrSAdYCBmI3D2ghQeG','STUDENT',_binary '\0',NULL,NULL),('611212','Nguyễn Văn','Chiến','61','CNTT','K65CNPMA','2002-05-12 00:00:00.000000','Nam','5980887437','611212@sv.vnua.edu.vn','Yên Mô - Ninh Bình',NULL,NULL,NULL,NULL,NULL,NULL,NULL,'STUDENT',_binary '\0',NULL,NULL),('611230','Trần Việt','Hiếu','61','TTNT','K65CNTTA','2002-05-12 00:00:00.000000','Nữ','6781324619','611230@sv.vnua.edu.vn','Đông Hưng - Thái Bình',NULL,NULL,NULL,NULL,NULL,NULL,NULL,'STUDENT',_binary '\0',NULL,NULL),('611234','Bùi Quang','Huy','61','TTNT','K65CNTTB','2002-05-12 00:00:00.000000','Nữ','3564613011','611234@sv.vnua.edu.vn','Vĩnh Tường - Vĩnh Phúc',NULL,NULL,NULL,NULL,NULL,NULL,NULL,'STUDENT',_binary '\0',NULL,NULL),('611244','Nguyễn Tuấn','Mạnh','61','CNTT','K65MMT','2002-05-12 00:00:00.000000','Nữ','234957692','611244@sv.vnua.edu.vn','Gia Lâm - Hà Nội',NULL,NULL,NULL,NULL,NULL,NULL,NULL,'STUDENT',_binary '\0',NULL,NULL),('611245','Trần Đức','Mạnh','61','CNTT','K65CNPMA','2002-05-12 00:00:00.000000','Nữ','9053305793','611245@sv.vnua.edu.vn','Long Biên - Hà Nội',NULL,NULL,NULL,NULL,NULL,NULL,NULL,'STUDENT',_binary '\0',NULL,NULL),('611289','Đinh Quang','Huy','61','MMT','K65CNTTA','2002-05-12 00:00:00.000000','Nữ','3062237601','611289@sv.vnua.edu.vn','Nga Sơn - Thanh Hoá',NULL,NULL,NULL,NULL,NULL,NULL,NULL,'STUDENT',_binary '\0',NULL,NULL),('611290','Đỗ Văn','Huy','61','CNTT','K65CNTTB','2002-05-12 00:00:00.000000','Nữ','4637175172','611290@sv.vnua.edu.vn','Thanh Oai - Hà Nội',NULL,NULL,NULL,NULL,NULL,NULL,NULL,'STUDENT',_binary '\0',NULL,NULL),('611292','Nguyễn Đắc','Kiên','61','MMT','K65MMT','2002-05-12 00:00:00.000000','Nam','7708982236','611292@sv.vnua.edu.vn','Hoài Đức - Hà Nội',NULL,NULL,NULL,NULL,NULL,NULL,NULL,'STUDENT',_binary '\0',NULL,NULL),('611298','Hà Huy','Mạnh','61','TTNT','K65CNPMA','2002-05-12 00:00:00.000000','Nữ','9427812520','611298@sv.vnua.edu.vn','Bắc Giang - Bắc Giang',NULL,NULL,NULL,NULL,NULL,NULL,NULL,'STUDENT',_binary '\0',NULL,NULL),('614086','Nguyễn Văn','Dần','61','CNTT','K65CNTTA','2002-05-12 00:00:00.000000','Nữ','3079540628','614086@sv.vnua.edu.vn','Hoài Đức - Hà Nội',NULL,NULL,NULL,NULL,NULL,NULL,NULL,'STUDENT',_binary '\0',NULL,NULL),('614091','Dương Thị Thanh','Huyền','62','MMT','K65CNTTB','2002-05-12 00:00:00.000000','Nam','4909743026','614091@sv.vnua.edu.vn','Văn Lâm - Hưng Yên',NULL,NULL,NULL,NULL,NULL,NULL,NULL,'STUDENT',_binary '\0',NULL,NULL),('621046','Nguyễn Văn','Hiếu','62','CNTT','K65MMT','2002-05-12 00:00:00.000000','Nữ','7905974305','621046@sv.vnua.edu.vn','Tx. Từ  Sơn - Bắc Ninh',NULL,NULL,NULL,NULL,NULL,NULL,NULL,'STUDENT',_binary '\0',NULL,NULL),('621065','Cao Thành','Công','62','TTNT','K65CNPMA','2002-05-12 00:00:00.000000','Nam','7765583528','621065@sv.vnua.edu.vn','Huyện Mỹ Hào - Hưng Yên',NULL,NULL,NULL,NULL,NULL,NULL,NULL,'STUDENT',_binary '\0',NULL,NULL),('621066','Mai Phương','Anh','62','TTNT','K65CNTTA','2002-05-12 00:00:00.000000','Nữ','4415011987','621066@sv.vnua.edu.vn','H.Đông Anh - Hà Nội',NULL,NULL,NULL,NULL,NULL,NULL,NULL,'STUDENT',_binary '\0',NULL,NULL),('621067','Nguyễn Mạnh','Cường','62','TTNT','K65CNTTB','2002-05-12 00:00:00.000000','Nam','5572347719','621067@sv.vnua.edu.vn','H.Vĩnh Tường - Vĩnh Phúc',NULL,NULL,NULL,NULL,NULL,NULL,NULL,'STUDENT',_binary '\0',NULL,NULL),('621068','Phạm Văn','Đăng','62','MMT','K65MMT','2002-05-12 00:00:00.000000','Nữ','6421001771','621068@sv.vnua.edu.vn','Huyện Tứ Kỳ - Hải Dương',NULL,NULL,NULL,NULL,NULL,NULL,NULL,'STUDENT',_binary '\0',NULL,NULL),('621070','Trần Đức','Giang','62','CNTT','K65CNPMA','2002-05-12 00:00:00.000000','Nữ','6397320689','621070@sv.vnua.edu.vn','Huyện Lý Nhân - Hà Nam',NULL,NULL,NULL,NULL,NULL,NULL,NULL,'STUDENT',_binary '\0',NULL,NULL),('621072','Phạm Thu','Hoài','62','MMT','K65CNTTA','2002-05-12 00:00:00.000000','Nữ','1958488737','621072@sv.vnua.edu.vn','H.Đông Anh - Hà Nội',NULL,NULL,NULL,NULL,NULL,NULL,NULL,'STUDENT',_binary '\0',NULL,NULL),('621084','Nguyễn Thành','Đô','62','MMT','K65CNTTB','2002-05-12 00:00:00.000000','Nam','7633871184','621084@sv.vnua.edu.vn','H. Thường Tín - Hà Nội',NULL,NULL,NULL,NULL,NULL,NULL,NULL,'STUDENT',_binary '\0',NULL,NULL),('621087','Đinh Văn','Duy','62','MMT','K65MMT','2002-05-12 00:00:00.000000','Nam','4685187869','621087@sv.vnua.edu.vn','Huyện Mỹ Đức - Hà Nội',NULL,NULL,NULL,NULL,NULL,NULL,NULL,'STUDENT',_binary '\0',NULL,NULL),('621121','Lê Tuấn','Anh','62','MMT','K65CNPMA','2002-05-12 00:00:00.000000','Nam','8190826053','621121@sv.vnua.edu.vn','Quận Hoàn Kiếm - Hà Nội',NULL,NULL,NULL,NULL,NULL,NULL,NULL,'STUDENT',_binary '\0',NULL,NULL),('621123','Lù Nhất','Duy','62','CNTT','K65CNTTA','2002-05-12 00:00:00.000000','Nữ','488449645','621123@sv.vnua.edu.vn','Huyện Bát Xát - Lào Cai',NULL,NULL,NULL,NULL,NULL,NULL,NULL,'STUDENT',_binary '\0',NULL,NULL),('621170','Phạm Hải','Biển','62','CNTT','K65CNTTB','2002-05-12 00:00:00.000000','Nữ','3674192394','621170@sv.vnua.edu.vn','Huyện Tiên Lữ - Hưng Yên',NULL,NULL,NULL,NULL,NULL,NULL,NULL,'STUDENT',_binary '\0',NULL,NULL),('621187','Bùi Trí','Đức','62','TTNT','K65MMT','2002-05-12 00:00:00.000000','Nam','6397708273','621187@sv.vnua.edu.vn','Quận Thanh Xuân - Hà Nội',NULL,NULL,NULL,NULL,NULL,NULL,NULL,'STUDENT',_binary '\0',NULL,NULL),('621191','Nguyễn Thị Quế','Anh','62','CNTT','K65CNPMA','2002-05-12 00:00:00.000000','Nữ','4021893146','621191@sv.vnua.edu.vn','H.Đông Anh - Hà Nội',NULL,NULL,NULL,NULL,NULL,NULL,NULL,'STUDENT',_binary '\0',NULL,NULL),('622405','Lê Trung Tiến','Bình','63','CNTT','K65CNTTA','2002-05-12 00:00:00.000000','Nữ','9141205815','622405@sv.vnua.edu.vn','Gia Lâm - Hà Nội',NULL,NULL,NULL,NULL,NULL,NULL,NULL,'STUDENT',_binary '\0',NULL,NULL),('637602','Nguyễn Hữu Việt','Anh','63','TTNT','K65CNTTB','2002-05-12 00:00:00.000000','Nữ','4022198926','637602@sv.vnua.edu.vn','Thuận Thành, Bắc Ninh',NULL,NULL,NULL,NULL,NULL,NULL,NULL,'STUDENT',_binary '\0',NULL,NULL),('637612','Đặng Xuân','Cương','63','CNTT','K65MMT','2002-05-12 00:00:00.000000','Nam','8322841475','637612@sv.vnua.edu.vn','Đông Hưng, Thái Bình',NULL,NULL,NULL,NULL,NULL,NULL,NULL,'STUDENT',_binary '\0',NULL,NULL),('637618','Nguyễn Văn','Đĩnh','63','TTNT','K65CNPMA','2002-05-12 00:00:00.000000','Nữ','4488114084','637618@sv.vnua.edu.vn','Huyện ý Yên, Nam Định',NULL,NULL,NULL,NULL,NULL,NULL,NULL,'STUDENT',_binary '\0',NULL,NULL),('637625','Hoàng Mạnh','Hải','63','MMT','K65CNTTA','2002-05-12 00:00:00.000000','Nữ','4623140809','637625@sv.vnua.edu.vn','Huyện Phúc Thọ, Hà Nội',NULL,NULL,NULL,NULL,NULL,NULL,NULL,'STUDENT',_binary '\0',NULL,NULL),('637627','Lê Minh','Hiếu','63','TTNT','K65CNTTB','2002-05-12 00:00:00.000000','Nam','2609559528','637627@sv.vnua.edu.vn','Huyện Văn Lâm, Hưng Yên',NULL,NULL,NULL,NULL,NULL,NULL,NULL,'STUDENT',_binary '\0',NULL,NULL),('637630','Trần Văn','Hiếu','63','CNTT','K65MMT','2002-05-12 00:00:00.000000','Nữ','1900889769','637630@sv.vnua.edu.vn','Huyện Lý Nhân, Hà Nam',NULL,NULL,NULL,NULL,NULL,NULL,NULL,'STUDENT',_binary '\0',NULL,NULL),('637638','Nguyễn Tuấn','Hùng','63','CNTT','K65CNPMA','2002-05-12 00:00:00.000000','Nữ','4939664456','637638@sv.vnua.edu.vn','Huyện Đông Anh, Hà Nội',NULL,NULL,NULL,NULL,NULL,NULL,NULL,'STUDENT',_binary '\0',NULL,NULL),('637646','Đặng Hồng','Ngọc','63','TTNT','K65CNTTA','2002-05-12 00:00:00.000000','Nữ','592096747','637646@sv.vnua.edu.vn','Huyện Phúc Thọ, Hà Nội',NULL,NULL,NULL,NULL,NULL,NULL,NULL,'STUDENT',_binary '\0',NULL,NULL),('637709','Lê Kim','Chi','63','CNTT','K65CNTTB','2002-05-12 00:00:00.000000','Nữ','5293118623','637709@sv.vnua.edu.vn','Huyện Thạch Thất, Hà Nội',NULL,NULL,NULL,NULL,NULL,NULL,NULL,'STUDENT',_binary '\0',NULL,NULL),('637711','Hoàng Văn','Duy','63','TTNT','K65MMT','2002-05-12 00:00:00.000000','Nữ','3625629852','637711@sv.vnua.edu.vn','Huyện Hữu Lũng, Lạng Sơn',NULL,NULL,NULL,NULL,NULL,NULL,NULL,'STUDENT',_binary '\0',NULL,NULL),('637718','Nguyễn Minh','Đức','63','CNTT','K65CNPMA','2002-05-12 00:00:00.000000','Nữ','2047997058','637718@sv.vnua.edu.vn','Huyện ý Yên, Nam Định',NULL,NULL,NULL,NULL,NULL,NULL,NULL,'STUDENT',_binary '\0',NULL,NULL),('637719','Đặng Gia','Đức','63','MMT','K65CNTTA','2002-05-12 00:00:00.000000','Nữ','8672477242','637719@sv.vnua.edu.vn','Thuận Thành, Bắc Ninh',NULL,NULL,NULL,NULL,NULL,NULL,NULL,'STUDENT',_binary '\0',NULL,NULL),('637721','Nguyễn Hồng','Hải','63','MMT','K65CNTTB','2002-05-12 00:00:00.000000','Nữ','4882969849','637721@sv.vnua.edu.vn','Tp. Ninh Bình, Ninh Bình',NULL,NULL,NULL,NULL,NULL,NULL,NULL,'STUDENT',_binary '\0',NULL,NULL),('637732','Nguyễn Văn','Huy','63','TTNT','K65MMT','2002-05-12 00:00:00.000000','Nữ','8481928858','637732@sv.vnua.edu.vn','H. Hà Trung, Thanh Hoá',NULL,NULL,NULL,NULL,NULL,NULL,NULL,'STUDENT',_binary '\0',NULL,NULL),('637733','Vũ Mạnh','Hùng','63','MMT','K65CNPMA','2002-05-12 00:00:00.000000','Nam','9564122354','637733@sv.vnua.edu.vn','Quận Hoàng Mai, Hà Nội',NULL,NULL,NULL,NULL,NULL,NULL,NULL,'STUDENT',_binary '\0',NULL,NULL),('637737','Trần Duy','Khánh','63','CNTT','K65CNTTA','2002-05-12 00:00:00.000000','Nam','929647712','637737@sv.vnua.edu.vn','Huyện Ba Vì, Hà Nội',NULL,NULL,NULL,NULL,NULL,NULL,NULL,'STUDENT',_binary '\0',NULL,NULL),('637739','Vũ Trung','Kiên','63','CNTT','K65CNTTB','2002-05-12 00:00:00.000000','Nữ','4717843095','637739@sv.vnua.edu.vn','Quận Hà Đông, Hà Nội',NULL,NULL,NULL,NULL,NULL,NULL,NULL,'STUDENT',_binary '\0',NULL,NULL),('637747','Nguyễn Đức','Minh','63','CNTT','K65MMT','2002-05-12 00:00:00.000000','Nam','5555636536','637747@sv.vnua.edu.vn','Tp. Bắc Giang, Bắc Giang',NULL,NULL,NULL,NULL,NULL,NULL,NULL,'STUDENT',_binary '\0',NULL,NULL),('637748','Nguyễn Hoài','Nam','63','TTNT','K65CNPMA','2002-05-12 00:00:00.000000','Nữ','4268854820','637748@sv.vnua.edu.vn','Huyện Gia Lâm, Hà Nội',NULL,NULL,NULL,NULL,NULL,NULL,NULL,'STUDENT',_binary '\0',NULL,NULL),('637805','Nguyễn Đắc','Cảnh','64','CNTT','K65CNTTA','2002-05-12 00:00:00.000000','Nam','9974676814','637805@sv.vnua.edu.vn','Đông Hưng, Thái Bình',NULL,NULL,NULL,NULL,NULL,NULL,NULL,'STUDENT',_binary '\0',NULL,NULL),('642297','Nguyễn Mạnh','Quân','64','CNTT','K65CNTTB','2002-05-12 00:00:00.000000','Nữ','6273725417','642297@sv.vnua.edu.vn','Quận Hoàng Mai, Hà Nội',NULL,NULL,NULL,NULL,NULL,NULL,NULL,'STUDENT',_binary '\0',NULL,NULL),('642373','Lò Tuấn','Nam','64','CNTT','K65MMT','2002-05-12 00:00:00.000000','Nữ','123112280','642373@sv.vnua.edu.vn','H. Mai Sơn, Sơn La',NULL,NULL,NULL,NULL,NULL,NULL,NULL,'STUDENT',_binary '\0',NULL,NULL),('642460','Trần Văn','Thự','64','CNTT','K65CNPMA','2002-05-12 00:00:00.000000','Nữ','5479996809','642460@sv.vnua.edu.vn','H. Đan Phượng, Hà Nội',NULL,NULL,NULL,NULL,NULL,NULL,NULL,'STUDENT',_binary '\0',NULL,NULL),('642518','Lò Quang','Nhiệm','64','CNTT','K65CNTTA','2002-05-12 00:00:00.000000','Nữ','7139355810','642518@sv.vnua.edu.vn','H. Sìn Hồ, Lai Châu',NULL,NULL,NULL,NULL,NULL,NULL,NULL,'STUDENT',_binary '\0',NULL,NULL),('642606','Bùi Chính','Ngọc','64','MMT','K65CNTTB','2002-05-12 00:00:00.000000','Nữ','7438435565','642606@sv.vnua.edu.vn','H. Kiến Xương, Thái Bình',NULL,NULL,NULL,NULL,NULL,NULL,NULL,'STUDENT',_binary '\0',NULL,NULL),('642705','Vũ Văn','Ngọc','64','MMT','K65MMT','2002-05-12 00:00:00.000000','Nữ','8121362347','642705@sv.vnua.edu.vn','H. Lạc Thủy, Hoà Bình',NULL,NULL,NULL,NULL,NULL,NULL,NULL,'STUDENT',_binary '\0',NULL,NULL),('642961','Phạm Văn','Quyết','64','CNTT','K65CNPMA','2002-05-12 00:00:00.000000','Nữ','7674887301','642961@sv.vnua.edu.vn','H. Mỹ Đức, Hà Nội',NULL,NULL,NULL,NULL,NULL,NULL,NULL,'STUDENT',_binary '\0',NULL,NULL),('645412','Nguyễn Dương Việt','Nhật','64','TTNT','K65CNTTA','2002-05-12 00:00:00.000000','Nữ','6799974595','645412@sv.vnua.edu.vn','H. Gia Lâm, Hà Nội',NULL,NULL,NULL,NULL,NULL,NULL,NULL,'STUDENT',_binary '\0',NULL,NULL),('645678','Nguyễn Trung','Nhật','64','CNTT','K65CNTTB','2002-05-12 00:00:00.000000','Nữ','337777498','645678@sv.vnua.edu.vn','Thị Xã Hoàng Mai, Nghệ A',NULL,NULL,NULL,NULL,NULL,NULL,NULL,'STUDENT',_binary '\0',NULL,NULL),('645796','Trịnh Văn','Sang','64','CNTT','K65MMT','2002-05-12 00:00:00.000000','Nam','1954308823','645796@sv.vnua.edu.vn','H. Lạng Giang, Bắc Giang',NULL,NULL,NULL,NULL,NULL,NULL,NULL,'STUDENT',_binary '\0',NULL,NULL),('645859','Lê Minh','Thịnh','64','MMT','K65CNPMA','2002-05-12 00:00:00.000000','Nữ','8604101493','645859@sv.vnua.edu.vn','H. Gia Lâm, Hà Nội',NULL,NULL,NULL,NULL,NULL,NULL,NULL,'STUDENT',_binary '\0',NULL,NULL),('645899','Nguyễn Thị','Trang','64','TTNT','K65CNTTA','2002-05-12 00:00:00.000000','Nữ','2604607138','645899@sv.vnua.edu.vn','H. Thường Tín, Hà Nội',NULL,NULL,NULL,NULL,NULL,NULL,NULL,'STUDENT',_binary '\0',NULL,NULL),('645926','Nguyễn Huy Hoàng','Anh','64','MMT','K65CNTTB','2002-05-12 00:00:00.000000','Nữ','5848449547','645926@sv.vnua.edu.vn','H. Nam Sách, Hải Dương',NULL,NULL,NULL,NULL,NULL,NULL,NULL,'STUDENT',_binary '\0',NULL,NULL),('646211','Nguyễn Tấn','Tài','64','TTNT','K65MMT','2002-05-12 00:00:00.000000','Nữ','6618261624','646211@sv.vnua.edu.vn','H. ứng Hòa, Hà Nội',NULL,NULL,NULL,NULL,NULL,NULL,NULL,'STUDENT',_binary '\0',NULL,NULL),('646217','Nguyễn Ngọc','Quảng','64','MMT','K65CNPMA','2002-05-12 00:00:00.000000','Nữ','4286962085','646217@sv.vnua.edu.vn','TP Hải Dương, Hải Dương',NULL,NULL,NULL,NULL,NULL,NULL,NULL,'STUDENT',_binary '\0',NULL,NULL),('646221','Lê Xuân','Thiện','64','CNTT','K65CNTTA','2002-05-12 00:00:00.000000','Nam','1370107775','646221@sv.vnua.edu.vn','H. Quế Võ, Bắc Ninh',NULL,NULL,NULL,NULL,NULL,NULL,NULL,'STUDENT',_binary '\0',NULL,NULL),('646241','Nguyễn Văn','Tiến','64','MMT','K65CNTTB','2002-05-12 00:00:00.000000','Nữ','6667962730','646241@sv.vnua.edu.vn','TP Hải Dương, Hải Dương',NULL,NULL,NULL,NULL,NULL,NULL,NULL,'STUDENT',_binary '\0',NULL,NULL),('646257','Trương Thị','Thu','64','MMT','K65MMT','2002-05-12 00:00:00.000000','Nữ','3972727047','646257@sv.vnua.edu.vn','H. Kinh Môn, Hải Dương',NULL,NULL,NULL,NULL,NULL,NULL,NULL,'STUDENT',_binary '\0',NULL,NULL),('646372','Nguyễn Đình','Thuyết','64','CNTT','K65CNPMA','2002-05-12 00:00:00.000000','Nam','5171458409','646372@sv.vnua.edu.vn','H. Chương Mỹ, Hà Nội',NULL,NULL,NULL,NULL,NULL,NULL,NULL,'STUDENT',_binary '\0',NULL,NULL),('646539','Đoàn Anh','Tú','64','CNTT','K65CNTTA','2002-05-12 00:00:00.000000','Nữ','3830312303','646539@sv.vnua.edu.vn','H. Thanh Trì, Hà Nội',NULL,NULL,NULL,NULL,NULL,NULL,NULL,'STUDENT',_binary '\0',NULL,NULL),('646617','Nguyễn Văn','Sơn','64','TTNT','K65CNTTB','2002-05-12 00:00:00.000000','Nữ','8449713903','646617@sv.vnua.edu.vn','H. Cẩm Giàng, Hải Dương',NULL,NULL,NULL,NULL,NULL,NULL,NULL,'STUDENT',_binary '\0',NULL,NULL),('646691','Lê Thị Phương','Thúy','64','TTNT','K65MMT','2002-05-12 00:00:00.000000','Nữ','7035378278','646691@sv.vnua.edu.vn','H. Phú Xuyên, Hà Nội',NULL,NULL,NULL,NULL,NULL,NULL,NULL,'STUDENT',_binary '\0',NULL,NULL),('646974','Hoàng Việt','Thắng','64','MMT','K65CNPMA','2002-05-12 00:00:00.000000','Nữ','3082182657','646974@sv.vnua.edu.vn','H. An Dương, Hải Phòng',NULL,NULL,NULL,NULL,NULL,NULL,NULL,'STUDENT',_binary '\0',NULL,NULL),('647076','Lê Minh','Quân','65','TTNT','K65CNTTA','2002-05-12 00:00:00.000000','Nữ','8891190983','647076@sv.vnua.edu.vn','H. Gia Lâm, Hà Nội',NULL,NULL,NULL,NULL,NULL,NULL,NULL,'STUDENT',_binary '\0',NULL,NULL),('650024','Hoàng Văn','Tuấn','65','CNTT','K65CNTTB','2002-05-12 00:00:00.000000','Nữ','3371007579','650024@sv.vnua.edu.vn','TP Hải Dương, Hải Dương',NULL,NULL,NULL,NULL,NULL,NULL,NULL,'STUDENT',_binary '\0',NULL,NULL),('650035','Dương Như','Quang','65','TTNT','K65MMT','2002-05-12 00:00:00.000000','Nam','3013613949','650035@sv.vnua.edu.vn','Thuận Thành, Bắc Ninh',NULL,NULL,NULL,NULL,NULL,NULL,NULL,'STUDENT',_binary '\0',NULL,NULL),('650037','Tạ Đình','Tuấn','65','TTNT','K65CNPMA','2002-05-12 00:00:00.000000','Nam','4359568991','650037@sv.vnua.edu.vn','Thị Xã Hoàng Mai, Nghệ A',NULL,NULL,NULL,NULL,NULL,NULL,NULL,'STUDENT',_binary '\0',NULL,NULL),('650129','Đỗ Văn','Đoàn','65','TTNT','K65CNTTA','2002-05-12 00:00:00.000000','Nữ','3141121418','650129@sv.vnua.edu.vn','Nga Sơn - Thanh Hoá',NULL,NULL,NULL,NULL,NULL,NULL,NULL,'STUDENT',_binary '\0',NULL,NULL),('650142','Ngô Chí','Hiển','65','MMT','K65CNTTB','2002-05-12 00:00:00.000000','Nữ','4543014272','650142@sv.vnua.edu.vn','Quận Hà Đông, Hà Nội',NULL,NULL,NULL,NULL,NULL,NULL,NULL,'STUDENT',_binary '\0',NULL,NULL),('650147','Mai Ngọc','Tuấn','65','CNTT','K65MMT','2002-05-12 00:00:00.000000','Nam','2863924440','650147@sv.vnua.edu.vn','H. Gia Lâm, Hà Nội',NULL,NULL,NULL,NULL,NULL,NULL,NULL,'STUDENT',_binary '\0',NULL,NULL),('650148','Đỗ Văn','Tài','65','TTNT','K65CNPMA','2002-05-12 00:00:00.000000','Nam','7151327165','650148@sv.vnua.edu.vn','Đông Sơn-Thanh Hoá',NULL,NULL,NULL,NULL,NULL,NULL,NULL,'STUDENT',_binary '\0',NULL,NULL),('650149','Doãn Chí','Tường','65','TTNT','K65CNTTA','2002-05-12 00:00:00.000000','Nữ','6554515456','650149@sv.vnua.edu.vn','Huyện Văn Lâm, Hưng Yên',NULL,NULL,NULL,NULL,NULL,NULL,NULL,'STUDENT',_binary '\0',NULL,NULL),('650346','Trương Văn','Cường','65','MMT','K65CNTTB','2002-05-12 00:00:00.000000','Nữ','4245806130','650346@sv.vnua.edu.vn','Giao Thủy, Nam Định',NULL,NULL,NULL,NULL,NULL,NULL,NULL,'STUDENT',_binary '\0',NULL,NULL),('650390','Đỗ Mạnh','Công','65','CNTT','K65MMT','2002-05-12 00:00:00.000000','Nữ','178246426','650390@sv.vnua.edu.vn','H. Điện Biên , Điện Biên',NULL,NULL,NULL,NULL,NULL,NULL,NULL,'STUDENT',_binary '\0',NULL,NULL),('650391','Trần Thế','Hoàng','65','MMT','K65CNPMA','2002-05-12 00:00:00.000000','Nữ','2436169857','650391@sv.vnua.edu.vn','H. Cẩm Giàng, Hải Dương',NULL,NULL,NULL,NULL,NULL,NULL,NULL,'STUDENT',_binary '\0',NULL,NULL),('650400','Nguyễn Hoài','Sơn','65','CNTT','K65CNTTA','2002-05-12 00:00:00.000000','Nữ','9238102749','650400@sv.vnua.edu.vn','H. Mai Sơn, Sơn La',NULL,NULL,NULL,NULL,NULL,NULL,NULL,'STUDENT',_binary '\0',NULL,NULL),('650404','Trần Văn','Hà','65','CNTT','K65CNTTB','2002-05-12 00:00:00.000000','Nữ','1883511443','650404@sv.vnua.edu.vn','Gia Lâm - Hà Nội',NULL,NULL,NULL,NULL,NULL,NULL,NULL,'STUDENT',_binary '\0',NULL,NULL),('650414','Trịnh Việt','Hoàng','65','MMT','K65MMT','2002-05-12 00:00:00.000000','Nam','4739853464','650414@sv.vnua.edu.vn','H. Lạc Thủy, Hoà Bình',NULL,NULL,NULL,NULL,NULL,NULL,NULL,'STUDENT',_binary '\0',NULL,NULL),('650441','Trần Quang','Vinh','65','CNTT','K65CNPMA','2002-05-12 00:00:00.000000','Nữ','6621201624','650441@sv.vnua.edu.vn','Giao Thủy, Nam Định',NULL,NULL,NULL,NULL,NULL,NULL,NULL,'STUDENT',_binary '\0',NULL,NULL),('650446','Vương Ngọc','Duy','65','MMT','K65CNTTA','2002-05-12 00:00:00.000000','Nữ','1892637055','650446@sv.vnua.edu.vn','H. Đan Phượng, Hà Nội',NULL,NULL,NULL,NULL,NULL,NULL,NULL,'STUDENT',_binary '\0',NULL,NULL),('650467','Lê Quang','Đảng','65','CNTT','K65CNTTB','2002-05-12 00:00:00.000000','Nữ','3294669444','650467@sv.vnua.edu.vn','H. Mường Chà Điện Biên',NULL,NULL,NULL,NULL,NULL,NULL,NULL,'STUDENT',_binary '\0',NULL,NULL),('650489','Vũ Hoàng','Long','65','MMT','K65MMT','2002-05-12 00:00:00.000000','Nữ','5060496477','650489@sv.vnua.edu.vn','Huyện Hữu Lũng, Lạng Sơn',NULL,NULL,NULL,NULL,NULL,NULL,NULL,'STUDENT',_binary '\0',NULL,NULL),('650541','Đinh Quốc','Việt','65','TTNT','K65CNPMA','2002-05-12 00:00:00.000000','Nữ','3357357963','650541@sv.vnua.edu.vn','H. Nam Sách, Hải Dương',NULL,NULL,NULL,NULL,NULL,NULL,NULL,'STUDENT',_binary '\0',NULL,NULL),('650556','Trần Phúc','Ngọ','65','CNTT','K65CNTTA','2002-05-12 00:00:00.000000','Nữ','1315867542','650556@sv.vnua.edu.vn','H. Quế Võ, Bắc Ninh',NULL,NULL,NULL,NULL,NULL,NULL,NULL,'STUDENT',_binary '\0',NULL,NULL),('650582','Nguyễn Thành','Hưng','65','TTNT','K65CNTTB','2002-05-12 00:00:00.000000','Nữ','1073118056','650582@sv.vnua.edu.vn','H. Phú Xuyên, Hà Nội',NULL,NULL,NULL,NULL,NULL,NULL,NULL,'STUDENT',_binary '\0',NULL,NULL),('650595','Phạm Đức','Anh','65','MMT','K65MMT','2002-05-12 00:00:00.000000','Nữ','1419696750','650595@sv.vnua.edu.vn','H. ứng Hòa, Hà Nội',NULL,NULL,NULL,NULL,NULL,NULL,NULL,'STUDENT',_binary '\0',NULL,NULL),('650611','Nguyễn Đình','Thái','65','TTNT','K65CNPMA','2002-05-12 00:00:00.000000','Nữ','5513573024','650611@sv.vnua.edu.vn','Thuận Thành, Bắc Ninh',NULL,NULL,NULL,NULL,NULL,NULL,NULL,'STUDENT',_binary '\0',NULL,NULL),('650622','Nguyễn Tuấn','Vinh','65','TTNT','K65CNTTA','2002-05-12 00:00:00.000000','Nam','6495721678','650622@sv.vnua.edu.vn','Long Biên, Hà Nội',NULL,NULL,NULL,NULL,NULL,NULL,NULL,'STUDENT',_binary '\0',NULL,NULL),('650659','Lương Văn','Thành','65','MMT','K65CNTTB','2002-05-12 00:00:00.000000','Nữ','4119513671','650659@sv.vnua.edu.vn','Thuận Thành, Bắc Ninh',NULL,NULL,NULL,NULL,NULL,NULL,NULL,'STUDENT',_binary '\0',NULL,NULL),('650706','Phạm Quang','Huy','65','CNTT','K65MMT','2002-05-12 00:00:00.000000','Nữ','3658497612','650706@sv.vnua.edu.vn','Huyện Hữu Lũng, Lạng Sơn',NULL,NULL,NULL,NULL,NULL,NULL,NULL,'STUDENT',_binary '\0',NULL,NULL),('650712','Phan Huy','Hoàng','65','CNTT','K65CNPMA','2002-05-12 00:00:00.000000','Nữ','2207555773','650712@sv.vnua.edu.vn','Văn Lâm - Hưng Yên',NULL,NULL,NULL,NULL,NULL,NULL,NULL,'STUDENT',_binary '\0',NULL,NULL),('650749','Kiều Trung','Định','65','MMT','K65CNTTA','2002-05-12 00:00:00.000000','Nữ','7185917998','650749@sv.vnua.edu.vn','H.Đông Anh - Hà Nội',NULL,NULL,NULL,NULL,NULL,NULL,NULL,'STUDENT',_binary '\0',NULL,NULL),('650763','Tạ Minh','Hoàng','65','TTNT','K65CNTTB','2002-05-12 00:00:00.000000','Nữ','4432247869','650763@sv.vnua.edu.vn','Nga Sơn - Thanh Hoá',NULL,NULL,NULL,NULL,NULL,NULL,NULL,'STUDENT',_binary '\0',NULL,NULL),('650840','Nguyễn Phương','Đông','65','CNTT','K65MMT','2002-05-12 00:00:00.000000','Nữ','8723589891','650840@sv.vnua.edu.vn','H. Thường Tín - Hà Nội',NULL,NULL,NULL,NULL,NULL,NULL,NULL,'STUDENT',_binary '\0',NULL,NULL),('650868','Đàm Thuận','Hiếu','65','TTNT','K65CNPMA','2002-05-12 00:00:00.000000','Nữ','8010400814','650868@sv.vnua.edu.vn','Huyện Văn Lâm, Hưng Yên',NULL,NULL,NULL,NULL,NULL,NULL,NULL,'STUDENT',_binary '\0',NULL,NULL),('650921','Trử Tiến','Cương','65','MMT','K65CNTTA','2002-05-12 00:00:00.000000','Nữ','3446844849','650921@sv.vnua.edu.vn','H. Mỹ Đức, Hà Nội',NULL,NULL,NULL,NULL,NULL,NULL,NULL,'STUDENT',_binary '\0',NULL,NULL),('650988','Phan Tuấn','Khanh','65','CNTT','K65CNTTB','2002-05-12 00:00:00.000000','Nữ','6853079019','650988@sv.vnua.edu.vn','H. Lạng Giang, Bắc Giang',NULL,NULL,NULL,NULL,NULL,NULL,NULL,'STUDENT',_binary '\0',NULL,NULL),('651007','Thạch Thọ','Khải','65','CNTT','K65MMT','2002-05-12 00:00:00.000000','Nam','4672444813','651007@sv.vnua.edu.vn','Huyện ý Yên, Nam Định',NULL,NULL,NULL,NULL,NULL,NULL,NULL,'STUDENT',_binary '\0',NULL,NULL),('651077','Lại Văn','Khải','65','CNTT','K65CNPMA','2002-05-12 00:00:00.000000','Nữ','8259795475','651077@sv.vnua.edu.vn','Đông Hưng, Thái Bình',NULL,NULL,NULL,NULL,NULL,NULL,NULL,'STUDENT',_binary '\0',NULL,NULL),('651083','Nguyễn Kiều','Trinh','65','MMT','K65CNTTA','2002-05-12 00:00:00.000000','Nữ','3997116568','651083@sv.vnua.edu.vn','Huyện Thạch Thất, Hà Nội',NULL,NULL,NULL,NULL,NULL,NULL,NULL,'STUDENT',_binary '\0',NULL,NULL),('651084','Lê Tuấn','Thành','65','TTNT','K65CNTTB','2002-05-12 00:00:00.000000','Nữ','4573262971','651084@sv.vnua.edu.vn','Long Biên, Hà Nội',NULL,NULL,NULL,NULL,NULL,NULL,NULL,'STUDENT',_binary '\0',NULL,NULL),('651085','Lê Phúc','Vinh','65','MMT','K65MMT','2002-05-12 00:00:00.000000','Nữ','2195493543','651085@sv.vnua.edu.vn','Đông Hưng - Thái Bình',NULL,NULL,NULL,NULL,NULL,NULL,NULL,'STUDENT',_binary '\0',NULL,NULL),('651094','Nguyễn Minh','Đăng','65','CNTT','K65CNPMA','2002-05-12 00:00:00.000000','Nữ','146188056','651094@sv.vnua.edu.vn','Đông Sơn-Thanh Hoá',NULL,NULL,NULL,NULL,NULL,NULL,NULL,'STUDENT',_binary '\0',NULL,NULL),('651099','Lê Hồng','Anh','65','MMT','K65CNTTA','2002-05-12 00:00:00.000000','Nữ','2280736949','651099@sv.vnua.edu.vn','H. Kinh Môn, Hải Dương',NULL,NULL,NULL,NULL,NULL,NULL,NULL,'STUDENT',_binary '\0',NULL,NULL),('651107','Nguyễn Việt','Hưng','65','CNTT','K65CNTTB','2002-05-12 00:00:00.000000','Nữ','3490785993','651107@sv.vnua.edu.vn','TP Hải Dương, Hải Dương',NULL,NULL,NULL,NULL,NULL,NULL,NULL,'STUDENT',_binary '\0',NULL,NULL),('651157','Quản Trọng','Toàn','65','TTNT','K65MMT','2002-05-12 00:00:00.000000','Nữ','5634426911','651157@sv.vnua.edu.vn','Thanh Oai - Hà Nội',NULL,NULL,NULL,NULL,NULL,NULL,NULL,'STUDENT',_binary '\0',NULL,NULL),('651165','Nguyễn Đức','Tùng','65','TTNT','K65CNPMA','2002-05-12 00:00:00.000000','Nữ','2192963329','651165@sv.vnua.edu.vn','H. Sóc Sơn Hà Nội',NULL,NULL,NULL,NULL,NULL,NULL,NULL,'STUDENT',_binary '\0',NULL,NULL),('651185','Nguyễn Đăng','Long','65','CNTT','K65CNTTA','2002-05-12 00:00:00.000000','Nữ','8994577681','651185@sv.vnua.edu.vn','TP Hải Dương, Hải Dương',NULL,NULL,NULL,NULL,NULL,NULL,NULL,'STUDENT',_binary '\0',NULL,NULL),('651205','Đoàn Quốc','Trường','65','CNTT','K65CNTTB','2002-05-12 00:00:00.000000','Nữ','6430762767','651205@sv.vnua.edu.vn','TP. Hải Dương Hải Dương',NULL,NULL,NULL,NULL,NULL,NULL,NULL,'STUDENT',_binary '\0',NULL,NULL),('651228','Phan Thị Ngọc','ánh','65','TTNT','K65MMT','2002-05-12 00:00:00.000000','Nữ','4760831908','651228@sv.vnua.edu.vn','Đông Hưng, Thái Bình',NULL,NULL,NULL,NULL,NULL,NULL,NULL,'STUDENT',_binary '\0',NULL,NULL),('651254','Vũ Tiến','Mạnh','65','CNTT','K65CNPMA','2002-05-12 00:00:00.000000','Nữ','4625899374','651254@sv.vnua.edu.vn','Hoài Đức - Hà Nội',NULL,NULL,NULL,NULL,NULL,NULL,NULL,'STUDENT',_binary '\0',NULL,NULL),('651288','Bùi Tố Thành','Hưng','65','CNTT','K65CNTTA','2002-05-12 00:00:00.000000','Nữ','3603333299','651288@sv.vnua.edu.vn','H. Kiến Xương, Thái Bình',NULL,NULL,NULL,NULL,NULL,NULL,NULL,'STUDENT',_binary '\0',NULL,NULL),('651307','Nguyễn Minh','Đức','65','MMT','K65CNTTB','2002-05-12 00:00:00.000000','Nữ','5937493801','651307@sv.vnua.edu.vn','Đông Hưng, Thái Bình',NULL,NULL,NULL,NULL,NULL,NULL,NULL,'STUDENT',_binary '\0',NULL,NULL),('651337','Lã Minh','Tuấn','65','TTNT','K65MMT','2002-05-12 00:00:00.000000','Nữ','5053029675','651337@sv.vnua.edu.vn','H. Kim Bảng-Hà Nam',NULL,NULL,NULL,NULL,NULL,NULL,NULL,'STUDENT',_binary '\0',NULL,NULL),('651370','Nguyễn Danh','Đức','65','MMT','K65CNPMA','2002-05-12 00:00:00.000000','Nữ','9323739919','651370@sv.vnua.edu.vn','Quận Hoàng Mai, Hà Nội',NULL,NULL,NULL,NULL,NULL,NULL,NULL,'STUDENT',_binary '\0',NULL,NULL),('651420','Phạm Thị Huyền','Trang','65','MMT','K65CNTTA','2002-05-12 00:00:00.000000','Nữ','186260590','651420@sv.vnua.edu.vn','Huyện Tiên Lữ - Hưng Yên',NULL,NULL,NULL,NULL,NULL,NULL,NULL,'STUDENT',_binary '\0',NULL,NULL),('651429','Bùi Văn','An','65','CNTT','K65CNTTB','2002-05-12 00:00:00.000000','Nữ','4557310584','651429@sv.vnua.edu.vn','Thị Xã Hoàng Mai, Nghệ A',NULL,NULL,NULL,NULL,NULL,NULL,NULL,'STUDENT',_binary '\0',NULL,NULL),('651442','Nguyễn Xuân','Lộc','65','CNTT','K65MMT','2002-05-12 00:00:00.000000','Nam','6776177066','651442@sv.vnua.edu.vn','H. Mường Chà Điện Biên',NULL,NULL,NULL,NULL,NULL,NULL,NULL,'STUDENT',_binary '\0',NULL,NULL),('651512','Nguyễn Minh','Hiếu','65','TTNT','K65CNPMA','2002-05-12 00:00:00.000000','Nữ','2824243679','651512@sv.vnua.edu.vn','H. Gia Lâm, Hà Nội',NULL,NULL,NULL,NULL,NULL,NULL,NULL,'STUDENT',_binary '\0',NULL,NULL),('651514','Nguyễn Hữu','An','65','TTNT','K65CNTTA','2002-05-12 00:00:00.000000','Nữ','8254171278','651514@sv.vnua.edu.vn','Quận Hà Đông, Hà Nội',NULL,NULL,NULL,NULL,NULL,NULL,NULL,'STUDENT',_binary '\0',NULL,NULL),('651578','Nguyễn Hoàng','Dũng','65','CNTT','K65CNTTB','2002-05-12 00:00:00.000000','Nữ','9720215233','651578@sv.vnua.edu.vn',' TP. Hà Nội',NULL,NULL,NULL,NULL,NULL,NULL,NULL,'STUDENT',_binary '\0',NULL,NULL),('651610','Nguyễn Thị Thanh','Vân','65','TTNT','K65MMT','2002-05-12 00:00:00.000000','Nữ','4457255849','651610@sv.vnua.edu.vn','Thuận Thành, Bắc Ninh',NULL,NULL,NULL,NULL,NULL,NULL,NULL,'STUDENT',_binary '\0',NULL,NULL),('651626','Lê Anh','Tuấn','65','MMT','K65CNPMA','2002-05-12 00:00:00.000000','Nữ','7372322526','651626@sv.vnua.edu.vn','Tp. Ninh Bình, Ninh Bình',NULL,NULL,NULL,NULL,NULL,NULL,NULL,'STUDENT',_binary '\0',NULL,NULL),('651634','Bùi Quang','Đăng','65','MMT','K65CNTTA','2002-05-12 00:00:00.000000','Nữ','4246764112','651634@sv.vnua.edu.vn','H.Vĩnh Tường - Vĩnh Phúc',NULL,NULL,NULL,NULL,NULL,NULL,NULL,'STUDENT',_binary '\0',NULL,NULL),('651635','Lê Thuận','An','65','MMT','K65CNTTB','2002-05-12 00:00:00.000000','Nữ','2182431739','651635@sv.vnua.edu.vn','H. Gia Lâm, Hà Nội',NULL,NULL,NULL,NULL,NULL,NULL,NULL,'STUDENT',_binary '\0',NULL,NULL),('651659','Cao Minh','Hữu','65','CNTT','K65MMT','2002-05-12 00:00:00.000000','Nữ','9153845420','651659@sv.vnua.edu.vn','H. Lạng Giang, Bắc Giang',NULL,NULL,NULL,NULL,NULL,NULL,NULL,'STUDENT',_binary '\0',NULL,NULL),('651668','Phạm Quang','Hưng','65','MMT','K65CNPMA','2002-05-12 00:00:00.000000','Nữ','4367802986','651668@sv.vnua.edu.vn','H. Kim Bảng-Hà Nam',NULL,NULL,NULL,NULL,NULL,NULL,NULL,'STUDENT',_binary '\0',NULL,NULL),('651693','Trần Thị Ngọc','ánh','65','CNTT','K65CNTTA','2002-05-12 00:00:00.000000','Nữ','6823926542','651693@sv.vnua.edu.vn','Huyện Bát Xát - Lào Cai',NULL,NULL,NULL,NULL,NULL,NULL,NULL,'STUDENT',_binary '\0',NULL,NULL),('651694','Nguyễn Quý','Hiệp','65','MMT','K65CNTTB','2002-05-12 00:00:00.000000','Nữ','5580351118','651694@sv.vnua.edu.vn','Huyện Đông Anh, Hà Nội',NULL,NULL,NULL,NULL,NULL,NULL,NULL,'STUDENT',_binary '\0',NULL,NULL),('651716','Bùi Minh','Phúc','65','CNTT','K65MMT','2002-05-12 00:00:00.000000','Nữ','9109684109','651716@sv.vnua.edu.vn','Đông Hưng, Thái Bình',NULL,NULL,NULL,NULL,NULL,NULL,NULL,'STUDENT',_binary '\0',NULL,NULL),('651763','Đỗ Nhu','Cầu','65','MMT','K65CNPMA','2002-05-12 00:00:00.000000','Nữ','6707662527','651763@sv.vnua.edu.vn','Huyện ý Yên, Nam Định',NULL,NULL,NULL,NULL,NULL,NULL,NULL,'STUDENT',_binary '\0',NULL,NULL),('651768','Ngô Văn','Huy','65','CNTT','K65CNTTA','2002-05-12 00:00:00.000000','Nữ','207411373','651768@sv.vnua.edu.vn','Gia Lâm - Hà Nội',NULL,NULL,NULL,NULL,NULL,NULL,NULL,'STUDENT',_binary '\0',NULL,NULL),('651808','Nguyễn Văn','Dương','65','MMT','K65CNTTB','2002-05-12 00:00:00.000000','Nữ','2627561608','651808@sv.vnua.edu.vn','Gia Lâm - Hà Nội',NULL,NULL,NULL,NULL,NULL,NULL,NULL,'STUDENT',_binary '\0',NULL,NULL),('651828','Lê Văn','Bình','65','TTNT','K65MMT','2002-05-12 00:00:00.000000','Nam','4154110947','651828@sv.vnua.edu.vn','Huyện Mỹ Đức - Hà Nội',NULL,NULL,NULL,NULL,NULL,NULL,NULL,'STUDENT',_binary '\0',NULL,NULL),('651834','Hoàng Công Nhật','Anh','65','TTNT','K65CNPMA','2002-05-12 00:00:00.000000','Nữ','7337889874','651834@sv.vnua.edu.vn','Huyện Mỹ Đức - Hà Nội',NULL,NULL,NULL,NULL,NULL,NULL,NULL,'STUDENT',_binary '\0',NULL,NULL),('651835','Trần Khánh','Khôi','65','TTNT','K65CNTTA','2002-05-12 00:00:00.000000','Nữ','5357456266','651835@sv.vnua.edu.vn','Huyện Bát Xát - Lào Cai',NULL,NULL,NULL,NULL,NULL,NULL,NULL,'STUDENT',_binary '\0',NULL,NULL),('651836','Đặng Vũ','Hiệp','65','CNTT','K65CNTTB','2002-05-12 00:00:00.000000','Nữ','3747470747','651836@sv.vnua.edu.vn','Quận Hoàn Kiếm - Hà Nội',NULL,NULL,NULL,NULL,NULL,NULL,NULL,'STUDENT',_binary '\0',NULL,NULL),('651863','Phạm Hữu','Sang','65','CNTT','K65MMT','2002-05-12 00:00:00.000000','Nam','691729191','651863@sv.vnua.edu.vn','Quận Hoàng Mai, Hà Nội',NULL,NULL,NULL,NULL,NULL,NULL,NULL,'STUDENT',_binary '\0',NULL,NULL),('651881','Phạm Đức','Nghĩa','65','CNTT','K65CNPMA','2002-05-12 00:00:00.000000','Nữ','7184107685','651881@sv.vnua.edu.vn','Huyện Tứ Kỳ - Hải Dương',NULL,NULL,NULL,NULL,NULL,NULL,NULL,'STUDENT',_binary '\0',NULL,NULL),('651915','Phan Tất Quốc','Thịnh','65','TTNT','K65CNTTA','2002-05-12 00:00:00.000000','Nữ','2587792991','651915@sv.vnua.edu.vn','Bắc Giang - Bắc Giang',NULL,NULL,NULL,NULL,NULL,NULL,NULL,'STUDENT',_binary '\0',NULL,NULL),('651938','Trần Quang','Hà','65','TTNT','K65CNTTB','2002-05-12 00:00:00.000000','Nữ','7626663117','651938@sv.vnua.edu.vn','Yên Mô - Ninh Bình',NULL,NULL,NULL,NULL,NULL,NULL,NULL,'STUDENT',_binary '\0',NULL,NULL),('651954','Nguyễn Quang','Thiện','65','MMT','K65MMT','2002-05-12 00:00:00.000000','Nữ','3135197577','651954@sv.vnua.edu.vn','TX. Từ  Sơn Bắc Ninh',NULL,NULL,NULL,NULL,NULL,NULL,NULL,'STUDENT',_binary '\0',NULL,NULL),('652004','Âu Tùng','Anh','65','CNTT','K65CNPMA','2002-05-12 00:00:00.000000','Nữ','4572053467','652004@sv.vnua.edu.vn','Thanh Oai - Hà Nội',NULL,NULL,NULL,NULL,NULL,NULL,NULL,'STUDENT',_binary '\0',NULL,NULL),('652007','Lê Tuấn','Dương','65','MMT','K65CNTTA','2002-05-12 00:00:00.000000','Nữ','5370983694','652007@sv.vnua.edu.vn','Huyện Phúc Thọ, Hà Nội',NULL,NULL,NULL,NULL,NULL,NULL,NULL,'STUDENT',_binary '\0',NULL,NULL),('652010','Nguyễn Mậu','Thành','65','CNTT','K65CNTTB','2002-05-12 00:00:00.000000','Nam','4621032081','652010@sv.vnua.edu.vn','Tx. Từ  Sơn - Bắc Ninh',NULL,NULL,NULL,NULL,NULL,NULL,NULL,'STUDENT',_binary '\0',NULL,NULL),('652011','Nguyễn Đình Quốc','Tuấn','65','MMT','K65MMT','2002-05-12 00:00:00.000000','Nữ','9456017697','652011@sv.vnua.edu.vn','H. Thanh Trì, Hà Nội',NULL,NULL,NULL,NULL,NULL,NULL,NULL,'STUDENT',_binary '\0',NULL,NULL),('652040','Tô Minh','Thuận','65','CNTT','K65CNPMA','2002-05-12 00:00:00.000000','Nữ','9412463236','652040@sv.vnua.edu.vn','Đông Anh, Hà Nội',NULL,NULL,NULL,NULL,NULL,NULL,NULL,'STUDENT',_binary '\0',NULL,NULL),('652046','Vũ Thanh','Tiến','65','TTNT','K65CNTTA','2002-05-12 00:00:00.000000','Nữ','9872103430','652046@sv.vnua.edu.vn','H. An Dương, Hải Phòng',NULL,NULL,NULL,NULL,NULL,NULL,NULL,'STUDENT',_binary '\0',NULL,NULL),('652056','Lâm Đức','Thành','65','TTNT','K65CNTTB','2002-05-12 00:00:00.000000','Nữ','5564036913','652056@sv.vnua.edu.vn','H. Thanh Oai-Hà Nội',NULL,NULL,NULL,NULL,NULL,NULL,NULL,'STUDENT',_binary '\0',NULL,NULL),('652074','Nguyễn Thị Khánh','Linh','65','CNTT','K65MMT','2002-05-12 00:00:00.000000','Nữ','9725092693','652074@sv.vnua.edu.vn','Huyện Bát Xát - Lào Cai',NULL,NULL,NULL,NULL,NULL,NULL,NULL,'STUDENT',_binary '\0',NULL,NULL),('652085','Đặng Văn','Đức','65','TTNT','K65CNPMA','2002-05-12 00:00:00.000000','Nam','6966980345','652085@sv.vnua.edu.vn','H. Mỹ Đức, Hà Nội',NULL,NULL,NULL,NULL,NULL,NULL,NULL,'STUDENT',_binary '\0',NULL,NULL),('652112','Nguyễn Công','Huy','65','CNTT','K65CNTTA','2002-05-12 00:00:00.000000','Nữ','4295544247','652112@sv.vnua.edu.vn','H. Cẩm Giàng, Hải Dương',NULL,NULL,NULL,NULL,NULL,NULL,NULL,'STUDENT',_binary '\0',NULL,NULL),('652127','Hoàng Vũ Hải','Băng','65','MMT','K65CNTTB','2002-05-12 00:00:00.000000','Nữ','5244631030','652127@sv.vnua.edu.vn','H. Thường Tín - Hà Nội',NULL,NULL,NULL,NULL,NULL,NULL,NULL,'STUDENT',_binary '\0',NULL,NULL),('652147','Trần Thị Lan','Anh','65','TTNT','K65MMT','2002-05-12 00:00:00.000000','Nữ','6353576890','652147@sv.vnua.edu.vn','Quận Thanh Xuân - Hà Nội',NULL,NULL,NULL,NULL,NULL,NULL,NULL,'STUDENT',_binary '\0',NULL,NULL),('652166','Phạm Tiến','Dũng','65','TTNT','K65CNPMA','2002-05-12 00:00:00.000000','Nữ','1064919113','652166@sv.vnua.edu.vn','Huyện Mỹ Đức - Hà Nội',NULL,NULL,NULL,NULL,NULL,NULL,NULL,'STUDENT',_binary '\0',NULL,NULL),('652181','Nguyễn Hải','Nam','65','MMT','K65CNTTA','2002-05-12 00:00:00.000000','Nữ','3831048168','652181@sv.vnua.edu.vn','H. Thanh Oai-Hà Nội',NULL,NULL,NULL,NULL,NULL,NULL,NULL,'STUDENT',_binary '\0',NULL,NULL),('652184','Khổng Xuân','Việt','65','TTNT','K65CNTTB','2002-05-12 00:00:00.000000','Nữ','5687325167','652184@sv.vnua.edu.vn','Gia Lâm - Hà Nội',NULL,NULL,NULL,NULL,NULL,NULL,NULL,'STUDENT',_binary '\0',NULL,NULL),('652186','Đỗ Tiến','Mạnh','65','CNTT','K65MMT','2002-05-12 00:00:00.000000','Nữ','1941710150','652186@sv.vnua.edu.vn','Tp. Ninh Bình, Ninh Bình',NULL,NULL,NULL,NULL,NULL,NULL,NULL,'STUDENT',_binary '\0',NULL,NULL),('652251','Lê Công','Hoàng','65','CNTT','K65CNPMA','2002-05-12 00:00:00.000000','Nữ','8583381091','652251@sv.vnua.edu.vn','H. Mai Sơn, Sơn La',NULL,NULL,NULL,NULL,NULL,NULL,NULL,'STUDENT',_binary '\0',NULL,NULL),('652265','Phạm Thành','Chung','65','MMT','K65CNTTA','2002-05-12 00:00:00.000000','Nữ','3115129634','652265@sv.vnua.edu.vn','Hoa Lư, Ninh Bình',NULL,NULL,NULL,NULL,NULL,NULL,NULL,'STUDENT',_binary '\0',NULL,NULL),('652305','Lê Đức Việt','Hoàng','65','CNTT','K65CNTTB','2002-05-12 00:00:00.000000','Nữ','2860015858','652305@sv.vnua.edu.vn','Huyện Phúc Thọ, Hà Nội',NULL,NULL,NULL,NULL,NULL,NULL,NULL,'STUDENT',_binary '\0',NULL,NULL),('652358','Nguyễn Xuân','Ngát','65','MMT','K65MMT','2002-05-12 00:00:00.000000','Nữ','8506966330','652358@sv.vnua.edu.vn','Đông Sơn-Thanh Hoá',NULL,NULL,NULL,NULL,NULL,NULL,NULL,'STUDENT',_binary '\0',NULL,NULL),('652371','Nguyễn Minh','Đức','65','TTNT','K65CNPMA','2002-05-12 00:00:00.000000','Nữ','2355811830','652371@sv.vnua.edu.vn','Long Biên, Hà Nội',NULL,NULL,NULL,NULL,NULL,NULL,NULL,'STUDENT',_binary '\0',NULL,NULL),('652400','Trương Tuấn','Đạt','65','TTNT','K65CNTTA','2002-05-12 00:00:00.000000','Nữ','1989279881','652400@sv.vnua.edu.vn','TP. Phủ Lý Hà Nam',NULL,NULL,NULL,NULL,NULL,NULL,NULL,'STUDENT',_binary '\0',NULL,NULL),('652411','Phạm Thanh','Tâm','65','MMT','K65CNTTB','2002-05-12 00:00:00.000000','Nữ','3726282787','652411@sv.vnua.edu.vn','Vĩnh Tường - Vĩnh Phúc',NULL,NULL,NULL,NULL,NULL,NULL,NULL,'STUDENT',_binary '\0',NULL,NULL),('652413','Nguyễn Đức Tùng','Dương','65','TTNT','K65MMT','2002-05-12 00:00:00.000000','Nam','2260117207','652413@sv.vnua.edu.vn','H.Đông Anh - Hà Nội',NULL,NULL,NULL,NULL,NULL,NULL,NULL,'STUDENT',_binary '\0',NULL,NULL),('652461','Nguyễn Xuân Trung','Hiếu','65','CNTT','K65CNPMA','2002-05-12 00:00:00.000000','Nữ','4587350026','652461@sv.vnua.edu.vn','Giao Thủy, Nam Định',NULL,NULL,NULL,NULL,NULL,NULL,NULL,'STUDENT',_binary '\0',NULL,NULL),('652487','Nguyễn Hữu','Hiếu','65','CNTT','K65CNTTA','2002-05-12 00:00:00.000000','Nữ','2472267146','652487@sv.vnua.edu.vn','Đông Hưng, Thái Bình',NULL,NULL,NULL,NULL,NULL,NULL,NULL,'STUDENT',_binary '\0',NULL,NULL),('652494','Nguyễn Thị Minh','Thu','65','MMT','K65CNTTB','2002-05-12 00:00:00.000000','Nữ','7255249703','652494@sv.vnua.edu.vn','Hoa Lư, Ninh Bình',NULL,NULL,NULL,NULL,NULL,NULL,NULL,'STUDENT',_binary '\0',NULL,NULL),('652533','Nguyễn Thế','Danh','65','CNTT','K65MMT','2002-05-12 00:00:00.000000','Nam','5884148539','652533@sv.vnua.edu.vn','Đông Anh, Hà Nội',NULL,NULL,NULL,NULL,NULL,NULL,NULL,'STUDENT',_binary '\0',NULL,NULL),('652537','Vũ Hoàng','Yến','65','TTNT','K65CNPMA','2002-05-12 00:00:00.000000','Nữ','2700323366','652537@sv.vnua.edu.vn','Huyện Lý Nhân - Hà Nam',NULL,NULL,NULL,NULL,NULL,NULL,NULL,'STUDENT',_binary '\0',NULL,NULL),('652560','Nguyễn Quốc','Huy','65','CNTT','K65CNTTA','2002-05-12 00:00:00.000000','Nữ','7256789242','652560@sv.vnua.edu.vn','Gia Lâm - Hà Nội',NULL,NULL,NULL,NULL,NULL,NULL,NULL,'STUDENT',_binary '\0',NULL,NULL),('652575','Vũ Minh','Chiến','65','CNTT','K65CNTTB','2002-05-12 00:00:00.000000','Nữ','9016830058','652575@sv.vnua.edu.vn','Văn Lâm - Hưng Yên',NULL,NULL,NULL,NULL,NULL,NULL,NULL,'STUDENT',_binary '\0',NULL,NULL),('652582','Vũ Quốc','Đạt','65','TTNT','K65MMT','2002-05-12 00:00:00.000000','Nữ','8553795454','652582@sv.vnua.edu.vn','Bắc Giang - Bắc Giang',NULL,NULL,NULL,NULL,NULL,NULL,NULL,'STUDENT',_binary '\0',NULL,NULL),('652585','Hoàng Đức','Lương','65','MMT','K65CNPMA','2002-05-12 00:00:00.000000','Nữ','6570196048','652585@sv.vnua.edu.vn','TP. Phủ Lý Hà Nam',NULL,NULL,NULL,NULL,NULL,NULL,NULL,'STUDENT',_binary '\0',NULL,NULL),('652591','Vũ Văn','Thuyên','65','CNTT','K65CNTTA','2002-05-12 00:00:00.000000','Nữ','4586016522','652591@sv.vnua.edu.vn','H. Mường Chà Điện Biên',NULL,NULL,NULL,NULL,NULL,NULL,NULL,'STUDENT',_binary '\0',NULL,NULL),('652621','Phan Tiến','Mạnh','65','CNTT','K65CNTTB','2002-05-12 00:00:00.000000','Nữ','3909772931','652621@sv.vnua.edu.vn','Gia Lâm - Hà Nội',NULL,NULL,NULL,NULL,NULL,NULL,NULL,'STUDENT',_binary '\0',NULL,NULL),('652647','Trần Mạnh','Quỳnh','65','CNTT','K65MMT','2002-05-12 00:00:00.000000','Nữ','4618231374','652647@sv.vnua.edu.vn','H. Lạc Thủy, Hoà Bình',NULL,NULL,NULL,NULL,NULL,NULL,NULL,'STUDENT',_binary '\0',NULL,NULL),('652673','Đặng Tuấn','Kiệt','65','TTNT','K65CNPMA','2002-05-12 00:00:00.000000','Nữ','4527284492','652673@sv.vnua.edu.vn','Huyện Ba Vì, Hà Nội',NULL,NULL,NULL,NULL,NULL,NULL,NULL,'STUDENT',_binary '\0',NULL,NULL),('652694','Trần Thị Phương','Thảo','65','MMT','K65CNTTA','2002-05-12 00:00:00.000000','Nữ','1091191935','652694@sv.vnua.edu.vn','H. Sìn Hồ, Lai Châu',NULL,NULL,NULL,NULL,NULL,NULL,NULL,'STUDENT',_binary '\0',NULL,NULL),('652712','Trương Xuân','Hà','65','CNTT','K65CNTTB','2002-05-12 00:00:00.000000','Nữ','8588356733','652712@sv.vnua.edu.vn','Quận Hoàng Mai, Hà Nội',NULL,NULL,NULL,NULL,NULL,NULL,NULL,'STUDENT',_binary '\0',NULL,NULL),('652774','Nguyễn Minh','Hiếu','65','TTNT','K65MMT','2002-05-12 00:00:00.000000','Nữ','9620727345','652774@sv.vnua.edu.vn','Q. Long Biên Hà Nội',NULL,NULL,NULL,NULL,NULL,NULL,NULL,'STUDENT',_binary '\0',NULL,NULL),('653002','Khúc Quang','Huy','65','CNTT','K65CNPMA','2002-05-12 00:00:00.000000','Nữ','28931714','653002@sv.vnua.edu.vn','Vĩnh Tường - Vĩnh Phúc',NULL,NULL,NULL,NULL,NULL,NULL,NULL,'STUDENT',_binary '\0',NULL,NULL),('653006','Nguyễn Thị Vân','Anh','65','MMT','K65CNTTA','2002-05-12 00:00:00.000000','Nữ','1564795683','653006@sv.vnua.edu.vn','Huyện Mỹ Hào - Hưng Yên',NULL,NULL,NULL,NULL,NULL,NULL,NULL,'STUDENT',_binary '\0',NULL,NULL),('653020','Phạm Mạnh','Hùng','65','TTNT','K65CNTTB','2002-05-12 00:00:00.000000','Nữ','6745690144','653020@sv.vnua.edu.vn','Q. Long Biên Hà Nội',NULL,NULL,NULL,NULL,NULL,NULL,NULL,'STUDENT',_binary '\0',NULL,NULL),('653032','Ngô Minh','Quang','65','CNTT','K65MMT','2002-05-12 00:00:00.000000','Nữ','6842703303','653032@sv.vnua.edu.vn','H. Chương Mỹ, Hà Nội',NULL,NULL,NULL,NULL,NULL,NULL,NULL,'STUDENT',_binary '\0',NULL,NULL),('653158','Nguyễn Thắng','Thành','65','MMT','K65CNPMA','2002-05-12 00:00:00.000000','Nữ','9437946082','653158@sv.vnua.edu.vn','H. ứng Hòa, Hà Nội',NULL,NULL,NULL,NULL,NULL,NULL,NULL,'STUDENT',_binary '\0',NULL,NULL),('653186','Lưu Đình','Hải','65','CNTT','K65CNTTA','2002-05-12 00:00:00.000000','Nam','7939464451','653186@sv.vnua.edu.vn','H. Gia Lâm, Hà Nội',NULL,NULL,NULL,NULL,NULL,NULL,NULL,'STUDENT',_binary '\0',NULL,NULL),('653196','Lê Đức','Linh','65','TTNT','K65CNTTB','2002-05-12 00:00:00.000000','Nam','5874812711','653196@sv.vnua.edu.vn','Quận Hoàng Mai, Hà Nội',NULL,NULL,NULL,NULL,NULL,NULL,NULL,'STUDENT',_binary '\0',NULL,NULL),('653248','Nguyễn Tuấn','Anh','65','TTNT','K65MMT','2002-05-12 00:00:00.000000','Nữ','7867809481','653248@sv.vnua.edu.vn','Gia Lâm, Hà Nội',NULL,NULL,NULL,NULL,NULL,NULL,NULL,'STUDENT',_binary '\0',NULL,NULL),('653263','Đào Tuấn','Anh','65','CNTT','K65CNPMA','2002-05-12 00:00:00.000000','Nữ','893606553','653263@sv.vnua.edu.vn','H. Quế Võ, Bắc Ninh',NULL,NULL,NULL,NULL,NULL,NULL,NULL,'STUDENT',_binary '\0',NULL,NULL),('653283','Đoàn Văn','Hưởng','65','CNTT','K65CNTTA','2002-05-12 00:00:00.000000','Nam','4898686004','653283@sv.vnua.edu.vn','H. Kinh Môn, Hải Dương',NULL,NULL,NULL,NULL,NULL,NULL,NULL,'STUDENT',_binary '\0',NULL,NULL),('653284','Nguyễn Đức','Đạo','65','CNTT','K65CNTTB','2002-05-12 00:00:00.000000','Nam','1870113129','653284@sv.vnua.edu.vn','Hoài Đức - Hà Nội',NULL,NULL,NULL,NULL,NULL,NULL,NULL,'STUDENT',_binary '\0',NULL,NULL),('653294','Nguyễn Thị Khánh','Huyền','65','CNTT','K65MMT','2002-05-12 00:00:00.000000','Nam','4360647317','653294@sv.vnua.edu.vn','H. Tiên Du-Bắc Ninh',NULL,NULL,NULL,NULL,NULL,NULL,NULL,'STUDENT',_binary '\0',NULL,NULL),('653313','Hà Thanh','Long','65','TTNT','K65CNPMA','2002-05-12 00:00:00.000000','Nữ','5373316385','653313@sv.vnua.edu.vn','H. An Dương, Hải Phòng',NULL,NULL,NULL,NULL,NULL,NULL,NULL,'STUDENT',_binary '\0',NULL,NULL),('653316','Dương Nhật','Khánh','65','MMT','K65CNTTA','2002-05-12 00:00:00.000000','Nữ','3643005315','653316@sv.vnua.edu.vn','Huyện Gia Lâm, Hà Nội',NULL,NULL,NULL,NULL,NULL,NULL,NULL,'STUDENT',_binary '\0',NULL,NULL),('653383','Đinh Trọng','Thắng','65','CNTT','K65CNTTB','2002-05-12 00:00:00.000000','Nữ','3057931843','653383@sv.vnua.edu.vn','Hoài Đức - Hà Nội',NULL,NULL,NULL,NULL,NULL,NULL,NULL,'STUDENT',_binary '\0',NULL,NULL),('653483','Nguyễn Đức','Duy','65','CNTT','K65MMT','2002-05-12 00:00:00.000000','Nữ','5555256931','653483@sv.vnua.edu.vn','H. Điện Biên , Điện Biên',NULL,NULL,NULL,NULL,NULL,NULL,NULL,'STUDENT',_binary '\0',NULL,NULL),('653492','Lê Trần Quốc','Huy','65','CNTT','K65CNPMA','2002-05-12 00:00:00.000000','Nữ','8346593650','653492@sv.vnua.edu.vn','Thanh Oai - Hà Nội',NULL,NULL,NULL,NULL,NULL,NULL,NULL,'STUDENT',_binary '\0',NULL,NULL),('653517','Nguyễn Trung','Thành','65','TTNT','K65CNTTA','2002-05-12 00:00:00.000000','Nữ','8047788274','653517@sv.vnua.edu.vn','Huyện Tiên Lữ - Hưng Yên',NULL,NULL,NULL,NULL,NULL,NULL,NULL,'STUDENT',_binary '\0',NULL,NULL),('653522','Nguyễn Hoàng','Tiến','65','MMT','K65CNTTB','2002-05-12 00:00:00.000000','Nữ','5831505574','653522@sv.vnua.edu.vn','Tx. Từ  Sơn - Bắc Ninh',NULL,NULL,NULL,NULL,NULL,NULL,NULL,'STUDENT',_binary '\0',NULL,NULL),('653602','Đào Mạnh','Dũng','65','CNTT','K65MMT','2002-05-12 00:00:00.000000','Nữ','539271661','653602@sv.vnua.edu.vn','Gia Lâm, Hà Nội',NULL,NULL,NULL,NULL,NULL,NULL,NULL,'STUDENT',_binary '\0',NULL,NULL),('653612','Vũ Huy','Đại','65','CNTT','K65CNPMA','2002-05-12 00:00:00.000000','Nam','8440926419','653612@sv.vnua.edu.vn','H.Đông Anh - Hà Nội',NULL,NULL,NULL,NULL,NULL,NULL,NULL,'STUDENT',_binary '\0',NULL,NULL),('653636','Vũ Đình','Tuyền','65','TTNT','K65CNTTA','2002-05-12 00:00:00.000000','Nữ','4194810138','653636@sv.vnua.edu.vn','Huyện Thạch Thất, Hà Nội',NULL,NULL,NULL,NULL,NULL,NULL,NULL,'STUDENT',_binary '\0',NULL,NULL),('653653','Nguyễn Văn','Chiến','65','CNTT','K65CNTTB','2002-05-12 00:00:00.000000','Nữ','9362482136','653653@sv.vnua.edu.vn','Huyện Lý Nhân - Hà Nam',NULL,NULL,NULL,NULL,NULL,NULL,NULL,'STUDENT',_binary '\0',NULL,NULL),('653656','Trần Tuấn','Dũng','65','TTNT','K65MMT','2002-05-12 00:00:00.000000','Nam','3864646268','653656@sv.vnua.edu.vn','TX. Từ  Sơn Bắc Ninh',NULL,NULL,NULL,NULL,NULL,NULL,NULL,'STUDENT',_binary '\0',NULL,NULL),('653690','Vũ Hoàng','Anh','65','MMT','K65CNPMA','2002-05-12 00:00:00.000000','Nữ','5322574399','653690@sv.vnua.edu.vn','Vĩnh Tường - Vĩnh Phúc',NULL,NULL,NULL,NULL,NULL,NULL,NULL,'STUDENT',_binary '\0',NULL,NULL),('653721','Đoàn Nông','Bình','65','TTNT','K65CNTTA','2002-05-12 00:00:00.000000','Nam','9304092995','653721@sv.vnua.edu.vn','H. Chương Mỹ, Hà Nội',NULL,NULL,NULL,NULL,NULL,NULL,NULL,'STUDENT',_binary '\0',NULL,NULL),('653774','Nguyễn Mạnh','Cường','65','MMT','K65CNTTB','2002-05-12 00:00:00.000000','Nam','9717886777','653774@sv.vnua.edu.vn','Huyện Phúc Thọ, Hà Nội',NULL,NULL,NULL,NULL,NULL,NULL,NULL,'STUDENT',_binary '\0',NULL,NULL),('653821','Lê Thị Ngọc','Khánh','65','MMT','K65MMT','2002-05-12 00:00:00.000000','Nữ','4637407598','653821@sv.vnua.edu.vn',' TP. Hà Nội',NULL,NULL,NULL,NULL,NULL,NULL,NULL,'STUDENT',_binary '\0',NULL,NULL),('653845','Phạm Huy','Nguyên','65','TTNT','K65CNPMA','2002-05-12 00:00:00.000000','Nữ','3533900298','653845@sv.vnua.edu.vn','H. Gia Lâm, Hà Nội',NULL,NULL,NULL,NULL,NULL,NULL,NULL,'STUDENT',_binary '\0',NULL,NULL),('653906','Nguyễn Văn','Duy','65','CNTT','K65CNTTA','2002-05-12 00:00:00.000000','Nam','3742992040','653906@sv.vnua.edu.vn','Huyện Đông Anh, Hà Nội',NULL,NULL,NULL,NULL,NULL,NULL,NULL,'STUDENT',_binary '\0',NULL,NULL),('653909','Đỗ Mạnh','Quang','65','TTNT','K65CNTTB','2002-05-12 00:00:00.000000','Nữ','1625343735','653909@sv.vnua.edu.vn','H. Thanh Trì, Hà Nội',NULL,NULL,NULL,NULL,NULL,NULL,NULL,'STUDENT',_binary '\0',NULL,NULL),('653911','Tạ Bích','Loan','65','TTNT','K65MMT','2002-05-12 00:00:00.000000','Nam','7169706802','653911@sv.vnua.edu.vn','Huyện Tiên Lữ - Hưng Yên',NULL,NULL,NULL,NULL,NULL,NULL,NULL,'STUDENT',_binary '\0',NULL,NULL),('653938','Nguyễn Tiến','Nam','65','TTNT','K65CNPMA','2002-05-12 00:00:00.000000','Nữ','6872308256','653938@sv.vnua.edu.vn','Yên Mô - Ninh Bình',NULL,NULL,NULL,NULL,NULL,NULL,NULL,'STUDENT',_binary '\0',NULL,NULL),('653943','Phan Mạnh','Thắng','65','CNTT','K65CNTTA','2002-05-12 00:00:00.000000','Nữ','7173366025','653943@sv.vnua.edu.vn','Huyện Tứ Kỳ - Hải Dương',NULL,NULL,NULL,NULL,NULL,NULL,NULL,'STUDENT',_binary '\0',NULL,NULL),('653944','Bùi Duy','Hiếu','65','CNTT','K65CNTTB','2002-05-12 00:00:00.000000','Nam','7401156291','653944@sv.vnua.edu.vn','H. Tiên Du-Bắc Ninh',NULL,NULL,NULL,NULL,NULL,NULL,NULL,'STUDENT',_binary '\0',NULL,NULL),('653973','Vũ Phương','Mai','65','MMT','K65MMT','2002-05-12 00:00:00.000000','Nữ','1780070982','653973@sv.vnua.edu.vn','Bắc Giang - Bắc Giang',NULL,NULL,NULL,NULL,NULL,NULL,NULL,'STUDENT',_binary '\0',NULL,NULL),('654006','Nguyễn Đình','Hiệp','65','CNTT','K65CNPMA','2002-05-12 00:00:00.000000','Nữ','2093877884','654006@sv.vnua.edu.vn','TP. Phủ Lý Hà Nam',NULL,NULL,NULL,NULL,NULL,NULL,NULL,'STUDENT',_binary '\0',NULL,NULL),('654039','Vũ Trọng','Quân','65','CNTT','K65CNTTA','2002-05-12 00:00:00.000000','Nữ','7096003146','654039@sv.vnua.edu.vn','Đông Hưng, Thái Bình',NULL,NULL,NULL,NULL,NULL,NULL,NULL,'STUDENT',_binary '\0',NULL,NULL),('654070','Nguyễn Mạnh','Thắng','65','MMT','K65CNTTB','2002-05-12 00:00:00.000000','Nữ','5392546182','654070@sv.vnua.edu.vn','Đông Anh, Hà Nội',NULL,NULL,NULL,NULL,NULL,NULL,NULL,'STUDENT',_binary '\0',NULL,NULL),('654101','Nguyễn Vũ Hải','Dương','65','MMT','K65MMT','2002-05-12 00:00:00.000000','Nữ','7847081712','654101@sv.vnua.edu.vn','Hoài Đức - Hà Nội',NULL,NULL,NULL,NULL,NULL,NULL,NULL,'STUDENT',_binary '\0',NULL,NULL),('654129','Lê Anh','Dũng','65','CNTT','K65CNPMA','2002-05-12 00:00:00.000000','Nữ','4643773409','654129@sv.vnua.edu.vn','Đông Hưng - Thái Bình',NULL,NULL,NULL,NULL,NULL,NULL,NULL,'STUDENT',_binary '\0',NULL,NULL),('654148','Nguyễn Đức','Hoàng','65','MMT','K65CNTTA','2002-05-12 00:00:00.000000','Nữ','9466261476','654148@sv.vnua.edu.vn','Long Biên - Hà Nội',NULL,NULL,NULL,NULL,NULL,NULL,NULL,'STUDENT',_binary '\0',NULL,NULL),('654181','Nguyễn Tuấn','Anh','65','CNTT','K65CNTTB','2002-05-12 00:00:00.000000','Nữ','1527424424','654181@sv.vnua.edu.vn','Huyện Mỹ Hào - Hưng Yên',NULL,NULL,NULL,NULL,NULL,NULL,NULL,'STUDENT',_binary '\0',NULL,NULL),('654249','Nguyễn Anh','Phương','65','TTNT','K65MMT','2002-05-12 00:00:00.000000','Nam','829013274','654249@sv.vnua.edu.vn','Quận Thanh Xuân - Hà Nội',NULL,NULL,NULL,NULL,NULL,NULL,NULL,'STUDENT',_binary '\0',NULL,NULL),('654288','Phùng Hải','Đăng','65','CNTT','K65CNPMA','2002-05-12 00:00:00.000000','Nữ','4866024460','654288@sv.vnua.edu.vn','TP Hải Dương, Hải Dương',NULL,NULL,NULL,NULL,NULL,NULL,NULL,'STUDENT',_binary '\0',NULL,NULL),('654299','Vũ Thị','Bích','65','CNTT','K65CNTTA','2002-05-12 00:00:00.000000','Nam','8598254420','654299@sv.vnua.edu.vn','H. Tiên Du-Bắc Ninh',NULL,NULL,NULL,NULL,NULL,NULL,NULL,'STUDENT',_binary '\0',NULL,NULL),('654323','Đỗ Đức','Chiến','65','TTNT','K65CNTTB','2002-05-12 00:00:00.000000','Nữ','6417546155','654323@sv.vnua.edu.vn','H. Nam Sách, Hải Dương',NULL,NULL,NULL,NULL,NULL,NULL,NULL,'STUDENT',_binary '\0',NULL,NULL),('654349','Đào Thế','Anh','65','TTNT','K65MMT','2002-05-12 00:00:00.000000','Nữ','8597616007','654349@sv.vnua.edu.vn',' TP. Hà Nội',NULL,NULL,NULL,NULL,NULL,NULL,NULL,'STUDENT',_binary '\0',NULL,NULL),('654417','Phan Xuân','Đề','65','CNTT','K65CNPMA','2002-05-12 00:00:00.000000','Nữ','8663680294','654417@sv.vnua.edu.vn','Tp. Bắc Giang, Bắc Giang',NULL,NULL,NULL,NULL,NULL,NULL,NULL,'STUDENT',_binary '\0',NULL,NULL),('654422','Đinh Phụng','Hoàng','65','MMT','K65CNTTA','2002-05-12 00:00:00.000000','Nữ','3766163344','654422@sv.vnua.edu.vn','H. Thanh Oai-Hà Nội',NULL,NULL,NULL,NULL,NULL,NULL,NULL,'STUDENT',_binary '\0',NULL,NULL),('654423','Nguyễn Đức','Minh','65','TTNT','K65CNTTB','2002-05-12 00:00:00.000000','Nữ','1406866056','654423@sv.vnua.edu.vn','H. Phú Xuyên, Hà Nội',NULL,NULL,NULL,NULL,NULL,NULL,NULL,'STUDENT',_binary '\0',NULL,NULL),('654501','Hoàng Tùng','Lâm','65','MMT','K65MMT','2002-05-12 00:00:00.000000','Nữ','2826341667','654501@sv.vnua.edu.vn','Q. Long Biên Hà Nội',NULL,NULL,NULL,NULL,NULL,NULL,NULL,'STUDENT',_binary '\0',NULL,NULL),('654509','Phan Viết','Đại','65','MMT','K65CNPMA','2002-05-12 00:00:00.000000','Nữ','3505767877','654509@sv.vnua.edu.vn','H. Sóc Sơn Hà Nội',NULL,NULL,NULL,NULL,NULL,NULL,NULL,'STUDENT',_binary '\0',NULL,NULL),('654551','Bùi Tuấn','Anh','65','MMT','K65CNTTA','2002-05-12 00:00:00.000000','Nữ','5866339693','654551@sv.vnua.edu.vn','TX. Từ  Sơn Bắc Ninh',NULL,NULL,NULL,NULL,NULL,NULL,NULL,'STUDENT',_binary '\0',NULL,NULL),('654553','Vũ Quang','Huy','65','CNTT','K65CNTTB','2002-05-12 00:00:00.000000','Nam','7709393977','654553@sv.vnua.edu.vn','Long Biên - Hà Nội',NULL,NULL,NULL,NULL,NULL,NULL,NULL,'STUDENT',_binary '\0',NULL,NULL),('654554','Đinh Tuấn','Khải','65','MMT','K65MMT','2002-05-12 00:00:00.000000','Nữ','3521953552','654554@sv.vnua.edu.vn','TP. Hải Dương Hải Dương',NULL,NULL,NULL,NULL,NULL,NULL,NULL,'STUDENT',_binary '\0',NULL,NULL),('654631','Phạm Trọng','Dương','65','CNTT','K65CNPMA','2002-05-12 00:00:00.000000','Nữ','8998406306','654631@sv.vnua.edu.vn','H. Điện Biên , Điện Biên',NULL,NULL,NULL,NULL,NULL,NULL,NULL,'STUDENT',_binary '\0',NULL,NULL),('654652','Nguyễn Văn','Phúc','65','CNTT','K65CNTTA','2002-05-12 00:00:00.000000','Nữ','5201090171','654652@sv.vnua.edu.vn','Huyện ý Yên, Nam Định',NULL,NULL,NULL,NULL,NULL,NULL,NULL,'STUDENT',_binary '\0',NULL,NULL),('654661','Cam Trọng','Hiếu','65','CNTT','K65CNTTB','2002-05-12 00:00:00.000000','Nữ','0383817445','abzy@gmail.com','Hà Nội','Gia Lâm, Hà Nội',NULL,NULL,NULL,NULL,NULL,'$2a$10$/4cZxpejWkZg05WOv3cbnetzq95p0h2Gd0GgCgmUBb3BxSkDxYICy','STUDENT',_binary '\0',NULL,NULL),('654674','Nguyễn Thị Thu','Hằng','65','CNTT','K65MMT','2002-05-12 00:00:00.000000','Nữ','3065279551','654674@sv.vnua.edu.vn','Tp. Bắc Giang, Bắc Giang',NULL,NULL,NULL,NULL,NULL,NULL,NULL,'STUDENT',_binary '\0',NULL,NULL),('654888','Nguyễn Văn','Khang','65','CNTT','K65CNPMA','2002-05-12 00:00:00.000000','Nữ','6021676512','654888@sv.vnua.edu.vn','H. Kim Bảng-Hà Nam',NULL,NULL,NULL,NULL,NULL,NULL,NULL,'STUDENT',_binary '\0',NULL,NULL),('654897','Nguyễn Minh','Hiếu','65','MMT','K65CNTTA','2002-05-12 00:00:00.000000','Nữ','3017870758','654897@sv.vnua.edu.vn','H. Thường Tín, Hà Nội',NULL,NULL,NULL,NULL,NULL,NULL,NULL,'STUDENT',_binary '\0',NULL,NULL),('654937','Vũ Anh','Tuấn','65','CNTT','K65CNTTB','2002-05-12 00:00:00.000000','Nữ','4593891093','654937@sv.vnua.edu.vn','Huyện Lý Nhân, Hà Nam',NULL,NULL,NULL,NULL,NULL,NULL,NULL,'STUDENT',_binary '\0',NULL,NULL),('654950','Trần Lưu','Vũ','65','CNTT','K65MMT','2002-05-12 00:00:00.000000','Nữ','7601758084','654950@sv.vnua.edu.vn','H. Sìn Hồ, Lai Châu',NULL,NULL,NULL,NULL,NULL,NULL,NULL,'STUDENT',_binary '\0',NULL,NULL),('654973','Phạm Anh','Kiên','65','TTNT','K65CNPMA','2002-05-12 00:00:00.000000','Nữ','3842255386','654973@sv.vnua.edu.vn','H. Gia Lâm, Hà Nội',NULL,NULL,NULL,NULL,NULL,NULL,NULL,'STUDENT',_binary '\0',NULL,NULL),('654976','Nguyễn Tuấn','Minh','65','CNTT','K65CNTTA','2002-05-12 00:00:00.000000','Nữ','5269315751','654976@sv.vnua.edu.vn','Huyện Phúc Thọ, Hà Nội',NULL,NULL,NULL,NULL,NULL,NULL,NULL,'STUDENT',_binary '\0',NULL,NULL),('655061','Nguyễn Đình Minh','Hiếu','65','CNTT','K65CNTTB','2002-05-12 00:00:00.000000','Nữ','7550194167','655061@sv.vnua.edu.vn','Hoa Lư, Ninh Bình',NULL,NULL,NULL,NULL,NULL,NULL,NULL,'STUDENT',_binary '\0',NULL,NULL),('655108','Nguyễn Trường','An','65','CNTT','K65MMT','2002-05-12 00:00:00.000000','Nữ','5245691406','655108@sv.vnua.edu.vn','Quận Hoàn Kiếm - Hà Nội',NULL,NULL,NULL,NULL,NULL,NULL,NULL,'STUDENT',_binary '\0',NULL,NULL),('655112','Lê Thị Hương','Giang','65','TTNT','K65CNPMA','2002-05-12 00:00:00.000000','Nam','5745620459','655112@sv.vnua.edu.vn','H. Hà Trung, Thanh Hoá',NULL,NULL,NULL,NULL,NULL,NULL,NULL,'STUDENT',_binary '\0',NULL,NULL),('655148','Đỗ Quang','Minh','65','TTNT','K65CNTTA','2002-05-12 00:00:00.000000','Nữ','8937497091','655148@sv.vnua.edu.vn','Nga Sơn - Thanh Hoá',NULL,NULL,NULL,NULL,NULL,NULL,NULL,'STUDENT',_binary '\0',NULL,NULL),('655163','Nguyễn Hồng','Thịnh','65','CNTT','K65CNTTB','2002-05-12 00:00:00.000000','Nữ','4107047943','655163@sv.vnua.edu.vn','H.Đông Anh - Hà Nội',NULL,NULL,NULL,NULL,NULL,NULL,NULL,'STUDENT',_binary '\0',NULL,NULL),('655176','Màn Vinh','Quang','65','CNTT','K65MMT','2002-05-12 00:00:00.000000','Nữ','201319881','655176@sv.vnua.edu.vn','Hoài Đức - Hà Nội',NULL,NULL,NULL,NULL,NULL,NULL,NULL,'STUDENT',_binary '\0',NULL,NULL),('655194','Hoàng Thị','Nhung','65','MMT','K65CNPMA','2002-05-12 00:00:00.000000','Nữ','1994061634','655194@sv.vnua.edu.vn','Huyện ý Yên, Nam Định',NULL,NULL,NULL,NULL,NULL,NULL,NULL,'STUDENT',_binary '\0',NULL,NULL),('655201','Lê Hồng','Phong','65','CNTT','K65CNTTA','2002-12-06 00:00:00.000000','Nam','0957394831','655201@sv.vnua.edu.vn','Gia Lâm, TP.Hà Nội',NULL,NULL,NULL,NULL,NULL,NULL,'$2a$10$LpZN5KI1zh5R/nvoiK3vPOHTiWC4KdwchbDgJdIdiXgOFXx1NIk0S','STUDENT',_binary '\0',NULL,NULL),('655231','Mai Hoàng','Quân','65','TTNT','K65CNTTB','2002-05-12 00:00:00.000000','Nữ','3975810614','655231@sv.vnua.edu.vn','H. Sóc Sơn Hà Nội',NULL,NULL,NULL,NULL,NULL,NULL,NULL,'STUDENT',_binary '\0',NULL,NULL),('655237','Lương Thế','Hải','65','CNTT','K65MMT','2002-05-12 00:00:00.000000','Nữ','9355950315','655237@sv.vnua.edu.vn','Gia Lâm, Hà Nội',NULL,NULL,NULL,NULL,NULL,NULL,NULL,'STUDENT',_binary '\0',NULL,NULL),('655262','Bùi Duy','Khánh','65','MMT','K65CNPMA','2002-05-12 00:00:00.000000','Nữ','101803012','655262@sv.vnua.edu.vn','H.Đông Anh - Hà Nội',NULL,NULL,NULL,NULL,NULL,NULL,NULL,'STUDENT',_binary '\0',NULL,NULL),('655277','Nguyễn Văn','Nguyên','65','MMT','K65CNTTA','2002-05-12 00:00:00.000000','Nữ','4447837725','655277@sv.vnua.edu.vn','Đông Hưng, Thái Bình',NULL,NULL,NULL,NULL,NULL,NULL,NULL,'STUDENT',_binary '\0',NULL,NULL),('655290','Phạm Trịnh','Trọng','65','MMT','K65CNTTB','2002-05-12 00:00:00.000000','Nam','9655497412','655290@sv.vnua.edu.vn','H.Đông Anh - Hà Nội',NULL,NULL,NULL,NULL,NULL,NULL,NULL,'STUDENT',_binary '\0',NULL,NULL),('655332','Vương Văn','Khải','65','CNTT','K65MMT','2002-05-12 00:00:00.000000','Nữ','5090076490','655332@sv.vnua.edu.vn','H. Đan Phượng, Hà Nội',NULL,NULL,NULL,NULL,NULL,NULL,NULL,'STUDENT',_binary '\0',NULL,NULL),('655338','Nguyễn Thị Hằng','Ly','65','MMT','K65CNPMA','2002-05-12 00:00:00.000000','Nữ','6725970820','655338@sv.vnua.edu.vn','Văn Lâm - Hưng Yên',NULL,NULL,NULL,NULL,NULL,NULL,NULL,'STUDENT',_binary '\0',NULL,NULL),('655339','Phạm Ngọc','Hải','65','CNTT','K65CNTTA','2002-05-12 00:00:00.000000','Nam','6190041543','655339@sv.vnua.edu.vn','Quận Hoàn Kiếm - Hà Nội',NULL,NULL,NULL,NULL,NULL,NULL,NULL,'STUDENT',_binary '\0',NULL,NULL),('655375','Vũ Đức','Huy','65','MMT','K65CNTTB','2002-05-12 00:00:00.000000','Nam','4998963441','655375@sv.vnua.edu.vn','Yên Mô - Ninh Bình',NULL,NULL,NULL,NULL,NULL,NULL,NULL,'STUDENT',_binary '\0',NULL,NULL),('655384','Nguyễn Thị','Liên','65','CNTT','K65MMT','2002-05-12 00:00:00.000000','Nữ','6447430864','655384@sv.vnua.edu.vn','Hoài Đức - Hà Nội',NULL,NULL,NULL,NULL,NULL,NULL,NULL,'STUDENT',_binary '\0',NULL,NULL),('655391','Hoàng Tấn','Phát','65','MMT','K65CNPMA','2002-05-12 00:00:00.000000','Nữ','6824401279','655391@sv.vnua.edu.vn','H.Vĩnh Tường - Vĩnh Phúc',NULL,NULL,NULL,NULL,NULL,NULL,NULL,'STUDENT',_binary '\0',NULL,NULL),('655396','Vũ Thị Kim','Lan','65','TTNT','K65CNTTA','2002-05-12 00:00:00.000000','Nữ','2831863380','655396@sv.vnua.edu.vn','Long Biên - Hà Nội',NULL,NULL,NULL,NULL,NULL,NULL,NULL,'STUDENT',_binary '\0',NULL,NULL),('655405','Nguyễn Thị','Thanh','65','MMT','K65CNTTB','2002-05-12 00:00:00.000000','Nữ','2093199987','655405@sv.vnua.edu.vn','Huyện Tứ Kỳ - Hải Dương',NULL,NULL,NULL,NULL,NULL,NULL,NULL,'STUDENT',_binary '\0',NULL,NULL),('655445','Lê Viết','Hiếu','65','CNTT','K65MMT','2002-05-12 00:00:00.000000','Nam','1837190403','655445@sv.vnua.edu.vn','Đông Hưng - Thái Bình',NULL,NULL,NULL,NULL,NULL,NULL,NULL,'STUDENT',_binary '\0',NULL,NULL),('655446','Lương Quang','Điệp','65','CNTT','K65CNPMA','2002-05-12 00:00:00.000000','Nữ','2355911040','655446@sv.vnua.edu.vn','Huyện Mỹ Hào - Hưng Yên',NULL,NULL,NULL,NULL,NULL,NULL,NULL,'STUDENT',_binary '\0',NULL,NULL),('655449','Lương Thị','Thu','65','CNTT','K65CNTTA','2002-05-12 00:00:00.000000','Nữ','2758061691','655449@sv.vnua.edu.vn','H.Vĩnh Tường - Vĩnh Phúc',NULL,NULL,NULL,NULL,NULL,NULL,NULL,'STUDENT',_binary '\0',NULL,NULL),('655464','Nguyễn Ngọc','Long','65','TTNT','K65CNTTB','2002-05-12 00:00:00.000000','Nữ','8565127721','655464@sv.vnua.edu.vn','H. Thường Tín, Hà Nội',NULL,NULL,NULL,NULL,NULL,NULL,NULL,'STUDENT',_binary '\0',NULL,NULL),('655576','Nguyễn Hữu','Phát','65','MMT','K65MMT','2002-05-12 00:00:00.000000','Nam','740016924','655576@sv.vnua.edu.vn','H. Hà Trung, Thanh Hoá',NULL,NULL,NULL,NULL,NULL,NULL,NULL,'STUDENT',_binary '\0',NULL,NULL),('655593','Vũ Huy','Phước','65','MMT','K65CNPMA','2002-05-12 00:00:00.000000','Nữ','8706099596','655593@sv.vnua.edu.vn','Huyện Ba Vì, Hà Nội',NULL,NULL,NULL,NULL,NULL,NULL,NULL,'STUDENT',_binary '\0',NULL,NULL),('655645','Nguyễn Văn','Trường','65','CNTT','K65CNTTA','2002-05-12 00:00:00.000000','Nữ','3372675141','655645@sv.vnua.edu.vn','H.Đông Anh - Hà Nội',NULL,NULL,NULL,NULL,NULL,NULL,NULL,'STUDENT',_binary '\0',NULL,NULL),('656003','Nguyễn Tiến','Trường','65','TTNT','K65CNTTB','2002-05-12 00:00:00.000000','Nam','8288368405','656003@sv.vnua.edu.vn','Huyện Lý Nhân, Hà Nam',NULL,NULL,NULL,NULL,NULL,NULL,NULL,'STUDENT',_binary '\0',NULL,NULL),('656023','Đặng Minh','Bảo','65','TTNT','K65MMT','2002-05-12 00:00:00.000000','Nữ','3186915647','656023@sv.vnua.edu.vn','TP. Hải Dương Hải Dương',NULL,NULL,NULL,NULL,NULL,NULL,NULL,'STUDENT',_binary '\0',NULL,NULL),('657027','Nguyễn Ngọc','ánh','66','TTNT','K65CNPMA','2002-05-12 00:00:00.000000','Nữ','155704848','657027@sv.vnua.edu.vn','H.Đông Anh - Hà Nội',NULL,NULL,NULL,NULL,NULL,NULL,NULL,'STUDENT',_binary '\0',NULL,NULL),('6650264','Cấn Văn','Khải','66','CNTT','K65CNTTA','2002-05-12 00:00:00.000000','Nữ','5909883897','6650264@sv.vnua.edu.vn','Huyện Gia Lâm, Hà Nội',NULL,NULL,NULL,NULL,NULL,NULL,NULL,'STUDENT',_binary '\0',NULL,NULL),('6650288','Cao Trung','Nam','66','CNTT','K65CNTTB','2002-05-12 00:00:00.000000','Nữ','1998848893','6650288@sv.vnua.edu.vn','H. Gia Lâm, Hà Nội',NULL,NULL,NULL,NULL,NULL,NULL,NULL,'STUDENT',_binary '\0',NULL,NULL),('6650361','Đàm Thành','Long','66','MMT','K65MMT','2002-05-12 00:00:00.000000','Nữ','2468016929','6650361@sv.vnua.edu.vn','H. Gia Lâm, Hà Nội',NULL,NULL,NULL,NULL,NULL,NULL,NULL,'STUDENT',_binary '\0',NULL,NULL),('6650392','Đặng Hoàng Quốc','Anh','66','CNTT','K65CNPMA','2002-05-12 00:00:00.000000','Nam','3044226428','6650392@sv.vnua.edu.vn','H. Thường Tín - Hà Nội',NULL,NULL,NULL,NULL,NULL,NULL,NULL,'STUDENT',_binary '\0',NULL,NULL),('6650484','Đặng Văn','Hoàng','66','CNTT','K65CNTTA','2002-05-12 00:00:00.000000','Nữ','9987875504','6650484@sv.vnua.edu.vn','Bắc Giang - Bắc Giang',NULL,NULL,NULL,NULL,NULL,NULL,NULL,'STUDENT',_binary '\0',NULL,NULL),('6650750','Đỗ Đức','Trung','66','MMT','K65CNTTB','2002-05-12 00:00:00.000000','Nữ','5399001976','6650750@sv.vnua.edu.vn','H. Chương Mỹ, Hà Nội',NULL,NULL,NULL,NULL,NULL,NULL,NULL,'STUDENT',_binary '\0',NULL,NULL),('6650955','Đỗ Việt','Khoa','66','CNTT','K65MMT','2002-05-12 00:00:00.000000','Nữ','2781849254','6650955@sv.vnua.edu.vn','Huyện Phúc Thọ, Hà Nội',NULL,NULL,NULL,NULL,NULL,NULL,NULL,'STUDENT',_binary '\0',NULL,NULL),('6651336','Hoàng Ngọc','Anh','66','MMT','K65CNPMA','2002-05-12 00:00:00.000000','Nam','4697873351','6651336@sv.vnua.edu.vn','Quận Thanh Xuân - Hà Nội',NULL,NULL,NULL,NULL,NULL,NULL,NULL,'STUDENT',_binary '\0',NULL,NULL),('6651339','Hoàng Ngọc','Hải','66','CNTT','K65CNTTA','2002-05-12 00:00:00.000000','Nữ','7554671786','6651339@sv.vnua.edu.vn','Quận Hoàng Mai, Hà Nội',NULL,NULL,NULL,NULL,NULL,NULL,NULL,'STUDENT',_binary '\0',NULL,NULL),('6651720','Lê Minh','Dũng','66','TTNT','K65CNTTB','2002-05-12 00:00:00.000000','Nữ','8908906578','6651720@sv.vnua.edu.vn','Huyện Thạch Thất, Hà Nội',NULL,NULL,NULL,NULL,NULL,NULL,NULL,'STUDENT',_binary '\0',NULL,NULL),('6652235','Mai Sỹ','Cương','66','CNTT','K65MMT','2002-05-12 00:00:00.000000','Nữ','9568413904','6652235@sv.vnua.edu.vn','Thuận Thành, Bắc Ninh',NULL,NULL,NULL,NULL,NULL,NULL,NULL,'STUDENT',_binary '\0',NULL,NULL),('6652385','Ngô Văn','Đức','66','MMT','K65CNPMA','2002-05-12 00:00:00.000000','Nam','6051289193','6652385@sv.vnua.edu.vn','Huyện Văn Lâm, Hưng Yên',NULL,NULL,NULL,NULL,NULL,NULL,NULL,'STUDENT',_binary '\0',NULL,NULL),('6652537','Nguyễn Đình','Khoa','66','TTNT','K65CNTTA','2002-05-12 00:00:00.000000','Nữ','6594258253','6652537@sv.vnua.edu.vn','H. Nam Sách, Hải Dương',NULL,NULL,NULL,NULL,NULL,NULL,NULL,'STUDENT',_binary '\0',NULL,NULL),('6652747','Nguyễn Hoàng','Phúc','66','CNTT','K65CNTTB','2002-05-12 00:00:00.000000','Nữ','4906869309','6652747@sv.vnua.edu.vn','H. Lạng Giang, Bắc Giang',NULL,NULL,NULL,NULL,NULL,NULL,NULL,'STUDENT',_binary '\0',NULL,NULL),('6653351','Nguyễn Thanh','Tùng','66','MMT','K65MMT','2002-05-12 00:00:00.000000','Nữ','3694833048','6653351@sv.vnua.edu.vn','H. Thanh Trì, Hà Nội',NULL,NULL,NULL,NULL,NULL,NULL,NULL,'STUDENT',_binary '\0',NULL,NULL),('6654371','Nguyễn Văn','Đông','66','MMT','K65CNPMA','2002-05-12 00:00:00.000000','Nữ','8558887782','6654371@sv.vnua.edu.vn','Huyện Phúc Thọ, Hà Nội',NULL,NULL,NULL,NULL,NULL,NULL,NULL,'STUDENT',_binary '\0',NULL,NULL),('6654383','Nguyễn Văn','Duy','66','CNTT','K65CNTTA','2002-05-12 00:00:00.000000','Nữ','8774624325','6654383@sv.vnua.edu.vn','Huyện ý Yên, Nam Định',NULL,NULL,NULL,NULL,NULL,NULL,NULL,'STUDENT',_binary '\0',NULL,NULL),('6654599','Nguyễn Xuân Việt','Anh','66','MMT','K65CNTTB','2002-05-12 00:00:00.000000','Nữ','3661894322','6654599@sv.vnua.edu.vn','Giao Thủy, Nam Định',NULL,NULL,NULL,NULL,NULL,NULL,NULL,'STUDENT',_binary '\0',NULL,NULL),('6654975','Phạm Thị Trâm','Anh','66','MMT','K65MMT','2002-05-12 00:00:00.000000','Nữ','4143395200','6654975@sv.vnua.edu.vn','Long Biên, Hà Nội',NULL,NULL,NULL,NULL,NULL,NULL,NULL,'STUDENT',_binary '\0',NULL,NULL),('6655010','Phạm Trí Trung','Kiên','66','CNTT','K65CNPMA','2002-05-12 00:00:00.000000','Nữ','8131197828','6655010@sv.vnua.edu.vn','H.Vĩnh Tường - Vĩnh Phúc',NULL,NULL,NULL,NULL,NULL,NULL,NULL,'STUDENT',_binary '\0',NULL,NULL),('6655011','Phạm Trọng','Nhật','66','TTNT','K65CNTTA','2002-05-12 00:00:00.000000','Nam','2586977568','6655011@sv.vnua.edu.vn','H. Mỹ Đức, Hà Nội',NULL,NULL,NULL,NULL,NULL,NULL,NULL,'STUDENT',_binary '\0',NULL,NULL),('6655014','Phạm Trung','Đức','66','TTNT','K65CNTTB','2002-05-12 00:00:00.000000','Nữ','9320009468','6655014@sv.vnua.edu.vn','Hoài Đức - Hà Nội',NULL,NULL,NULL,NULL,NULL,NULL,NULL,'STUDENT',_binary '\0',NULL,NULL),('6655032','Phạm Văn','Hiệp','66','CNTT','K65MMT','2002-05-12 00:00:00.000000','Nữ','2903629331','6655032@sv.vnua.edu.vn','H. Hà Trung, Thanh Hoá',NULL,NULL,NULL,NULL,NULL,NULL,NULL,'STUDENT',_binary '\0',NULL,NULL),('6655051','Phạm Văn','Trung','66','TTNT','K65CNPMA','2002-05-12 00:00:00.000000','Nữ','3448728588','6655051@sv.vnua.edu.vn','H. Đan Phượng, Hà Nội',NULL,NULL,NULL,NULL,NULL,NULL,NULL,'STUDENT',_binary '\0',NULL,NULL),('6655057','Phạm Văn','Việt','66','CNTT','K65CNTTA','2002-05-12 00:00:00.000000','Nam','8467840800','6655057@sv.vnua.edu.vn','H. Tiên Du-Bắc Ninh',NULL,NULL,NULL,NULL,NULL,NULL,NULL,'STUDENT',_binary '\0',NULL,NULL),('6655224','Phùng Việt','Hưng','66','CNTT','K65CNTTB','2002-05-12 00:00:00.000000','Nữ','3210261330','6655224@sv.vnua.edu.vn','H.Đông Anh - Hà Nội',NULL,NULL,NULL,NULL,NULL,NULL,NULL,'STUDENT',_binary '\0',NULL,NULL),('6655227','Phùng Xuân','Thành','66','MMT','K65MMT','2002-05-12 00:00:00.000000','Nữ','5307594837','6655227@sv.vnua.edu.vn','H. Gia Lâm, Hà Nội',NULL,NULL,NULL,NULL,NULL,NULL,NULL,'STUDENT',_binary '\0',NULL,NULL),('6655285','Tạ Thanh','Duyên','66','CNTT','K65CNPMA','2002-05-12 00:00:00.000000','Nữ','2925580782','6655285@sv.vnua.edu.vn','H. Điện Biên , Điện Biên',NULL,NULL,NULL,NULL,NULL,NULL,NULL,'STUDENT',_binary '\0',NULL,NULL),('6655419','Trần Đức','Phúc','66','CNTT','K65CNTTA','2002-05-12 00:00:00.000000','Nữ','8377767521','6655419@sv.vnua.edu.vn','H. Cẩm Giàng, Hải Dương',NULL,NULL,NULL,NULL,NULL,NULL,NULL,'STUDENT',_binary '\0',NULL,NULL),('6655434','Trần Hải','Đăng','66','TTNT','K65CNTTB','2002-05-12 00:00:00.000000','Nữ','7852225826','6655434@sv.vnua.edu.vn','Yên Mô - Ninh Bình',NULL,NULL,NULL,NULL,NULL,NULL,NULL,'STUDENT',_binary '\0',NULL,NULL),('6655439','Trần Hoàng','Anh','66','TTNT','K65MMT','2002-05-12 00:00:00.000000','Nữ','3511653891','6655439@sv.vnua.edu.vn','Đông Hưng, Thái Bình',NULL,NULL,NULL,NULL,NULL,NULL,NULL,'STUDENT',_binary '\0',NULL,NULL),('6655494','Trần Mạnh','Hùng','66','TTNT','K65CNPMA','2002-05-12 00:00:00.000000','Nữ','9086803778','6655494@sv.vnua.edu.vn','Quận Hà Đông, Hà Nội',NULL,NULL,NULL,NULL,NULL,NULL,NULL,'STUDENT',_binary '\0',NULL,NULL),('6655657','Trần Thị Hoàng','Diệu','66','MMT','K65CNTTA','2002-05-12 00:00:00.000000','Nữ','8208808255','6655657@sv.vnua.edu.vn','TP. Hải Dương Hải Dương',NULL,NULL,NULL,NULL,NULL,NULL,NULL,'STUDENT',_binary '\0',NULL,NULL),('6655948','Triệu Việt','Anh','66','CNTT','K65CNTTB','2002-05-12 00:00:00.000000','Nữ','8564781135','6655948@sv.vnua.edu.vn','Đông Anh, Hà Nội',NULL,NULL,NULL,NULL,NULL,NULL,NULL,'STUDENT',_binary '\0',NULL,NULL),('6656276','Vũ Như','Đạt','66','CNTT','K65MMT','2002-05-12 00:00:00.000000','Nữ','3314926225','6656276@sv.vnua.edu.vn','H. Thanh Oai-Hà Nội',NULL,NULL,NULL,NULL,NULL,NULL,NULL,'STUDENT',_binary '\0',NULL,NULL),('6656485','Vũ Văn','Hoàng','66','CNTT','K65CNPMA','2002-05-12 00:00:00.000000','Nữ','5661929940','6656485@sv.vnua.edu.vn','Quận Hoàn Kiếm - Hà Nội',NULL,NULL,NULL,NULL,NULL,NULL,NULL,'STUDENT',_binary '\0',NULL,NULL),('6656503','Vũ Xuân','Bắc','66','TTNT','K65CNTTA','2002-05-12 00:00:00.000000','Nam','7401194283','6656503@sv.vnua.edu.vn','Tx. Từ  Sơn - Bắc Ninh',NULL,NULL,NULL,NULL,NULL,NULL,NULL,'STUDENT',_binary '\0',NULL,NULL),('6660174','Lê Anh','Đức','66','CNTT','K65CNTTB','2002-05-12 00:00:00.000000','Nữ','1664371468','6660174@sv.vnua.edu.vn','Tp. Ninh Bình, Ninh Bình',NULL,NULL,NULL,NULL,NULL,NULL,NULL,'STUDENT',_binary '\0',NULL,NULL),('6660177','Nguyễn Đức','Huy','66','CNTT','K65MMT','2002-05-12 00:00:00.000000','Nữ','6875247223','6660177@sv.vnua.edu.vn','Tp. Bắc Giang, Bắc Giang',NULL,NULL,NULL,NULL,NULL,NULL,NULL,'STUDENT',_binary '\0',NULL,NULL),('6660260','Hoàng Công Tuấn','Anh','66','CNTT','K65CNPMA','2002-05-12 00:00:00.000000','Nữ','6721149484','6660260@sv.vnua.edu.vn','TX. Từ  Sơn Bắc Ninh',NULL,NULL,NULL,NULL,NULL,NULL,NULL,'STUDENT',_binary '\0',NULL,NULL),('6660730','Phạm Văn','Thực','66','CNTT','K65CNTTA','2002-05-12 00:00:00.000000','Nữ','6793249844','6660730@sv.vnua.edu.vn','H. Kinh Môn, Hải Dương',NULL,NULL,NULL,NULL,NULL,NULL,NULL,'STUDENT',_binary '\0',NULL,NULL),('6661125','Nguyễn Thế','Lộc','66','TTNT','K65CNTTB','2002-05-12 00:00:00.000000','Nữ','838759033','6661125@sv.vnua.edu.vn','H. Sìn Hồ, Lai Châu',NULL,NULL,NULL,NULL,NULL,NULL,NULL,'STUDENT',_binary '\0',NULL,NULL),('6661186','Nguyễn Thành','Đạt','66','CNTT','K65MMT','2002-05-12 00:00:00.000000','Nam','2445876930','6661186@sv.vnua.edu.vn','TP. Phủ Lý Hà Nam',NULL,NULL,NULL,NULL,NULL,NULL,NULL,'STUDENT',_binary '\0',NULL,NULL),('6661203','Tạ Ngọc','Đức','66','TTNT','K65CNPMA','2002-05-12 00:00:00.000000','Nữ','6403168133','6661203@sv.vnua.edu.vn','Huyện Đông Anh, Hà Nội',NULL,NULL,NULL,NULL,NULL,NULL,NULL,'STUDENT',_binary '\0',NULL,NULL),('6661238','Trần Bá','Hiếu','66','CNTT','K65CNTTA','2002-05-12 00:00:00.000000','Nữ','6573346469','6661238@sv.vnua.edu.vn','Hoài Đức - Hà Nội',NULL,NULL,NULL,NULL,NULL,NULL,NULL,'STUDENT',_binary '\0',NULL,NULL),('6661877','Nguyễn Việt','Quang','66','CNTT','K65CNTTB','2002-05-12 00:00:00.000000','Nữ','542348582','6661877@sv.vnua.edu.vn','H. ứng Hòa, Hà Nội',NULL,NULL,NULL,NULL,NULL,NULL,NULL,'STUDENT',_binary '\0',NULL,NULL),('6661888','Vương Trọng','Khang','66','TTNT','K65MMT','2002-05-12 00:00:00.000000','Nữ','7349774805','6661888@sv.vnua.edu.vn','Huyện Tiên Lữ - Hưng Yên',NULL,NULL,NULL,NULL,NULL,NULL,NULL,'STUDENT',_binary '\0',NULL,NULL),('6662012','Trương Tuấn','Hoàng','66','TTNT','K65CNPMA','2002-05-12 00:00:00.000000','Nữ','9168179044','6662012@sv.vnua.edu.vn','Long Biên - Hà Nội',NULL,NULL,NULL,NULL,NULL,NULL,NULL,'STUDENT',_binary '\0',NULL,NULL),('6662327','Nguyễn Duy','Khánh','66','TTNT','K65CNTTA','2002-05-12 00:00:00.000000','Nữ','4596682774','6662327@sv.vnua.edu.vn','Gia Lâm - Hà Nội',NULL,NULL,NULL,NULL,NULL,NULL,NULL,'STUDENT',_binary '\0',NULL,NULL),('6662333','Đỗ Thành','Đạt','66','TTNT','K65CNTTB','2002-05-12 00:00:00.000000','Nam','3812260454','6662333@sv.vnua.edu.vn','Huyện ý Yên, Nam Định',NULL,NULL,NULL,NULL,NULL,NULL,NULL,'STUDENT',_binary '\0',NULL,NULL),('6662467','Hoàng Tuấn','Long','66','MMT','K65MMT','2002-05-12 00:00:00.000000','Nam','4818739764','6662467@sv.vnua.edu.vn','Thị Xã Hoàng Mai, Nghệ A',NULL,NULL,NULL,NULL,NULL,NULL,NULL,'STUDENT',_binary '\0',NULL,NULL),('6662529','Nguyễn Văn','Đài','66','TTNT','K65CNPMA','2002-05-12 00:00:00.000000','Nữ','8988726439','6662529@sv.vnua.edu.vn','Thuận Thành, Bắc Ninh',NULL,NULL,NULL,NULL,NULL,NULL,NULL,'STUDENT',_binary '\0',NULL,NULL),('6665288','Cáp Văn','Hà','66','CNTT','K65CNTTA','2002-05-12 00:00:00.000000','Nam','2514864660','6665288@sv.vnua.edu.vn','Vĩnh Tường - Vĩnh Phúc',NULL,NULL,NULL,NULL,NULL,NULL,NULL,'STUDENT',_binary '\0',NULL,NULL),('6665326','Hoàng Anh','Tuấn','66','CNTT','K65CNTTB','2002-05-12 00:00:00.000000','Nam','7340236979','6665326@sv.vnua.edu.vn','H. Thường Tín, Hà Nội',NULL,NULL,NULL,NULL,NULL,NULL,NULL,'STUDENT',_binary '\0',NULL,NULL),('6665493','Đoàn Việt','Hoàng','66','MMT','K65MMT','2002-05-12 00:00:00.000000','Nữ','5089000636','6665493@sv.vnua.edu.vn','Gia Lâm - Hà Nội',NULL,NULL,NULL,NULL,NULL,NULL,NULL,'STUDENT',_binary '\0',NULL,NULL),('6665542','Nguyễn Quốc','Khánh','66','MMT','K65CNPMA','2002-05-12 00:00:00.000000','Nữ','484871935','6665542@sv.vnua.edu.vn','Huyện Mỹ Hào - Hưng Yên',NULL,NULL,NULL,NULL,NULL,NULL,NULL,'STUDENT',_binary '\0',NULL,NULL),('6665562','Lê Anh','Dũng','66','MMT','K65CNTTA','2002-05-12 00:00:00.000000','Nữ','5678038067','6665562@sv.vnua.edu.vn','Đông Hưng, Thái Bình',NULL,NULL,NULL,NULL,NULL,NULL,NULL,'STUDENT',_binary '\0',NULL,NULL),('6665631','Đinh Văn','Tú','66','CNTT','K65CNTTB','2002-05-12 00:00:00.000000','Nữ','4142242612','6665631@sv.vnua.edu.vn','TP Hải Dương, Hải Dương',NULL,NULL,NULL,NULL,NULL,NULL,NULL,'STUDENT',_binary '\0',NULL,NULL),('6665658','Nguyễn Đắc','Hiếu','66','TTNT','K65MMT','2002-05-12 00:00:00.000000','Nữ','355667820','6665658@sv.vnua.edu.vn','Văn Lâm - Hưng Yên',NULL,NULL,NULL,NULL,NULL,NULL,NULL,'STUDENT',_binary '\0',NULL,NULL),('6665663','Lý Ngọc','ánh','66','CNTT','K65CNPMA','2002-05-12 00:00:00.000000','Nữ','6708314267','6665663@sv.vnua.edu.vn','Q. Long Biên Hà Nội',NULL,NULL,NULL,NULL,NULL,NULL,NULL,'STUDENT',_binary '\0',NULL,NULL),('6665720','Mai Phúc','Hiếu','66','MMT','K65CNTTA','2002-05-12 00:00:00.000000','Nữ','9918975834','6665720@sv.vnua.edu.vn','Thanh Oai - Hà Nội',NULL,NULL,NULL,NULL,NULL,NULL,NULL,'STUDENT',_binary '\0',NULL,NULL),('6665857','Hoàng Mây','Chiều','66','CNTT','K65CNTTB','2002-05-12 00:00:00.000000','Nữ','978643645','6665857@sv.vnua.edu.vn','H.Đông Anh - Hà Nội',NULL,NULL,NULL,NULL,NULL,NULL,NULL,'STUDENT',_binary '\0',NULL,NULL),('6665886','Phạm Thị','Quỳnh','66','TTNT','K65MMT','2002-05-12 00:00:00.000000','Nam','2837339666','6665886@sv.vnua.edu.vn','H. An Dương, Hải Phòng',NULL,NULL,NULL,NULL,NULL,NULL,NULL,'STUDENT',_binary '\0',NULL,NULL),('6666130','Nguyễn Trung','Kiên','66','TTNT','K65CNPMA','2002-05-12 00:00:00.000000','Nữ','829352011','6666130@sv.vnua.edu.vn','H. Mai Sơn, Sơn La',NULL,NULL,NULL,NULL,NULL,NULL,NULL,'STUDENT',_binary '\0',NULL,NULL),('6666258','Ngô Đức','Anh','66','MMT','K65CNTTA','2002-05-12 00:00:00.000000','Nữ','4732227903','6666258@sv.vnua.edu.vn','Huyện Lý Nhân - Hà Nam',NULL,NULL,NULL,NULL,NULL,NULL,NULL,'STUDENT',_binary '\0',NULL,NULL),('6666366','Nguyễn Thị Kiều','Linh','66','MMT','K65CNTTB','2002-05-12 00:00:00.000000','Nam','5754047187','6666366@sv.vnua.edu.vn','H. Kiến Xương, Thái Bình',NULL,NULL,NULL,NULL,NULL,NULL,NULL,'STUDENT',_binary '\0',NULL,NULL),('6666429','Nguyễn Văn','Linh','66','CNTT','K65MMT','2002-05-12 00:00:00.000000','Nữ','385967771','6666429@sv.vnua.edu.vn','H. Lạc Thủy, Hoà Bình',NULL,NULL,NULL,NULL,NULL,NULL,NULL,'STUDENT',_binary '\0',NULL,NULL),('6666453','Cao Đình','Văn','66','TTNT','K65CNPMA','2002-05-12 00:00:00.000000','Nữ','4375665095','6666453@sv.vnua.edu.vn',' TP. Hà Nội',NULL,NULL,NULL,NULL,NULL,NULL,NULL,'STUDENT',_binary '\0',NULL,NULL),('6666757','Lê Văn','Nguyên','66','MMT','K65CNTTA','2002-05-12 00:00:00.000000','Nam','1436038655','6666757@sv.vnua.edu.vn','Quận Hoàng Mai, Hà Nội',NULL,NULL,NULL,NULL,NULL,NULL,NULL,'STUDENT',_binary '\0',NULL,NULL),('6666878','Ngô Thị Hoài','An','66','CNTT','K65CNTTB','2002-05-12 00:00:00.000000','Nữ','7005433121','6666878@sv.vnua.edu.vn','Đông Sơn-Thanh Hoá',NULL,NULL,NULL,NULL,NULL,NULL,NULL,'STUDENT',_binary '\0',NULL,NULL),('6666890','Nguyễn Anh','Đức','66','MMT','K65MMT','2002-05-12 00:00:00.000000','Nữ','8257300034','6666890@sv.vnua.edu.vn','Huyện Lý Nhân, Hà Nam',NULL,NULL,NULL,NULL,NULL,NULL,NULL,'STUDENT',_binary '\0',NULL,NULL),('6666914','Nguyễn Tuấn','Anh','66','TTNT','K65CNPMA','2002-05-12 00:00:00.000000','Nam','5055861847','6666914@sv.vnua.edu.vn','H. Mường Chà Điện Biên',NULL,NULL,NULL,NULL,NULL,NULL,NULL,'STUDENT',_binary '\0',NULL,NULL),('6666929','Phạm Văn','Đức','66','MMT','K65CNTTA','2002-05-12 00:00:00.000000','Nữ','7730523777','6666929@sv.vnua.edu.vn','Đông Hưng - Thái Bình',NULL,NULL,NULL,NULL,NULL,NULL,NULL,'STUDENT',_binary '\0',NULL,NULL),('6666954','Lê Vũ Hoàng','Anh','66','TTNT','K65CNTTB','2002-05-12 00:00:00.000000','Nữ','6263643876','6666954@sv.vnua.edu.vn','H. Sóc Sơn Hà Nội',NULL,NULL,NULL,NULL,NULL,NULL,NULL,'STUDENT',_binary '\0',NULL,NULL),('6667080','Tạ Việt','Anh','66','MMT','K65MMT','2002-05-12 00:00:00.000000','Nữ','5609613699','6667080@sv.vnua.edu.vn','Gia Lâm, Hà Nội',NULL,NULL,NULL,NULL,NULL,NULL,NULL,'STUDENT',_binary '\0',NULL,NULL),('6667130','Mai Tấn','Dũng','66','TTNT','K65CNPMA','2002-05-12 00:00:00.000000','Nữ','1991571415','6667130@sv.vnua.edu.vn','H. Kim Bảng-Hà Nam',NULL,NULL,NULL,NULL,NULL,NULL,NULL,'STUDENT',_binary '\0',NULL,NULL),('6667154','Ngô Anh','Duy','66','CNTT','K65CNTTA','2002-05-12 00:00:00.000000','Nữ','3521651412','6667154@sv.vnua.edu.vn','Huyện Hữu Lũng, Lạng Sơn',NULL,NULL,NULL,NULL,NULL,NULL,NULL,'STUDENT',_binary '\0',NULL,NULL),('6667282','Lê Tiến','Thành','66','TTNT','K65CNTTB','2002-05-12 00:00:00.000000','Nữ','2182295021','6667282@sv.vnua.edu.vn','H. Quế Võ, Bắc Ninh',NULL,NULL,NULL,NULL,NULL,NULL,NULL,'STUDENT',_binary '\0',NULL,NULL),('6667458','Phạm Ngọc Tuấn','Anh','66','CNTT','K65MMT','2002-05-12 00:00:00.000000','Nữ','3932558364','6667458@sv.vnua.edu.vn','Hoa Lư, Ninh Bình',NULL,NULL,NULL,NULL,NULL,NULL,NULL,'STUDENT',_binary '\0',NULL,NULL),('6667497','Lê Văn','Trọng','66','MMT','K65CNPMA','2002-05-12 00:00:00.000000','Nữ','5521863679','6667497@sv.vnua.edu.vn','H. Phú Xuyên, Hà Nội',NULL,NULL,NULL,NULL,NULL,NULL,NULL,'STUDENT',_binary '\0',NULL,NULL),('6667532','Đoàn Nguyễn Nhật','Hoàng','66','MMT','K65CNTTA','2002-05-12 00:00:00.000000','Nữ','5724049564','6667532@sv.vnua.edu.vn','Huyện Ba Vì, Hà Nội',NULL,NULL,NULL,NULL,NULL,NULL,NULL,'STUDENT',_binary '\0',NULL,NULL),('6667537','Dương Minh','Hiếu','66','MMT','K65CNTTB','2002-05-12 00:00:00.000000','Nữ','8151746640','6667537@sv.vnua.edu.vn','Nga Sơn - Thanh Hoá',NULL,NULL,NULL,NULL,NULL,NULL,NULL,'STUDENT',_binary '\0',NULL,NULL),('6667716','Lê Văn','Dũng','66','CNTT','K65MMT','2002-05-12 00:00:00.000000','Nữ','7718500901','6667716@sv.vnua.edu.vn','Đông Hưng, Thái Bình',NULL,NULL,NULL,NULL,NULL,NULL,NULL,'STUDENT',_binary '\0',NULL,NULL),('6667825','Nguyễn Duy','Hưng','66','CNTT','K65CNPMA','2002-05-12 00:00:00.000000','Nam','8190338125','6667825@sv.vnua.edu.vn','H.Đông Anh - Hà Nội',NULL,NULL,NULL,NULL,NULL,NULL,NULL,'STUDENT',_binary '\0',NULL,NULL),('6667868','Nguyễn Trọng Phất','Lộc','67','CNTT','K65CNTTA','2002-05-12 00:00:00.000000','Nữ','1663811831','6667868@sv.vnua.edu.vn','TP Hải Dương, Hải Dương',NULL,NULL,NULL,NULL,NULL,NULL,NULL,'STUDENT',_binary '\0',NULL,NULL),('671145','Hoàng Tuấn ','Anh','67','TTNT','K65CNTTB','2002-05-12 00:00:00.000000','Nữ','946923892','671145@sv.vnua.edu.vn','Đông Hưng, Thái Bình',NULL,NULL,NULL,NULL,NULL,NULL,NULL,'STUDENT',_binary '\0',NULL,NULL),('671147','Hà Việt ','Anh','67','CNTT','K65MMT','2002-05-12 00:00:00.000000','Nữ','711987793','671147@sv.vnua.edu.vn','Thuận Thành, Bắc Ninh',NULL,NULL,NULL,NULL,NULL,NULL,NULL,'STUDENT',_binary '\0',NULL,NULL),('671151','Nguyễn Tuấn ','Anh','67','TTNT','K65CNPMA','2002-05-12 00:00:00.000000','Nữ','2979905524','671151@sv.vnua.edu.vn','Huyện Thạch Thất, Hà Nội',NULL,NULL,NULL,NULL,NULL,NULL,NULL,'STUDENT',_binary '\0',NULL,NULL),('671156','Phạm Bảo ','Anh','67','CNTT','K65CNTTA','2002-05-12 00:00:00.000000','Nữ','330358119','671156@sv.vnua.edu.vn','Tp. Ninh Bình, Ninh Bình',NULL,NULL,NULL,NULL,NULL,NULL,NULL,'STUDENT',_binary '\0',NULL,NULL),('671161','Cao Thế ','Anh','67','TTNT','K65CNTTB','2002-05-12 00:00:00.000000','Nữ','7423184588','671161@sv.vnua.edu.vn','Quận Hà Đông, Hà Nội',NULL,NULL,NULL,NULL,NULL,NULL,NULL,'STUDENT',_binary '\0',NULL,NULL),('671170','Hồ Đức ','Anh','67','TTNT','K65MMT','2002-05-12 00:00:00.000000','Nữ','6996688565','671170@sv.vnua.edu.vn','Tp. Bắc Giang, Bắc Giang',NULL,NULL,NULL,NULL,NULL,NULL,NULL,'STUDENT',_binary '\0',NULL,NULL),('671189','Nguyễn Lan ','Anh','67','MMT','K65CNPMA','2002-05-12 00:00:00.000000','Nữ','6522442932','671189@sv.vnua.edu.vn','Huyện Gia Lâm, Hà Nội',NULL,NULL,NULL,NULL,NULL,NULL,NULL,'STUDENT',_binary '\0',NULL,NULL),('671223','Phạm Thái ','Bảo','67','CNTT','K65CNTTA','2002-05-12 00:00:00.000000','Nữ','8113802353','671223@sv.vnua.edu.vn','Huyện Phúc Thọ, Hà Nội',NULL,NULL,NULL,NULL,NULL,NULL,NULL,'STUDENT',_binary '\0',NULL,NULL),('671246','Trần Đình ','Công','67','MMT','K65CNTTB','2002-05-12 00:00:00.000000','Nữ','6775928454','671246@sv.vnua.edu.vn','H. Nam Sách, Hải Dương',NULL,NULL,NULL,NULL,NULL,NULL,NULL,'STUDENT',_binary '\0',NULL,NULL),('671249','Nguyễn Đăng ','Cương','67','MMT','K65MMT','2002-05-12 00:00:00.000000','Nữ','2680004445','671249@sv.vnua.edu.vn','H. Mai Sơn, Sơn La',NULL,NULL,NULL,NULL,NULL,NULL,NULL,'STUDENT',_binary '\0',NULL,NULL),('671251','Lê Hồng ','Cường','67','CNTT','K65CNPMA','2002-05-12 00:00:00.000000','Nam','2133933165','671251@sv.vnua.edu.vn','H.Đông Anh - Hà Nội',NULL,NULL,NULL,NULL,NULL,NULL,NULL,'STUDENT',_binary '\0',NULL,NULL),('671263','Bùi Hải ','Đăng','67','CNTT','K65CNTTA','2002-05-12 00:00:00.000000','Nữ','1786221070','671263@sv.vnua.edu.vn','H. Gia Lâm, Hà Nội',NULL,NULL,NULL,NULL,NULL,NULL,NULL,'STUDENT',_binary '\0',NULL,NULL),('671272','Đỗ Thành ','Đạt','67','TTNT','K65CNTTB','2002-05-12 00:00:00.000000','Nữ','3738866875','671272@sv.vnua.edu.vn','H. Sìn Hồ, Lai Châu',NULL,NULL,NULL,NULL,NULL,NULL,NULL,'STUDENT',_binary '\0',NULL,NULL),('671285','Vũ Bách ','Đạt','67','CNTT','K65MMT','2002-05-12 00:00:00.000000','Nữ','351645037','671285@sv.vnua.edu.vn','TP Hải Dương, Hải Dương',NULL,NULL,NULL,NULL,NULL,NULL,NULL,'STUDENT',_binary '\0',NULL,NULL),('671302','Đào Duy Phú ','Đức','67','CNTT','K65CNPMA','2002-05-12 00:00:00.000000','Nam','2185644722','671302@sv.vnua.edu.vn','Quận Hoàng Mai, Hà Nội',NULL,NULL,NULL,NULL,NULL,NULL,NULL,'STUDENT',_binary '\0',NULL,NULL),('671318','Nguyễn Tiến ','Dũng','67','MMT','K65CNTTA','2002-05-12 00:00:00.000000','Nữ','7678024581','671318@sv.vnua.edu.vn','Huyện Lý Nhân - Hà Nam',NULL,NULL,NULL,NULL,NULL,NULL,NULL,'STUDENT',_binary '\0',NULL,NULL),('671323','Bùi Đức ','Dũng','67','TTNT','K65CNTTB','2002-05-12 00:00:00.000000','Nữ','5054192738','671323@sv.vnua.edu.vn','H. Kiến Xương, Thái Bình',NULL,NULL,NULL,NULL,NULL,NULL,NULL,'STUDENT',_binary '\0',NULL,NULL),('671324','Đỗ Việt ','Dũng','67','CNTT','K65MMT','2002-05-12 00:00:00.000000','Nữ','515920367','671324@sv.vnua.edu.vn','H. Lạc Thủy, Hoà Bình',NULL,NULL,NULL,NULL,NULL,NULL,NULL,'STUDENT',_binary '\0',NULL,NULL),('671327','Hoàng Tiến ','Dũng','67','CNTT','K65CNPMA','2002-05-12 00:00:00.000000','Nam','5598793322','671327@sv.vnua.edu.vn','H. Gia Lâm, Hà Nội',NULL,NULL,NULL,NULL,NULL,NULL,NULL,'STUDENT',_binary '\0',NULL,NULL),('671352','Nguyễn Nam ','Dương','67','MMT','K65CNTTA','2002-05-12 00:00:00.000000','Nam','3865194447','671352@sv.vnua.edu.vn','Thị Xã Hoàng Mai, Nghệ A',NULL,NULL,NULL,NULL,NULL,NULL,NULL,'STUDENT',_binary '\0',NULL,NULL),('671385','Phạm Viết ','Giáp','67','TTNT','K65CNTTB','2002-05-12 00:00:00.000000','Nữ','4028971825','671385@sv.vnua.edu.vn','H. Mỹ Đức, Hà Nội',NULL,NULL,NULL,NULL,NULL,NULL,NULL,'STUDENT',_binary '\0',NULL,NULL),('671399','Nguyễn Quang ','Hải','67','TTNT','K65MMT','2002-05-12 00:00:00.000000','Nữ','2894943409','671399@sv.vnua.edu.vn','H. Lạng Giang, Bắc Giang',NULL,NULL,NULL,NULL,NULL,NULL,NULL,'STUDENT',_binary '\0',NULL,NULL),('671404','Trần Ngọc ','Hân','67','CNTT','K65CNPMA','2002-05-12 00:00:00.000000','Nữ','8848732064','671404@sv.vnua.edu.vn','H. ứng Hòa, Hà Nội',NULL,NULL,NULL,NULL,NULL,NULL,NULL,'STUDENT',_binary '\0',NULL,NULL),('671409','Phạm Văn ','Hào','67','MMT','K65CNTTA','2002-05-12 00:00:00.000000','Nữ','9554252222','671409@sv.vnua.edu.vn','H. Cẩm Giàng, Hải Dương',NULL,NULL,NULL,NULL,NULL,NULL,NULL,'STUDENT',_binary '\0',NULL,NULL),('671410','Vũ Thị ','Hậu','67','MMT','K65CNTTB','2002-05-12 00:00:00.000000','Nữ','9158561780','671410@sv.vnua.edu.vn','H. An Dương, Hải Phòng',NULL,NULL,NULL,NULL,NULL,NULL,NULL,'STUDENT',_binary '\0',NULL,NULL),('671427','Bùi Huy ','Hiếu','67','MMT','K65MMT','2002-05-12 00:00:00.000000','Nữ','1087605651','671427@sv.vnua.edu.vn','H. Quế Võ, Bắc Ninh',NULL,NULL,NULL,NULL,NULL,NULL,NULL,'STUDENT',_binary '\0',NULL,NULL),('671434','Lê Trung ','Hiếu','67','TTNT','K65CNPMA','2002-05-12 00:00:00.000000','Nữ','5809903131','671434@sv.vnua.edu.vn','H. Gia Lâm, Hà Nội',NULL,NULL,NULL,NULL,NULL,NULL,NULL,'STUDENT',_binary '\0',NULL,NULL),('671442','Nguyễn Trung ','Hiếu','67','CNTT','K65CNTTA','2002-05-12 00:00:00.000000','Nữ','2797559876','671442@sv.vnua.edu.vn','H. Kinh Môn, Hải Dương',NULL,NULL,NULL,NULL,NULL,NULL,NULL,'STUDENT',_binary '\0',NULL,NULL),('671451','Vũ Minh ','Hiếu','67','CNTT','K65CNTTB','2002-05-12 00:00:00.000000','Nữ','8276538043','671451@sv.vnua.edu.vn','H. Phú Xuyên, Hà Nội',NULL,NULL,NULL,NULL,NULL,NULL,NULL,'STUDENT',_binary '\0',NULL,NULL),('671471','Vũ Minh ','Hoàng','67','CNTT','K65MMT','2002-05-12 00:00:00.000000','Nữ','7363839082','671471@sv.vnua.edu.vn','Huyện Ba Vì, Hà Nội',NULL,NULL,NULL,NULL,NULL,NULL,NULL,'STUDENT',_binary '\0',NULL,NULL),('671482','Đỗ Huy Việt ','Hùng','67','TTNT','K65CNPMA','2002-05-12 00:00:00.000000','Nam','2619580183','671482@sv.vnua.edu.vn','Huyện Tứ Kỳ - Hải Dương',NULL,NULL,NULL,NULL,NULL,NULL,NULL,'STUDENT',_binary '\0',NULL,NULL),('671488','Lương Mạnh ','Hùng','67','MMT','K65CNTTA','2002-05-12 00:00:00.000000','Nữ','6111242295','671488@sv.vnua.edu.vn','H. Chương Mỹ, Hà Nội',NULL,NULL,NULL,NULL,NULL,NULL,NULL,'STUDENT',_binary '\0',NULL,NULL),('671492','Nguyễn Văn ','Hùng','67','TTNT','K65CNTTB','2002-05-12 00:00:00.000000','Nữ','5879754638','671492@sv.vnua.edu.vn','H. Đan Phượng, Hà Nội',NULL,NULL,NULL,NULL,NULL,NULL,NULL,'STUDENT',_binary '\0',NULL,NULL),('671503','Vũ Duy ','Hưng','67','CNTT','K65MMT','2002-05-12 00:00:00.000000','Nam','5188517218','671503@sv.vnua.edu.vn','H. Thường Tín - Hà Nội',NULL,NULL,NULL,NULL,NULL,NULL,NULL,'STUDENT',_binary '\0',NULL,NULL),('671507','Đinh Duy ','Hưng','67','TTNT','K65CNPMA','2002-05-12 00:00:00.000000','Nam','7743247835','671507@sv.vnua.edu.vn',' TP. Hà Nội',NULL,NULL,NULL,NULL,NULL,NULL,NULL,'STUDENT',_binary '\0',NULL,NULL),('671532','Đoàn Ngọc ','Huy','67','CNTT','K65CNTTA','2002-05-12 00:00:00.000000','Nam','4110168150','671532@sv.vnua.edu.vn','TP Hải Dương, Hải Dương',NULL,NULL,NULL,NULL,NULL,NULL,NULL,'STUDENT',_binary '\0',NULL,NULL),('671534','Lê Quang ','Huy','67','CNTT','K65CNTTB','2002-05-12 00:00:00.000000','Nữ','169235974','671534@sv.vnua.edu.vn','H. Thường Tín, Hà Nội',NULL,NULL,NULL,NULL,NULL,NULL,NULL,'STUDENT',_binary '\0',NULL,NULL),('671555','Nguyễn Quang ','Huynh','67','CNTT','K65MMT','2002-05-12 00:00:00.000000','Nữ','1284980558','671555@sv.vnua.edu.vn','H. Thanh Trì, Hà Nội',NULL,NULL,NULL,NULL,NULL,NULL,NULL,'STUDENT',_binary '\0',NULL,NULL),('671559','Nguyễn Quang ','Khải','67','MMT','K65CNPMA','2002-05-12 00:00:00.000000','Nam','2861453256','671559@sv.vnua.edu.vn','Huyện Lý Nhân, Hà Nam',NULL,NULL,NULL,NULL,NULL,NULL,NULL,'STUDENT',_binary '\0',NULL,NULL),('671561','Lê Quang ','Khải','67','TTNT','K65CNTTA','2002-05-12 00:00:00.000000','Nam','507522111','671561@sv.vnua.edu.vn','H. Tiên Du-Bắc Ninh',NULL,NULL,NULL,NULL,NULL,NULL,NULL,'STUDENT',_binary '\0',NULL,NULL),('671571','Ngô Gia ','Khánh','67','MMT','K65CNTTB','2002-05-12 00:00:00.000000','Nữ','3180681210','671571@sv.vnua.edu.vn','Đông Sơn-Thanh Hoá',NULL,NULL,NULL,NULL,NULL,NULL,NULL,'STUDENT',_binary '\0',NULL,NULL),('671573','Nguyễn Duy ','Khánh','67','CNTT','K65MMT','2002-05-12 00:00:00.000000','Nữ','5373465206','671573@sv.vnua.edu.vn','TX. Từ  Sơn Bắc Ninh',NULL,NULL,NULL,NULL,NULL,NULL,NULL,'STUDENT',_binary '\0',NULL,NULL),('671595','Nguyễn Tuấn ','Kiệt','67','MMT','K65CNPMA','2002-05-12 00:00:00.000000','Nữ','674179639','671595@sv.vnua.edu.vn','H. Sóc Sơn Hà Nội',NULL,NULL,NULL,NULL,NULL,NULL,NULL,'STUDENT',_binary '\0',NULL,NULL),('671603','Tô Tùng ','Lâm','67','MMT','K65CNTTA','2002-05-12 00:00:00.000000','Nữ','3558750138','671603@sv.vnua.edu.vn','H. Mường Chà Điện Biên',NULL,NULL,NULL,NULL,NULL,NULL,NULL,'STUDENT',_binary '\0',NULL,NULL),('671604','Trần Đình ','Lâm','67','TTNT','K65CNTTB','2002-05-12 00:00:00.000000','Nữ','597696996','671604@sv.vnua.edu.vn','Giao Thủy, Nam Định',NULL,NULL,NULL,NULL,NULL,NULL,NULL,'STUDENT',_binary '\0',NULL,NULL),('671609','Nguyễn Quang ','Linh','67','TTNT','K65MMT','2002-05-12 00:00:00.000000','Nữ','7752465789','671609@sv.vnua.edu.vn','Tx. Từ  Sơn - Bắc Ninh',NULL,NULL,NULL,NULL,NULL,NULL,NULL,'STUDENT',_binary '\0',NULL,NULL),('671623','Vũ Tuấn ','Linh','67','CNTT','K65CNPMA','2002-05-12 00:00:00.000000','Nữ','6672950394','671623@sv.vnua.edu.vn','Hoa Lư, Ninh Bình',NULL,NULL,NULL,NULL,NULL,NULL,NULL,'STUDENT',_binary '\0',NULL,NULL),('671627','Nguyễn Đình ','Lộc','67','MMT','K65CNTTA','2002-05-12 00:00:00.000000','Nữ','2308272898','671627@sv.vnua.edu.vn','Gia Lâm, Hà Nội',NULL,NULL,NULL,NULL,NULL,NULL,NULL,'STUDENT',_binary '\0',NULL,NULL),('671632','Phùng Lê Bảo ','Long','67','MMT','K65CNTTB','2002-05-12 00:00:00.000000','Nam','5475774420','671632@sv.vnua.edu.vn','Huyện ý Yên, Nam Định',NULL,NULL,NULL,NULL,NULL,NULL,NULL,'STUDENT',_binary '\0',NULL,NULL),('671638','Nguyễn Kim ','Long','67','CNTT','K65MMT','2002-05-12 00:00:00.000000','Nữ','1520904887','671638@sv.vnua.edu.vn','Long Biên, Hà Nội',NULL,NULL,NULL,NULL,NULL,NULL,NULL,'STUDENT',_binary '\0',NULL,NULL),('671649','Hoàng Văn ','Lương','67','TTNT','K65CNPMA','2002-05-12 00:00:00.000000','Nữ','17930019','671649@sv.vnua.edu.vn','Đông Hưng, Thái Bình',NULL,NULL,NULL,NULL,NULL,NULL,NULL,'STUDENT',_binary '\0',NULL,NULL),('671652','Trần Thị Cẩm ','Ly','67','CNTT','K65CNTTA','2002-05-12 00:00:00.000000','Nữ','8367903219','671652@sv.vnua.edu.vn','Huyện Văn Lâm, Hưng Yên',NULL,NULL,NULL,NULL,NULL,NULL,NULL,'STUDENT',_binary '\0',NULL,NULL),('671683','Lê ','Minh','67','CNTT','K65CNTTB','2002-05-12 00:00:00.000000','Nữ','7282883577','671683@sv.vnua.edu.vn','Đông Anh, Hà Nội',NULL,NULL,NULL,NULL,NULL,NULL,NULL,'STUDENT',_binary '\0',NULL,NULL),('671691','Lê Thị Trà ','My','67','CNTT','K65MMT','2002-05-12 00:00:00.000000','Nữ','749964483','671691@sv.vnua.edu.vn','Q. Long Biên Hà Nội',NULL,NULL,NULL,NULL,NULL,NULL,NULL,'STUDENT',_binary '\0',NULL,NULL),('671692','Luân Trà ','My','67','CNTT','K65CNPMA','2002-05-12 00:00:00.000000','Nữ','9353761346','671692@sv.vnua.edu.vn','TP. Hải Dương Hải Dương',NULL,NULL,NULL,NULL,NULL,NULL,NULL,'STUDENT',_binary '\0',NULL,NULL),('671694','Đinh Hải ','Nam','67','MMT','K65CNTTA','2002-05-12 00:00:00.000000','Nữ','4698917144','671694@sv.vnua.edu.vn','Huyện Mỹ Đức - Hà Nội',NULL,NULL,NULL,NULL,NULL,NULL,NULL,'STUDENT',_binary '\0',NULL,NULL),('671697','Bùi Thành ','Nam','67','TTNT','K65CNTTB','2002-05-12 00:00:00.000000','Nữ','3713094540','671697@sv.vnua.edu.vn','H. Kim Bảng-Hà Nam',NULL,NULL,NULL,NULL,NULL,NULL,NULL,'STUDENT',_binary '\0',NULL,NULL),('671711','Trần Xuân ','Nam','67','TTNT','K65MMT','2002-05-12 00:00:00.000000','Nữ','435143118','671711@sv.vnua.edu.vn','H. Điện Biên , Điện Biên',NULL,NULL,NULL,NULL,NULL,NULL,NULL,'STUDENT',_binary '\0',NULL,NULL),('671717','Nguyễn Thị Kim ','Ngân','67','MMT','K65CNPMA','2002-05-12 00:00:00.000000','Nữ','8556011525','671717@sv.vnua.edu.vn','TP. Phủ Lý Hà Nam',NULL,NULL,NULL,NULL,NULL,NULL,NULL,'STUDENT',_binary '\0',NULL,NULL),('671719','Trương Quang ','Nghĩa','67','CNTT','K65CNTTA','2002-05-12 00:00:00.000000','Nữ','8441659152','671719@sv.vnua.edu.vn','Quận Thanh Xuân - Hà Nội',NULL,NULL,NULL,NULL,NULL,NULL,NULL,'STUDENT',_binary '\0',NULL,NULL),('671727','Hoàng Bảo ','Ngọc','67','CNTT','K65CNTTB','2002-05-12 00:00:00.000000','Nam','3650159223','671727@sv.vnua.edu.vn','H. Thanh Oai-Hà Nội',NULL,NULL,NULL,NULL,NULL,NULL,NULL,'STUDENT',_binary '\0',NULL,NULL),('671752','Đoàn Tuấn ','Ninh','67','MMT','K65MMT','2002-05-12 00:00:00.000000','Nữ','3094483497','671752@sv.vnua.edu.vn','Yên Mô - Ninh Bình',NULL,NULL,NULL,NULL,NULL,NULL,NULL,'STUDENT',_binary '\0',NULL,NULL),('671763','Hoàng Thanh ','Phong','67','MMT','K65CNPMA','2002-05-12 00:00:00.000000','Nữ','6198455793','671763@sv.vnua.edu.vn','Hoài Đức - Hà Nội',NULL,NULL,NULL,NULL,NULL,NULL,NULL,'STUDENT',_binary '\0',NULL,NULL),('671764','Lê Dương ','Phong','67','TTNT','K65CNTTA','2002-05-12 00:00:00.000000','Nữ','4052193574','671764@sv.vnua.edu.vn','Đông Hưng - Thái Bình',NULL,NULL,NULL,NULL,NULL,NULL,NULL,'STUDENT',_binary '\0',NULL,NULL),('671785','Lê Minh ','Quân','67','MMT','K65CNTTB','2002-05-12 00:00:00.000000','Nữ','5625666450','671785@sv.vnua.edu.vn','Huyện Hữu Lũng, Lạng Sơn',NULL,NULL,NULL,NULL,NULL,NULL,NULL,'STUDENT',_binary '\0',NULL,NULL),('671786','Văn Khánh ','Quân','67','TTNT','K65MMT','2002-05-12 00:00:00.000000','Nữ','3845161225','671786@sv.vnua.edu.vn','Huyện Phúc Thọ, Hà Nội',NULL,NULL,NULL,NULL,NULL,NULL,NULL,'STUDENT',_binary '\0',NULL,NULL),('671818','Nguyễn Thị ','Quỳnh','67','MMT','K65CNPMA','2002-05-12 00:00:00.000000','Nữ','9895303035','671818@sv.vnua.edu.vn','Thuận Thành, Bắc Ninh',NULL,NULL,NULL,NULL,NULL,NULL,NULL,'STUDENT',_binary '\0',NULL,NULL),('671825','Đinh Lê Hoàng ','Sơn','67','CNTT','K65CNTTA','2002-05-12 00:00:00.000000','Nữ','1499925906','671825@sv.vnua.edu.vn','Huyện ý Yên, Nam Định',NULL,NULL,NULL,NULL,NULL,NULL,NULL,'STUDENT',_binary '\0',NULL,NULL),('671925','Nguyễn Đắc ','Tiến','67','CNTT','K65CNTTB','2002-05-12 00:00:00.000000','Nữ','5038525905','671925@sv.vnua.edu.vn','Đông Hưng, Thái Bình',NULL,NULL,NULL,NULL,NULL,NULL,NULL,'STUDENT',_binary '\0',NULL,NULL),('671934','Đỗ Đức ','Toàn','67','CNTT','K65MMT','2002-05-12 00:00:00.000000','Nữ','575599826','671934@sv.vnua.edu.vn','Quận Hoàng Mai, Hà Nội',NULL,NULL,NULL,NULL,NULL,NULL,NULL,'STUDENT',_binary '\0',NULL,NULL),('672010','Phùng Minh Ngọc ','Tuệ','67','MMT','K65CNPMA','2002-05-12 00:00:00.000000','Nữ','8811693744','672010@sv.vnua.edu.vn','Huyện Bát Xát - Lào Cai',NULL,NULL,NULL,NULL,NULL,NULL,NULL,'STUDENT',_binary '\0',NULL,NULL),('672015','Lê Bá Quang ','Tùng','67','TTNT','K65CNTTA','2002-05-12 00:00:00.000000','Nam','5435822013','672015@sv.vnua.edu.vn','Huyện Đông Anh, Hà Nội',NULL,NULL,NULL,NULL,NULL,NULL,NULL,'STUDENT',_binary '\0',NULL,NULL),('672042','Nguyễn Thành ','Vinh',NULL,'CNTT','K65CNTTB','2002-05-12 00:00:00.000000','Nữ','3672848044','672042@sv.vnua.edu.vn','H. Hà Trung, Thanh Hoá',NULL,NULL,NULL,NULL,NULL,NULL,NULL,'STUDENT',_binary '\0',NULL,NULL);
/*!40000 ALTER TABLE `students` ENABLE KEYS */;
UNLOCK TABLES;

--
-- Table structure for table `students_statuses`
--

DROP TABLE IF EXISTS `students_statuses`;
/*!40101 SET @saved_cs_client     = @@character_set_client */;
/*!50503 SET character_set_client = utf8mb4 */;
CREATE TABLE `students_statuses` (
  `id` bigint NOT NULL AUTO_INCREMENT,
  `note` varchar(200) DEFAULT NULL,
  `term_id` varchar(100) DEFAULT NULL,
  `time` datetime(6) DEFAULT NULL,
  `status_id` int DEFAULT NULL,
  `student_id` varchar(100) DEFAULT NULL,
  PRIMARY KEY (`id`),
  KEY `FKcpb78wae7peruuh9efi5gtt9b` (`status_id`),
  KEY `FK4b426dhs2jhe938uoatbl22tc` (`student_id`),
  CONSTRAINT `FK4b426dhs2jhe938uoatbl22tc` FOREIGN KEY (`student_id`) REFERENCES `students` (`id`),
  CONSTRAINT `FKcpb78wae7peruuh9efi5gtt9b` FOREIGN KEY (`status_id`) REFERENCES `statuses` (`id`)
) ENGINE=InnoDB AUTO_INCREMENT=592 DEFAULT CHARSET=utf8mb4 COLLATE=utf8mb4_0900_ai_ci;
/*!40101 SET character_set_client = @saved_cs_client */;

--
-- Dumping data for table `students_statuses`
--

LOCK TABLES `students_statuses` WRITE;
/*!40000 ALTER TABLE `students_statuses` DISABLE KEYS */;
INSERT INTO `students_statuses` VALUES (2,NULL,'20242','2023-09-19 12:08:35.721878',1,'611112'),(3,NULL,'20111','2011-10-10 09:49:39.000000',1,'566553'),(4,NULL,'20121','2012-10-10 09:49:39.000000',1,'576739'),(5,NULL,'20121','2012-10-10 09:49:39.000000',1,'576779'),(6,NULL,'20131','2013-10-10 09:49:39.000000',1,'585945'),(7,NULL,'20131','2013-10-10 09:49:39.000000',1,'586610'),(8,NULL,'20131','2013-10-10 09:49:39.000000',1,'587963'),(9,NULL,'20141','2014-10-10 09:49:39.000000',1,'591842'),(10,NULL,'20141','2014-10-10 09:49:39.000000',1,'596517'),(11,NULL,'20141','2014-10-10 09:49:39.000000',1,'596721'),(12,NULL,'20141','2014-10-10 09:49:39.000000',1,'596722'),(13,NULL,'20141','2014-10-10 09:49:39.000000',1,'599053'),(14,NULL,'20151','2015-10-10 09:49:39.000000',1,'601351'),(15,NULL,'20151','2015-10-10 09:49:39.000000',1,'601352'),(16,NULL,'20151','2015-10-10 09:49:39.000000',1,'605134'),(17,NULL,'20151','2015-10-10 09:49:39.000000',1,'605135'),(18,NULL,'20151','2015-10-10 09:49:39.000000',1,'605137'),(19,NULL,'20151','2015-10-10 09:49:39.000000',1,'605753'),(20,NULL,'20151','2015-10-10 09:49:39.000000',1,'605813'),(21,NULL,'20161','2016-10-10 09:49:39.000000',1,'611112'),(23,NULL,'20161','2016-10-10 09:49:39.000000',1,'611212'),(24,NULL,'20161','2016-10-10 09:49:39.000000',1,'611230'),(25,NULL,'20161','2016-10-10 09:49:39.000000',1,'611234'),(26,NULL,'20161','2016-10-10 09:49:39.000000',1,'611244'),(27,NULL,'20161','2016-10-10 09:49:39.000000',1,'611245'),(28,NULL,'20161','2016-10-10 09:49:39.000000',1,'611289'),(29,NULL,'20161','2016-10-10 09:49:39.000000',1,'611290'),(30,NULL,'20161','2016-10-10 09:49:39.000000',1,'611292'),(31,NULL,'20161','2016-10-10 09:49:39.000000',1,'611298'),(32,NULL,'20161','2016-10-10 09:49:39.000000',1,'614086'),(33,NULL,'20161','2016-10-10 09:49:39.000000',1,'614091'),(34,NULL,'20171','2017-10-10 09:49:39.000000',1,'621046'),(35,NULL,'20171','2017-10-10 09:49:39.000000',1,'621065'),(36,NULL,'20171','2017-10-10 09:49:39.000000',1,'621066'),(37,NULL,'20171','2017-10-10 09:49:39.000000',1,'621067'),(38,NULL,'20171','2017-10-10 09:49:39.000000',1,'621068'),(39,NULL,'20171','2017-10-10 09:49:39.000000',1,'621070'),(40,NULL,'20171','2017-10-10 09:49:39.000000',1,'621072'),(41,NULL,'20171','2017-10-10 09:49:39.000000',1,'621084'),(42,NULL,'20171','2017-10-10 09:49:39.000000',1,'621087'),(43,NULL,'20171','2017-10-10 09:49:39.000000',1,'621121'),(44,NULL,'20171','2017-10-10 09:49:39.000000',1,'621123'),(45,NULL,'20171','2017-10-10 09:49:39.000000',1,'621170'),(46,NULL,'20171','2017-10-10 09:49:39.000000',1,'621187'),(47,NULL,'20171','2017-10-10 09:49:39.000000',1,'621191'),(48,NULL,'20171','2017-10-10 09:49:39.000000',1,'622405'),(49,NULL,'20181','2018-10-10 09:49:39.000000',1,'637602'),(50,NULL,'20181','2018-10-10 09:49:39.000000',1,'637612'),(51,NULL,'20181','2018-10-10 09:49:39.000000',1,'637618'),(52,NULL,'20181','2018-10-10 09:49:39.000000',1,'637625'),(53,NULL,'20181','2018-10-10 09:49:39.000000',1,'637627'),(54,NULL,'20181','2018-10-10 09:49:39.000000',1,'637630'),(55,NULL,'20181','2018-10-10 09:49:39.000000',1,'637638'),(56,NULL,'20181','2018-10-10 09:49:39.000000',1,'637646'),(57,NULL,'20181','2018-10-10 09:49:39.000000',1,'637709'),(58,NULL,'20181','2018-10-10 09:49:39.000000',1,'637711'),(59,NULL,'20181','2018-10-10 09:49:39.000000',1,'637718'),(60,NULL,'20181','2018-10-10 09:49:39.000000',1,'637719'),(61,NULL,'20181','2018-10-10 09:49:39.000000',1,'637721'),(62,NULL,'20181','2018-10-10 09:49:39.000000',1,'637732'),(63,NULL,'20181','2018-10-10 09:49:39.000000',1,'637733'),(64,NULL,'20181','2018-10-10 09:49:39.000000',1,'637737'),(65,NULL,'20181','2018-10-10 09:49:39.000000',1,'637739'),(66,NULL,'20181','2018-10-10 09:49:39.000000',1,'637747'),(67,NULL,'20181','2018-10-10 09:49:39.000000',1,'637748'),(68,NULL,'20181','2018-10-10 09:49:39.000000',1,'637805'),(69,NULL,'20191','2019-10-10 09:49:39.000000',1,'642297'),(70,NULL,'20191','2019-10-10 09:49:39.000000',1,'642373'),(71,NULL,'20191','2019-10-10 09:49:39.000000',1,'642460'),(72,NULL,'20191','2019-10-10 09:49:39.000000',1,'642518'),(73,NULL,'20191','2019-10-10 09:49:39.000000',1,'642606'),(74,NULL,'20191','2019-10-10 09:49:39.000000',1,'642705'),(75,NULL,'20191','2019-10-10 09:49:39.000000',1,'642961'),(76,NULL,'20191','2019-10-10 09:49:39.000000',1,'645412'),(77,NULL,'20191','2019-10-10 09:49:39.000000',1,'645678'),(78,NULL,'20191','2019-10-10 09:49:39.000000',1,'645796'),(79,NULL,'20191','2019-10-10 09:49:39.000000',1,'645859'),(80,NULL,'20191','2019-10-10 09:49:39.000000',1,'645899'),(81,NULL,'20191','2019-10-10 09:49:39.000000',1,'645926'),(82,NULL,'20191','2019-10-10 09:49:39.000000',1,'646211'),(83,NULL,'20191','2019-10-10 09:49:39.000000',1,'646217'),(84,NULL,'20191','2019-10-10 09:49:39.000000',1,'646221'),(85,NULL,'20191','2019-10-10 09:49:39.000000',1,'646241'),(86,NULL,'20191','2019-10-10 09:49:39.000000',1,'646257'),(87,NULL,'20191','2019-10-10 09:49:39.000000',1,'646372'),(88,NULL,'20191','2019-10-10 09:49:39.000000',1,'646539'),(89,NULL,'20191','2019-10-10 09:49:39.000000',1,'646617'),(90,NULL,'20191','2019-10-10 09:49:39.000000',1,'646691'),(91,NULL,'20191','2019-10-10 09:49:39.000000',1,'646974'),(92,NULL,'20191','2019-10-10 09:49:39.000000',1,'647076'),(93,NULL,'20201','2020-10-10 09:49:39.000000',1,'650024'),(94,NULL,'20201','2020-10-10 09:49:39.000000',1,'650035'),(95,NULL,'20201','2020-10-10 09:49:39.000000',1,'650037'),(96,NULL,'20201','2020-10-10 09:49:39.000000',1,'650129'),(97,NULL,'20201','2020-10-10 09:49:39.000000',1,'650142'),(98,NULL,'20201','2020-10-10 09:49:39.000000',1,'650147'),(99,NULL,'20201','2020-10-10 09:49:39.000000',1,'650148'),(100,NULL,'20201','2020-10-10 09:49:39.000000',1,'650149'),(101,NULL,'20201','2020-10-10 09:49:39.000000',1,'650346'),(102,NULL,'20201','2020-10-10 09:49:39.000000',1,'650390'),(103,NULL,'20201','2020-10-10 09:49:39.000000',1,'650391'),(104,NULL,'20201','2020-10-10 09:49:39.000000',1,'650400'),(105,NULL,'20201','2020-10-10 09:49:39.000000',1,'650404'),(106,NULL,'20201','2020-10-10 09:49:39.000000',1,'650414'),(107,NULL,'20201','2020-10-10 09:49:39.000000',1,'650441'),(108,NULL,'20201','2020-10-10 09:49:39.000000',1,'650446'),(109,NULL,'20201','2020-10-10 09:49:39.000000',1,'650467'),(110,NULL,'20201','2020-10-10 09:49:39.000000',1,'650489'),(111,NULL,'20201','2020-10-10 09:49:39.000000',1,'650541'),(112,NULL,'20201','2020-10-10 09:49:39.000000',1,'650556'),(113,NULL,'20201','2020-10-10 09:49:39.000000',1,'650582'),(114,NULL,'20201','2020-10-10 09:49:39.000000',1,'650595'),(115,NULL,'20201','2020-10-10 09:49:39.000000',1,'650611'),(116,NULL,'20201','2020-10-10 09:49:39.000000',1,'650622'),(117,NULL,'20201','2020-10-10 09:49:39.000000',1,'650659'),(118,NULL,'20201','2020-10-10 09:49:39.000000',1,'650706'),(119,NULL,'20201','2020-10-10 09:49:39.000000',1,'650712'),(120,NULL,'20201','2020-10-10 09:49:39.000000',1,'650749'),(121,NULL,'20201','2020-10-10 09:49:39.000000',1,'650763'),(122,NULL,'20201','2020-10-10 09:49:39.000000',1,'650840'),(123,NULL,'20201','2020-10-10 09:49:39.000000',1,'650868'),(124,NULL,'20201','2020-10-10 09:49:39.000000',1,'650921'),(125,NULL,'20201','2020-10-10 09:49:39.000000',1,'650988'),(126,NULL,'20201','2020-10-10 09:49:39.000000',1,'651007'),(127,NULL,'20201','2020-10-10 09:49:39.000000',1,'651077'),(128,NULL,'20201','2020-10-10 09:49:39.000000',1,'651083'),(129,NULL,'20201','2020-10-10 09:49:39.000000',1,'651084'),(130,NULL,'20201','2020-10-10 09:49:39.000000',1,'651085'),(131,NULL,'20201','2020-10-10 09:49:39.000000',1,'651094'),(132,NULL,'20201','2020-10-10 09:49:39.000000',1,'651099'),(133,NULL,'20201','2020-10-10 09:49:39.000000',1,'651107'),(134,NULL,'20201','2020-10-10 09:49:39.000000',1,'651157'),(135,NULL,'20201','2020-10-10 09:49:39.000000',1,'651165'),(136,NULL,'20201','2020-10-10 09:49:39.000000',1,'651185'),(137,NULL,'20201','2020-10-10 09:49:39.000000',1,'651205'),(138,NULL,'20201','2020-10-10 09:49:39.000000',1,'651228'),(139,NULL,'20201','2020-10-10 09:49:39.000000',1,'651254'),(140,NULL,'20201','2020-10-10 09:49:39.000000',1,'651288'),(141,NULL,'20201','2020-10-10 09:49:39.000000',1,'651307'),(142,NULL,'20201','2020-10-10 09:49:39.000000',1,'651337'),(143,NULL,'20201','2020-10-10 09:49:39.000000',1,'651370'),(144,NULL,'20201','2020-10-10 09:49:39.000000',1,'651420'),(145,NULL,'20201','2020-10-10 09:49:39.000000',1,'651429'),(146,NULL,'20201','2020-10-10 09:49:39.000000',1,'651442'),(147,NULL,'20201','2020-10-10 09:49:39.000000',1,'651512'),(148,NULL,'20201','2020-10-10 09:49:39.000000',1,'651514'),(149,NULL,'20201','2020-10-10 09:49:39.000000',1,'651578'),(150,NULL,'20201','2020-10-10 09:49:39.000000',1,'651610'),(151,NULL,'20201','2020-10-10 09:49:39.000000',1,'651626'),(152,NULL,'20201','2020-10-10 09:49:39.000000',1,'651634'),(153,NULL,'20201','2020-10-10 09:49:39.000000',1,'651635'),(154,NULL,'20201','2020-10-10 09:49:39.000000',1,'651659'),(155,NULL,'20201','2020-10-10 09:49:39.000000',1,'651668'),(156,NULL,'20201','2020-10-10 09:49:39.000000',1,'651693'),(157,NULL,'20201','2020-10-10 09:49:39.000000',1,'651694'),(158,NULL,'20201','2020-10-10 09:49:39.000000',1,'651716'),(159,NULL,'20201','2020-10-10 09:49:39.000000',1,'651763'),(160,NULL,'20201','2020-10-10 09:49:39.000000',1,'651768'),(161,NULL,'20201','2020-10-10 09:49:39.000000',1,'651808'),(162,NULL,'20201','2020-10-10 09:49:39.000000',1,'651828'),(163,NULL,'20201','2020-10-10 09:49:39.000000',1,'651834'),(164,NULL,'20201','2020-10-10 09:49:39.000000',1,'651835'),(165,NULL,'20201','2020-10-10 09:49:39.000000',1,'651836'),(166,NULL,'20201','2020-10-10 09:49:39.000000',1,'651863'),(167,NULL,'20201','2020-10-10 09:49:39.000000',1,'651881'),(168,NULL,'20201','2020-10-10 09:49:39.000000',1,'651915'),(169,NULL,'20201','2020-10-10 09:49:39.000000',1,'651938'),(170,NULL,'20201','2020-10-10 09:49:39.000000',1,'651954'),(171,NULL,'20201','2020-10-10 09:49:39.000000',1,'652004'),(172,NULL,'20201','2020-10-10 09:49:39.000000',1,'652007'),(173,NULL,'20201','2020-10-10 09:49:39.000000',1,'652010'),(174,NULL,'20201','2020-10-10 09:49:39.000000',1,'652011'),(175,NULL,'20201','2020-10-10 09:49:39.000000',1,'652040'),(176,NULL,'20201','2020-10-10 09:49:39.000000',1,'652046'),(177,NULL,'20201','2020-10-10 09:49:39.000000',1,'652056'),(178,NULL,'20201','2020-10-10 09:49:39.000000',1,'652074'),(179,NULL,'20201','2020-10-10 09:49:39.000000',1,'652085'),(180,NULL,'20201','2020-10-10 09:49:39.000000',1,'652112'),(181,NULL,'20201','2020-10-10 09:49:39.000000',1,'652127'),(182,NULL,'20201','2020-10-10 09:49:39.000000',1,'652147'),(183,NULL,'20201','2020-10-10 09:49:39.000000',1,'652166'),(184,NULL,'20201','2020-10-10 09:49:39.000000',1,'652181'),(185,NULL,'20201','2020-10-10 09:49:39.000000',1,'652184'),(186,NULL,'20201','2020-10-10 09:49:39.000000',1,'652186'),(187,NULL,'20201','2020-10-10 09:49:39.000000',1,'652251'),(188,NULL,'20201','2020-10-10 09:49:39.000000',1,'652265'),(189,NULL,'20201','2020-10-10 09:49:39.000000',1,'652305'),(190,NULL,'20201','2020-10-10 09:49:39.000000',1,'652358'),(191,NULL,'20201','2020-10-10 09:49:39.000000',1,'652371'),(192,NULL,'20201','2020-10-10 09:49:39.000000',1,'652400'),(193,NULL,'20201','2020-10-10 09:49:39.000000',1,'652411'),(194,NULL,'20201','2020-10-10 09:49:39.000000',1,'652413'),(195,NULL,'20201','2020-10-10 09:49:39.000000',1,'652461'),(196,NULL,'20201','2020-10-10 09:49:39.000000',1,'652487'),(197,NULL,'20201','2020-10-10 09:49:39.000000',1,'652494'),(198,NULL,'20201','2020-10-10 09:49:39.000000',1,'652533'),(199,NULL,'20201','2020-10-10 09:49:39.000000',1,'652537'),(200,NULL,'20201','2020-10-10 09:49:39.000000',1,'652560'),(201,NULL,'20201','2020-10-10 09:49:39.000000',1,'652575'),(202,NULL,'20201','2020-10-10 09:49:39.000000',1,'652582'),(203,NULL,'20201','2020-10-10 09:49:39.000000',1,'652585'),(204,NULL,'20201','2020-10-10 09:49:39.000000',1,'652591'),(205,NULL,'20201','2020-10-10 09:49:39.000000',1,'652621'),(206,NULL,'20201','2020-10-10 09:49:39.000000',1,'652647'),(207,NULL,'20201','2020-10-10 09:49:39.000000',1,'652673'),(208,NULL,'20201','2020-10-10 09:49:39.000000',1,'652694'),(209,NULL,'20201','2020-10-10 09:49:39.000000',1,'652712'),(210,NULL,'20201','2020-10-10 09:49:39.000000',1,'652774'),(211,NULL,'20201','2020-10-10 09:49:39.000000',1,'653002'),(212,NULL,'20201','2020-10-10 09:49:39.000000',1,'653006'),(213,NULL,'20201','2020-10-10 09:49:39.000000',1,'653020'),(214,NULL,'20201','2020-10-10 09:49:39.000000',1,'653032'),(215,NULL,'20201','2020-10-10 09:49:39.000000',1,'653158'),(216,NULL,'20201','2020-10-10 09:49:39.000000',1,'653186'),(217,NULL,'20201','2020-10-10 09:49:39.000000',1,'653196'),(218,NULL,'20201','2020-10-10 09:49:39.000000',1,'653248'),(219,NULL,'20201','2020-10-10 09:49:39.000000',1,'653263'),(220,NULL,'20201','2020-10-10 09:49:39.000000',1,'653283'),(221,NULL,'20201','2020-10-10 09:49:39.000000',1,'653284'),(222,NULL,'20201','2020-10-10 09:49:39.000000',1,'653294'),(223,NULL,'20201','2020-10-10 09:49:39.000000',1,'653313'),(224,NULL,'20201','2020-10-10 09:49:39.000000',1,'653316'),(225,NULL,'20201','2020-10-10 09:49:39.000000',1,'653383'),(226,NULL,'20201','2020-10-10 09:49:39.000000',1,'653483'),(227,NULL,'20201','2020-10-10 09:49:39.000000',1,'653492'),(228,NULL,'20201','2020-10-10 09:49:39.000000',1,'653517'),(229,NULL,'20201','2020-10-10 09:49:39.000000',1,'653522'),(230,NULL,'20201','2020-10-10 09:49:39.000000',1,'653602'),(231,NULL,'20201','2020-10-10 09:49:39.000000',1,'653612'),(232,NULL,'20201','2020-10-10 09:49:39.000000',1,'653636'),(233,NULL,'20201','2020-10-10 09:49:39.000000',1,'653653'),(234,NULL,'20201','2020-10-10 09:49:39.000000',1,'653656'),(235,NULL,'20201','2020-10-10 09:49:39.000000',1,'653690'),(236,NULL,'20201','2020-10-10 09:49:39.000000',1,'653721'),(237,NULL,'20201','2020-10-10 09:49:39.000000',1,'653774'),(238,NULL,'20201','2020-10-10 09:49:39.000000',1,'653821'),(239,NULL,'20201','2020-10-10 09:49:39.000000',1,'653845'),(240,NULL,'20201','2020-10-10 09:49:39.000000',1,'653906'),(241,NULL,'20201','2020-10-10 09:49:39.000000',1,'653909'),(242,NULL,'20201','2020-10-10 09:49:39.000000',1,'653911'),(243,NULL,'20201','2020-10-10 09:49:39.000000',1,'653938'),(244,NULL,'20201','2020-10-10 09:49:39.000000',1,'653943'),(245,NULL,'20201','2020-10-10 09:49:39.000000',1,'653944'),(246,NULL,'20201','2020-10-10 09:49:39.000000',1,'653973'),(247,NULL,'20201','2020-10-10 09:49:39.000000',1,'654006'),(248,NULL,'20201','2020-10-10 09:49:39.000000',1,'654039'),(249,NULL,'20201','2020-10-10 09:49:39.000000',1,'654070'),(250,NULL,'20201','2020-10-10 09:49:39.000000',1,'654101'),(251,NULL,'20201','2020-10-10 09:49:39.000000',1,'654129'),(252,NULL,'20201','2020-10-10 09:49:39.000000',1,'654148'),(253,NULL,'20201','2020-10-10 09:49:39.000000',1,'654181'),(254,NULL,'20201','2020-10-10 09:49:39.000000',1,'654249'),(255,NULL,'20201','2020-10-10 09:49:39.000000',1,'654288'),(256,NULL,'20201','2020-10-10 09:49:39.000000',1,'654299'),(257,NULL,'20201','2020-10-10 09:49:39.000000',1,'654323'),(258,NULL,'20201','2020-10-10 09:49:39.000000',1,'654349'),(259,NULL,'20201','2020-10-10 09:49:39.000000',1,'654417'),(260,NULL,'20201','2020-10-10 09:49:39.000000',1,'654422'),(261,NULL,'20201','2020-10-10 09:49:39.000000',1,'654423'),(262,NULL,'20201','2020-10-10 09:49:39.000000',1,'654501'),(263,NULL,'20201','2020-10-10 09:49:39.000000',1,'654509'),(264,NULL,'20201','2020-10-10 09:49:39.000000',1,'654551'),(265,NULL,'20201','2020-10-10 09:49:39.000000',1,'654553'),(266,NULL,'20201','2020-10-10 09:49:39.000000',1,'654554'),(267,NULL,'20201','2020-10-10 09:49:39.000000',1,'654631'),(268,NULL,'20201','2020-10-10 09:49:39.000000',1,'654652'),(269,NULL,'20201','2020-10-10 09:49:39.000000',1,'654661'),(270,NULL,'20201','2020-10-10 09:49:39.000000',1,'654674'),(271,NULL,'20201','2020-10-10 09:49:39.000000',1,'654888'),(272,NULL,'20201','2020-10-10 09:49:39.000000',1,'654897'),(273,NULL,'20201','2020-10-10 09:49:39.000000',1,'654937'),(274,NULL,'20201','2020-10-10 09:49:39.000000',1,'654950'),(275,NULL,'20201','2020-10-10 09:49:39.000000',1,'654973'),(276,NULL,'20201','2020-10-10 09:49:39.000000',1,'654976'),(277,NULL,'20201','2020-10-10 09:49:39.000000',1,'655061'),(278,NULL,'20201','2020-10-10 09:49:39.000000',1,'655108'),(279,NULL,'20201','2020-10-10 09:49:39.000000',1,'655112'),(280,NULL,'20201','2020-10-10 09:49:39.000000',1,'655148'),(281,NULL,'20201','2020-10-10 09:49:39.000000',1,'655163'),(282,NULL,'20201','2020-10-10 09:49:39.000000',1,'655176'),(283,NULL,'20201','2020-10-10 09:49:39.000000',1,'655194'),(284,NULL,'20201','2020-10-10 09:49:39.000000',1,'655201'),(285,NULL,'20201','2020-10-10 09:49:39.000000',1,'655231'),(286,NULL,'20201','2020-10-10 09:49:39.000000',1,'655237'),(287,NULL,'20201','2020-10-10 09:49:39.000000',1,'655262'),(288,NULL,'20201','2020-10-10 09:49:39.000000',1,'655277'),(289,NULL,'20201','2020-10-10 09:49:39.000000',1,'655290'),(290,NULL,'20201','2020-10-10 09:49:39.000000',1,'655332'),(291,NULL,'20201','2020-10-10 09:49:39.000000',1,'655338'),(292,NULL,'20201','2020-10-10 09:49:39.000000',1,'655339'),(293,NULL,'20201','2020-10-10 09:49:39.000000',1,'655375'),(294,NULL,'20201','2020-10-10 09:49:39.000000',1,'655384'),(295,NULL,'20201','2020-10-10 09:49:39.000000',1,'655391'),(296,NULL,'20201','2020-10-10 09:49:39.000000',1,'655396'),(297,NULL,'20201','2020-10-10 09:49:39.000000',1,'655405'),(298,NULL,'20201','2020-10-10 09:49:39.000000',1,'655445'),(299,NULL,'20201','2020-10-10 09:49:39.000000',1,'655446'),(300,NULL,'20201','2020-10-10 09:49:39.000000',1,'655449'),(301,NULL,'20201','2020-10-10 09:49:39.000000',1,'655464'),(302,NULL,'20201','2020-10-10 09:49:39.000000',1,'655576'),(303,NULL,'20201','2020-10-10 09:49:39.000000',1,'655593'),(304,NULL,'20201','2020-10-10 09:49:39.000000',1,'655645'),(305,NULL,'20201','2020-10-10 09:49:39.000000',1,'656003'),(306,NULL,'20201','2020-10-10 09:49:39.000000',1,'656023'),(307,NULL,'20201','2020-10-10 09:49:39.000000',1,'657027'),(308,NULL,'20211','2021-10-10 09:49:39.000000',1,'6650264'),(309,NULL,'20211','2021-10-10 09:49:39.000000',1,'6650288'),(310,NULL,'20211','2021-10-10 09:49:39.000000',1,'6650361'),(311,NULL,'20211','2021-10-10 09:49:39.000000',1,'6650392'),(312,NULL,'20211','2021-10-10 09:49:39.000000',1,'6650484'),(313,NULL,'20211','2021-10-10 09:49:39.000000',1,'6650750'),(314,NULL,'20211','2021-10-10 09:49:39.000000',1,'6650955'),(315,NULL,'20211','2021-10-10 09:49:39.000000',1,'6651336'),(316,NULL,'20211','2021-10-10 09:49:39.000000',1,'6651339'),(317,NULL,'20211','2021-10-10 09:49:39.000000',1,'6651720'),(318,NULL,'20211','2021-10-10 09:49:39.000000',1,'6652235'),(319,NULL,'20211','2021-10-10 09:49:39.000000',1,'6652385'),(320,NULL,'20211','2021-10-10 09:49:39.000000',1,'6652537'),(321,NULL,'20211','2021-10-10 09:49:39.000000',1,'6652747'),(322,NULL,'20211','2021-10-10 09:49:39.000000',1,'6653351'),(323,NULL,'20211','2021-10-10 09:49:39.000000',1,'6654371'),(324,NULL,'20211','2021-10-10 09:49:39.000000',1,'6654383'),(325,NULL,'20211','2021-10-10 09:49:39.000000',1,'6654599'),(326,NULL,'20211','2021-10-10 09:49:39.000000',1,'6654975'),(327,NULL,'20211','2021-10-10 09:49:39.000000',1,'6655010'),(328,NULL,'20211','2021-10-10 09:49:39.000000',1,'6655011'),(329,NULL,'20211','2021-10-10 09:49:39.000000',1,'6655014'),(330,NULL,'20211','2021-10-10 09:49:39.000000',1,'6655032'),(331,NULL,'20211','2021-10-10 09:49:39.000000',1,'6655051'),(332,NULL,'20211','2021-10-10 09:49:39.000000',1,'6655057'),(333,NULL,'20211','2021-10-10 09:49:39.000000',1,'6655224'),(334,NULL,'20211','2021-10-10 09:49:39.000000',1,'6655227'),(335,NULL,'20211','2021-10-10 09:49:39.000000',1,'6655285'),(336,NULL,'20211','2021-10-10 09:49:39.000000',1,'6655419'),(337,NULL,'20211','2021-10-10 09:49:39.000000',1,'6655434'),(338,NULL,'20211','2021-10-10 09:49:39.000000',1,'6655439'),(339,NULL,'20211','2021-10-10 09:49:39.000000',1,'6655494'),(340,NULL,'20211','2021-10-10 09:49:39.000000',1,'6655657'),(341,NULL,'20211','2021-10-10 09:49:39.000000',1,'6655948'),(342,NULL,'20211','2021-10-10 09:49:39.000000',1,'6656276'),(343,NULL,'20211','2021-10-10 09:49:39.000000',1,'6656485'),(344,NULL,'20211','2021-10-10 09:49:39.000000',1,'6656503'),(345,NULL,'20211','2021-10-10 09:49:39.000000',1,'6660174'),(346,NULL,'20211','2021-10-10 09:49:39.000000',1,'6660177'),(347,NULL,'20211','2021-10-10 09:49:39.000000',1,'6660260'),(348,NULL,'20211','2021-10-10 09:49:39.000000',1,'6660730'),(349,NULL,'20211','2021-10-10 09:49:39.000000',1,'6661125'),(350,NULL,'20211','2021-10-10 09:49:39.000000',1,'6661186'),(351,NULL,'20211','2021-10-10 09:49:39.000000',1,'6661203'),(352,NULL,'20211','2021-10-10 09:49:39.000000',1,'6661238'),(353,NULL,'20211','2021-10-10 09:49:39.000000',1,'6661877'),(354,NULL,'20211','2021-10-10 09:49:39.000000',1,'6661888'),(355,NULL,'20211','2021-10-10 09:49:39.000000',1,'6662012'),(356,NULL,'20211','2021-10-10 09:49:39.000000',1,'6662327'),(357,NULL,'20211','2021-10-10 09:49:39.000000',1,'6662333'),(358,NULL,'20211','2021-10-10 09:49:39.000000',1,'6662467'),(359,NULL,'20211','2021-10-10 09:49:39.000000',1,'6662529'),(360,NULL,'20211','2021-10-10 09:49:39.000000',1,'6665288'),(361,NULL,'20211','2021-10-10 09:49:39.000000',1,'6665326'),(362,NULL,'20211','2021-10-10 09:49:39.000000',1,'6665493'),(363,NULL,'20211','2021-10-10 09:49:39.000000',1,'6665542'),(364,NULL,'20211','2021-10-10 09:49:39.000000',1,'6665562'),(365,NULL,'20211','2021-10-10 09:49:39.000000',1,'6665631'),(366,NULL,'20211','2021-10-10 09:49:39.000000',1,'6665658'),(367,NULL,'20211','2021-10-10 09:49:39.000000',1,'6665663'),(368,NULL,'20211','2021-10-10 09:49:39.000000',1,'6665720'),(369,NULL,'20211','2021-10-10 09:49:39.000000',1,'6665857'),(370,NULL,'20211','2021-10-10 09:49:39.000000',1,'6665886'),(371,NULL,'20211','2021-10-10 09:49:39.000000',1,'6666130'),(372,NULL,'20211','2021-10-10 09:49:39.000000',1,'6666258'),(373,NULL,'20211','2021-10-10 09:49:39.000000',1,'6666366'),(374,NULL,'20211','2021-10-10 09:49:39.000000',1,'6666429'),(375,NULL,'20211','2021-10-10 09:49:39.000000',1,'6666453'),(376,NULL,'20211','2021-10-10 09:49:39.000000',1,'6666757'),(377,NULL,'20211','2021-10-10 09:49:39.000000',1,'6666878'),(378,NULL,'20211','2021-10-10 09:49:39.000000',1,'6666890'),(379,NULL,'20211','2021-10-10 09:49:39.000000',1,'6666914'),(380,NULL,'20211','2021-10-10 09:49:39.000000',1,'6666929'),(381,NULL,'20211','2021-10-10 09:49:39.000000',1,'6666954'),(382,NULL,'20211','2021-10-10 09:49:39.000000',1,'6667080'),(383,NULL,'20211','2021-10-10 09:49:39.000000',1,'6667130'),(384,NULL,'20211','2021-10-10 09:49:39.000000',1,'6667154'),(385,NULL,'20211','2021-10-10 09:49:39.000000',1,'6667282'),(386,NULL,'20211','2021-10-10 09:49:39.000000',1,'6667458'),(387,NULL,'20211','2021-10-10 09:49:39.000000',1,'6667497'),(388,NULL,'20211','2021-10-10 09:49:39.000000',1,'6667532'),(389,NULL,'20211','2021-10-10 09:49:39.000000',1,'6667537'),(390,NULL,'20211','2021-10-10 09:49:39.000000',1,'6667716'),(391,NULL,'20211','2021-10-10 09:49:39.000000',1,'6667825'),(392,NULL,'20211','2021-10-10 09:49:39.000000',1,'6667868'),(393,NULL,'20221','2022-10-10 09:49:39.000000',1,'671145'),(394,NULL,'20221','2022-10-10 09:49:39.000000',1,'671147'),(395,NULL,'20221','2022-10-10 09:49:39.000000',1,'671151'),(396,NULL,'20221','2022-10-10 09:49:39.000000',1,'671156'),(397,NULL,'20221','2022-10-10 09:49:39.000000',1,'671161'),(398,NULL,'20221','2022-10-10 09:49:39.000000',1,'671170'),(399,NULL,'20221','2022-10-10 09:49:39.000000',1,'671189'),(400,NULL,'20221','2022-10-10 09:49:39.000000',1,'671223'),(401,NULL,'20221','2022-10-10 09:49:39.000000',1,'671246'),(402,NULL,'20221','2022-10-10 09:49:39.000000',1,'671249'),(403,NULL,'20221','2022-10-10 09:49:39.000000',1,'671251'),(404,NULL,'20221','2022-10-10 09:49:39.000000',1,'671263'),(405,NULL,'20221','2022-10-10 09:49:39.000000',1,'671272'),(406,NULL,'20221','2022-10-10 09:49:39.000000',1,'671285'),(407,NULL,'20221','2022-10-10 09:49:39.000000',1,'671302'),(408,NULL,'20221','2022-10-10 09:49:39.000000',1,'671318'),(409,NULL,'20221','2022-10-10 09:49:39.000000',1,'671323'),(410,NULL,'20221','2022-10-10 09:49:39.000000',1,'671324'),(411,NULL,'20221','2022-10-10 09:49:39.000000',1,'671327'),(412,NULL,'20221','2022-10-10 09:49:39.000000',1,'671352'),(413,NULL,'20221','2022-10-10 09:49:39.000000',1,'671385'),(414,NULL,'20221','2022-10-10 09:49:39.000000',1,'671399'),(415,NULL,'20221','2022-10-10 09:49:39.000000',1,'671404'),(416,NULL,'20221','2022-10-10 09:49:39.000000',1,'671409'),(417,NULL,'20221','2022-10-10 09:49:39.000000',1,'671410'),(418,NULL,'20221','2022-10-10 09:49:39.000000',1,'671427'),(419,NULL,'20221','2022-10-10 09:49:39.000000',1,'671434'),(420,NULL,'20221','2022-10-10 09:49:39.000000',1,'671442'),(421,NULL,'20221','2022-10-10 09:49:39.000000',1,'671451'),(422,NULL,'20221','2022-10-10 09:49:39.000000',1,'671471'),(423,NULL,'20221','2022-10-10 09:49:39.000000',1,'671482'),(424,NULL,'20221','2022-10-10 09:49:39.000000',1,'671488'),(425,NULL,'20221','2022-10-10 09:49:39.000000',1,'671492'),(426,NULL,'20221','2022-10-10 09:49:39.000000',1,'671503'),(427,NULL,'20221','2022-10-10 09:49:39.000000',1,'671507'),(428,NULL,'20221','2022-10-10 09:49:39.000000',1,'671532'),(429,NULL,'20221','2022-10-10 09:49:39.000000',1,'671534'),(430,NULL,'20221','2022-10-10 09:49:39.000000',1,'671555'),(431,NULL,'20221','2022-10-10 09:49:39.000000',1,'671559'),(432,NULL,'20221','2022-10-10 09:49:39.000000',1,'671561'),(433,NULL,'20221','2022-10-10 09:49:39.000000',1,'671571'),(434,NULL,'20221','2022-10-10 09:49:39.000000',1,'671573'),(435,NULL,'20221','2022-10-10 09:49:39.000000',1,'671595'),(436,NULL,'20221','2022-10-10 09:49:39.000000',1,'671603'),(437,NULL,'20221','2022-10-10 09:49:39.000000',1,'671604'),(438,NULL,'20221','2022-10-10 09:49:39.000000',1,'671609'),(439,NULL,'20221','2022-10-10 09:49:39.000000',1,'671623'),(440,NULL,'20221','2022-10-10 09:49:39.000000',1,'671627'),(441,NULL,'20221','2022-10-10 09:49:39.000000',1,'671632'),(442,NULL,'20221','2022-10-10 09:49:39.000000',1,'671638'),(443,NULL,'20221','2022-10-10 09:49:39.000000',1,'671649'),(444,NULL,'20221','2022-10-10 09:49:39.000000',1,'671652'),(445,NULL,'20221','2022-10-10 09:49:39.000000',1,'671683'),(446,NULL,'20221','2022-10-10 09:49:39.000000',1,'671691'),(447,NULL,'20221','2022-10-10 09:49:39.000000',1,'671692'),(448,NULL,'20221','2022-10-10 09:49:39.000000',1,'671694'),(449,NULL,'20221','2022-10-10 09:49:39.000000',1,'671697'),(450,NULL,'20221','2022-10-10 09:49:39.000000',1,'671711'),(451,NULL,'20221','2022-10-10 09:49:39.000000',1,'671717'),(452,NULL,'20221','2022-10-10 09:49:39.000000',1,'671719'),(453,NULL,'20221','2022-10-10 09:49:39.000000',1,'671727'),(454,NULL,'20221','2022-10-10 09:49:39.000000',1,'671752'),(455,NULL,'20221','2022-10-10 09:49:39.000000',1,'671763'),(456,NULL,'20221','2022-10-10 09:49:39.000000',1,'671764'),(457,NULL,'20221','2022-10-10 09:49:39.000000',1,'671785'),(458,NULL,'20221','2022-10-10 09:49:39.000000',1,'671786'),(459,NULL,'20221','2022-10-10 09:49:39.000000',1,'671818'),(460,NULL,'20221','2022-10-10 09:49:39.000000',1,'671825'),(461,NULL,'20221','2022-10-10 09:49:39.000000',1,'671925'),(462,NULL,'20221','2022-10-10 09:49:39.000000',1,'671934'),(463,NULL,'20221','2022-10-10 09:49:39.000000',1,'672010'),(464,NULL,'20221','2022-10-10 09:49:39.000000',1,'672015'),(465,NULL,'20221','2022-10-10 09:49:39.000000',1,'672042'),(466,NULL,'20242','2023-09-25 09:02:18.308084',1,'611118'),(467,NULL,'20181','2018-10-10 09:49:39.000000',2,'611112'),(468,NULL,'20182','2018-10-10 09:49:39.000000',2,'566553'),(469,NULL,'20182','2018-10-10 09:49:39.000000',3,'576739'),(470,NULL,'20182','2018-10-10 09:49:39.000000',2,'576779'),(471,NULL,'20181','2018-10-10 09:49:39.000000',2,'585945'),(472,NULL,'20182','2018-10-10 09:49:39.000000',3,'586610'),(473,NULL,'20181','2018-10-10 09:49:39.000000',2,'587963'),(474,NULL,'20182','2018-10-10 09:49:39.000000',3,'591842'),(475,NULL,'20182','2018-10-10 09:49:39.000000',3,'596517'),(476,NULL,'20181','2018-10-10 09:49:39.000000',3,'596721'),(477,NULL,'20182','2018-10-10 09:49:39.000000',3,'596722'),(478,NULL,'20181','2018-10-10 09:49:39.000000',2,'599053'),(479,NULL,'20182','2018-10-10 09:49:39.000000',2,'601351'),(480,NULL,'20182','2018-10-10 09:49:39.000000',2,'601352'),(481,NULL,'20181','2018-10-10 09:49:39.000000',2,'605134'),(482,NULL,'20182','2018-10-10 09:49:39.000000',2,'605135'),(483,NULL,'20182','2018-10-10 09:49:39.000000',3,'605137'),(484,NULL,'20182','2018-10-10 09:49:39.000000',2,'605753'),(485,NULL,'20182','2018-10-10 09:49:39.000000',3,'605813'),(486,NULL,'20191','2018-10-10 09:49:39.000000',2,'611112'),(487,NULL,'20191','2019-10-10 09:49:39.000000',2,'611212'),(488,NULL,'20192','2019-10-10 09:49:39.000000',2,'611230'),(489,NULL,'20192','2019-10-10 09:49:39.000000',3,'611234'),(490,NULL,'20191','2019-10-10 09:49:39.000000',3,'611244'),(491,NULL,'20191','2019-10-10 09:49:39.000000',3,'611245'),(492,NULL,'20191','2019-10-10 09:49:39.000000',2,'611289'),(493,NULL,'20192','2019-10-10 09:49:39.000000',3,'611290'),(494,NULL,'20191','2019-10-10 09:49:39.000000',2,'611292'),(495,NULL,'20191','2019-10-10 09:49:39.000000',2,'611298'),(496,NULL,'20191','2019-10-10 09:49:39.000000',3,'614086'),(497,NULL,'20191','2019-10-10 09:49:39.000000',2,'614091'),(498,NULL,'20192','2019-10-10 09:49:39.000000',3,'621046'),(499,NULL,'20191','2019-10-10 09:49:39.000000',2,'621065'),(500,NULL,'20191','2019-10-10 09:49:39.000000',2,'621066'),(501,NULL,'20191','2019-10-10 09:49:39.000000',3,'621067'),(502,NULL,'20192','2019-10-10 09:49:39.000000',3,'621068'),(503,NULL,'20191','2019-10-10 09:49:39.000000',3,'621070'),(504,NULL,'20191','2019-10-10 09:49:39.000000',3,'621072'),(505,NULL,'20191','2019-10-10 09:49:39.000000',2,'621084'),(506,NULL,'20191','2019-10-10 09:49:39.000000',3,'621087'),(507,NULL,'20191','2019-10-10 09:49:39.000000',2,'621121'),(508,NULL,'20191','2019-10-10 09:49:39.000000',3,'621123'),(509,NULL,'20191','2019-10-10 09:49:39.000000',2,'621170'),(510,NULL,'20191','2019-10-10 09:49:39.000000',2,'621187'),(511,NULL,'20201','2020-10-10 09:49:39.000000',2,'621191'),(512,NULL,'20201','2020-10-10 09:49:39.000000',3,'622405'),(513,NULL,'20201','2020-10-10 09:49:39.000000',3,'637602'),(514,NULL,'20201','2020-10-10 09:49:39.000000',3,'637612'),(515,NULL,'20201','2020-10-10 09:49:39.000000',2,'637618'),(516,NULL,'20201','2020-10-10 09:49:39.000000',3,'637625'),(517,NULL,'20201','2020-10-10 09:49:39.000000',2,'637627'),(518,NULL,'20201','2020-10-10 09:49:39.000000',2,'637630'),(519,NULL,'20201','2020-10-10 09:49:39.000000',3,'637638'),(520,NULL,'20201','2020-10-10 09:49:39.000000',3,'637646'),(521,NULL,'20201','2020-10-10 09:49:39.000000',2,'637709'),(522,NULL,'20201','2020-10-10 09:49:39.000000',2,'637711'),(523,NULL,'20201','2020-10-10 09:49:39.000000',2,'637718'),(524,NULL,'20201','2020-10-10 09:49:39.000000',3,'637719'),(525,NULL,'20201','2020-10-10 09:49:39.000000',3,'637721'),(526,NULL,'20201','2020-10-10 09:49:39.000000',3,'637732'),(527,NULL,'20201','2020-10-10 09:49:39.000000',2,'637733'),(528,NULL,'20201','2020-10-10 09:49:39.000000',2,'637737'),(529,NULL,'20201','2020-10-10 09:49:39.000000',3,'637739'),(530,NULL,'20201','2020-10-10 09:49:39.000000',3,'637747'),(531,NULL,'20201','2020-10-10 09:49:39.000000',3,'637748'),(532,NULL,'20201','2020-10-10 09:49:39.000000',2,'637805'),(533,NULL,'20191','2019-10-10 09:49:39.000000',3,'621070'),(534,NULL,'20191','2019-10-10 09:49:39.000000',3,'621072'),(535,NULL,'20191','2019-10-10 09:49:39.000000',2,'621084'),(536,NULL,'20191','2019-10-10 09:49:39.000000',3,'621087'),(537,NULL,'20191','2019-10-10 09:49:39.000000',2,'621121'),(538,NULL,'20191','2019-10-10 09:49:39.000000',3,'621123'),(539,NULL,'20191','2019-10-10 09:49:39.000000',2,'621170'),(540,NULL,'20191','2019-10-10 09:49:39.000000',2,'621187'),(541,NULL,'20201','2020-10-10 09:49:39.000000',2,'621191'),(542,NULL,'20201','2020-10-10 09:49:39.000000',3,'622405'),(543,NULL,'20201','2020-10-10 09:49:39.000000',3,'637602'),(544,NULL,'20201','2020-10-10 09:49:39.000000',3,'637612'),(545,NULL,'20201','2020-10-10 09:49:39.000000',2,'637618'),(546,NULL,'20201','2020-10-10 09:49:39.000000',3,'637625'),(547,NULL,'20201','2020-10-10 09:49:39.000000',2,'637627'),(548,NULL,'20201','2020-10-10 09:49:39.000000',2,'637630'),(549,NULL,'20201','2020-10-10 09:49:39.000000',3,'637638'),(550,NULL,'20201','2020-10-10 09:49:39.000000',3,'637646'),(551,NULL,'20201','2020-10-10 09:49:39.000000',2,'637709'),(552,NULL,'20201','2020-10-10 09:49:39.000000',2,'637711'),(553,NULL,'20201','2020-10-10 09:49:39.000000',2,'637718'),(554,NULL,'20201','2020-10-10 09:49:39.000000',3,'637719'),(555,NULL,'20201','2020-10-10 09:49:39.000000',3,'637721'),(556,NULL,'20201','2020-10-10 09:49:39.000000',3,'637732'),(557,NULL,'20201','2020-10-10 09:49:39.000000',2,'637733'),(558,NULL,'20201','2020-10-10 09:49:39.000000',2,'637737'),(559,NULL,'20201','2020-10-10 09:49:39.000000',3,'637739'),(560,NULL,'20201','2020-10-10 09:49:39.000000',3,'637747'),(561,NULL,'20201','2020-10-10 09:49:39.000000',3,'637748'),(562,NULL,'20201','2020-10-10 09:49:39.000000',2,'637805');
/*!40000 ALTER TABLE `students_statuses` ENABLE KEYS */;
UNLOCK TABLES;

--
-- Table structure for table `students_terms`
--

DROP TABLE IF EXISTS `students_terms`;
/*!40101 SET @saved_cs_client     = @@character_set_client */;
/*!50503 SET character_set_client = utf8mb4 */;
CREATE TABLE `students_terms` (
  `id` bigint NOT NULL AUTO_INCREMENT,
  `student_id` varchar(100) DEFAULT NULL,
  `term_id` varchar(100) DEFAULT NULL,
  `average_point_10` float DEFAULT NULL,
  `average_point_4` float DEFAULT NULL,
  `training_point` int DEFAULT NULL,
  `credits_accumulated` int DEFAULT NULL,
  `point_accumulated_10` float DEFAULT NULL,
  `point_accumulated_4` float DEFAULT NULL,
  `is_deleted` bit(1) DEFAULT NULL,
  PRIMARY KEY (`id`),
  KEY `FKcl2fw1k4vt8fn68w0j3250xnh` (`student_id`),
  KEY `FK6wmdb2tnhtda2sa46s7uo9qxj` (`term_id`),
  CONSTRAINT `FK6wmdb2tnhtda2sa46s7uo9qxj` FOREIGN KEY (`term_id`) REFERENCES `terms` (`id`),
  CONSTRAINT `FKcl2fw1k4vt8fn68w0j3250xnh` FOREIGN KEY (`student_id`) REFERENCES `students` (`id`)
) ENGINE=InnoDB AUTO_INCREMENT=502 DEFAULT CHARSET=utf8mb4 COLLATE=utf8mb4_0900_ai_ci;
/*!40101 SET character_set_client = @saved_cs_client */;

--
-- Dumping data for table `students_terms`
--

LOCK TABLES `students_terms` WRITE;
/*!40000 ALTER TABLE `students_terms` DISABLE KEYS */;
INSERT INTO `students_terms` VALUES (1,'6655051','20211',4.5,1.8,76,41,4.52,1.81,_binary '\0'),(2,'6652385','20211',7.06,2.82,84,62,7.09,2.84,_binary '\0'),(3,'6655419','20211',2.94,1.17,57,79,2.95,1.18,_binary '\0'),(4,'6667825','20211',0.71,0.28,91,62,0.71,0.28,_binary '\0'),(5,'6654371','20211',6.87,2.75,70,93,6.9,2.76,_binary '\0'),(6,'6667532','20211',7.18,2.87,90,110,7.21,2.89,_binary '\0'),(7,'6666130','20211',4,1.6,65,128,4.02,1.61,_binary '\0'),(8,'6665857','20211',5.48,2.19,69,75,5.5,2.2,_binary '\0'),(9,'6661877','20211',6.55,2.62,50,111,6.58,2.63,_binary '\0'),(10,'6661125','20211',6.38,2.55,85,108,6.41,2.56,_binary '\0'),(11,'6665720','20211',7.86,3.14,92,113,7.9,3.16,_binary '\0'),(12,'6667458','20211',8.29,3.32,70,110,8.33,3.33,_binary '\0'),(13,'655384','20201',6.86,2.75,73,125,6.9,2.76,_binary '\0'),(14,'651835','20201',3.07,1.23,97,108,3.08,1.23,_binary '\0'),(15,'651836','20201',9.67,3.87,74,40,9.72,3.89,_binary '\0'),(16,'655396','20201',8.83,3.53,64,100,8.87,3.55,_binary '\0'),(17,'651808','20201',1.72,0.69,56,58,1.73,0.69,_binary '\0'),(18,'653973','20201',9.5,3.8,71,43,9.54,3.82,_binary '\0'),(19,'653911','20201',4.62,1.85,59,37,4.65,1.86,_binary '\0'),(20,'655645','20201',1.26,0.51,84,83,1.27,0.51,_binary '\0'),(21,'654181','20201',2.61,1.04,87,68,2.62,1.05,_binary '\0'),(22,'652621','20201',7.2,2.88,92,90,7.23,2.89,_binary '\0'),(23,'655262','20201',9.31,3.73,83,48,9.36,3.74,_binary '\0'),(24,'655405','20201',0.94,0.37,97,109,0.94,0.38,_binary '\0'),(25,'655449','20201',5.68,2.27,89,113,5.71,2.28,_binary '\0'),(26,'651834','20201',3.62,1.45,88,93,3.64,1.45,_binary '\0'),(27,'654674','20201',8.25,3.3,81,130,8.29,3.32,_binary '\0'),(28,'654323','20201',5.27,2.11,64,44,5.29,2.12,_binary '\0'),(29,'651514','20201',8.22,3.29,92,28,8.26,3.3,_binary '\0'),(30,'654661','20201',7,2.8,90,122,7.03,2.81,_binary '\0'),(31,'652694','20201',9.06,3.62,90,60,9.11,3.64,_binary '\0'),(32,'650024','20201',8.68,3.47,62,80,8.72,3.49,_binary '\0'),(33,'653721','20201',7.57,3.03,50,52,7.61,3.04,_binary '\0'),(34,'651370','20201',5.62,2.25,64,75,5.64,2.26,_binary '\0'),(35,'654897','20201',2.73,1.09,79,73,2.75,1.1,_binary '\0'),(36,'650037','20201',3.69,1.47,98,92,3.7,1.48,_binary '\0'),(37,'651635','20201',2.33,0.93,90,53,2.34,0.94,_binary '\0'),(38,'651659','20201',7.03,2.81,71,129,7.06,2.82,_binary '\0'),(39,'652085','20201',9.91,3.96,80,83,9.95,3.98,_binary '\0'),(40,'655201','20201',3.28,1.31,68,45,3.3,1.32,_binary '\0'),(41,'653938','20201',0.49,0.2,56,70,0.49,0.2,_binary '\0'),(42,'653774','20201',3.3,1.32,75,129,3.32,1.33,_binary '\0'),(43,'651107','20201',1.21,0.48,99,127,1.22,0.49,_binary '\0'),(44,'654554','20201',9.27,3.71,72,100,9.31,3.73,_binary '\0'),(45,'651094','20201',8.45,3.38,92,46,8.49,3.4,_binary '\0'),(46,'651084','20201',0.12,0.05,55,30,0.12,0.05,_binary '\0'),(47,'651512','20201',0.54,0.22,74,50,0.54,0.22,_binary '\0'),(48,'652647','20201',8.5,3.4,95,129,8.54,3.42,_binary '\0'),(49,'654501','20201',2.76,1.11,94,71,2.78,1.11,_binary '\0'),(50,'652251','20201',4.25,1.7,58,97,4.27,1.71,_binary '\0'),(51,'650446','20201',4.38,1.75,95,60,4.4,1.76,_binary '\0'),(52,'654349','20201',0.26,0.1,97,122,0.26,0.11,_binary '\0'),(53,'654551','20201',7.52,3.01,77,75,7.56,3.02,_binary '\0'),(54,'653294','20201',4.12,1.65,92,125,4.14,1.66,_binary '\0'),(55,'653248','20201',9.45,3.78,80,73,9.5,3.8,_binary '\0'),(56,'652046','20201',6.75,2.7,64,48,6.78,2.71,_binary '\0'),(57,'653186','20201',9.23,3.69,74,98,9.28,3.71,_binary '\0'),(58,'655148','20201',8.74,3.5,78,120,8.78,3.51,_binary '\0'),(59,'651165','20201',3.35,1.34,75,72,3.36,1.35,_binary '\0'),(60,'652112','20201',5.89,2.36,75,41,5.92,2.37,_binary '\0'),(61,'653284','20201',3.73,1.49,88,69,3.74,1.5,_binary '\0'),(62,'653002','20201',8.79,3.52,91,54,8.83,3.53,_binary '\0'),(63,'651337','20201',6.01,2.41,86,126,6.04,2.42,_binary '\0'),(64,'654423','20201',6.54,2.62,100,32,6.57,2.63,_binary '\0'),(65,'655061','20201',4.11,1.64,77,88,4.13,1.65,_binary '\0'),(66,'652040','20201',9.52,3.81,66,95,9.56,3.83,_binary '\0'),(67,'654631','20201',0.74,0.3,70,59,0.75,0.3,_binary '\0'),(68,'651307','20201',2.61,1.04,53,120,2.62,1.05,_binary '\0'),(69,'654129','20201',7.2,2.88,62,46,7.23,2.89,_binary '\0'),(70,'650441','20201',4.45,1.78,75,94,4.47,1.79,_binary '\0'),(71,'653263','20201',0,0,83,123,0,0,_binary '\0'),(72,'654422','20201',2.89,1.16,88,79,2.9,1.16,_binary '\0'),(73,'653283','20201',6.66,2.67,92,100,6.7,2.68,_binary '\0'),(74,'651157','20201',1.99,0.8,66,57,2,0.8,_binary '\0'),(75,'650706','20201',7.91,3.16,80,103,7.94,3.18,_binary '\0'),(76,'651763','20201',9.3,3.72,79,79,9.35,3.74,_binary '\0'),(77,'655593','20201',5.24,2.1,78,99,5.26,2.11,_binary '\0'),(78,'656003','20201',5.86,2.35,76,122,5.89,2.36,_binary '\0'),(79,'651694','20201',5.62,2.25,51,90,5.65,2.26,_binary '\0'),(80,'652127','20201',9.63,3.85,72,125,9.68,3.87,_binary '\0'),(81,'655108','20201',4.78,1.91,100,30,4.8,1.92,_binary '\0'),(82,'651083','20201',0.14,0.06,77,118,0.14,0.06,_binary '\0'),(83,'653943','20201',7.25,2.9,98,123,7.28,2.91,_binary '\0'),(84,'653006','20201',8.35,3.34,79,76,8.39,3.35,_binary '\0'),(85,'655112','20201',1.64,0.66,84,117,1.65,0.66,_binary '\0'),(86,'651610','20201',5.5,2.2,100,92,5.53,2.21,_binary '\0'),(87,'652007','20201',4.91,1.96,72,49,4.93,1.97,_binary '\0'),(88,'655163','20201',6.48,2.59,93,104,6.51,2.6,_binary '\0'),(89,'654976','20201',4.19,1.68,79,97,4.21,1.68,_binary '\0'),(90,'654973','20201',1.36,0.54,97,35,1.36,0.55,_binary '\0'),(91,'650489','20201',3.37,1.35,87,32,3.39,1.35,_binary '\0'),(92,'654652','20201',3.97,1.59,60,85,3.98,1.59,_binary '\0'),(93,'651626','20201',3.9,1.56,77,126,3.91,1.57,_binary '\0'),(94,'651863','20201',9.64,3.85,79,26,9.68,3.87,_binary '\0'),(95,'653845','20201',9.72,3.89,51,33,9.77,3.91,_binary '\0'),(96,'650142','20201',7.31,2.92,94,75,7.34,2.94,_binary '\0'),(97,'651288','20201',5.24,2.1,68,125,5.27,2.11,_binary '\0'),(98,'650556','20201',5.09,2.04,58,68,5.11,2.05,_binary '\0'),(99,'650400','20201',2.81,1.12,70,83,2.82,1.13,_binary '\0'),(100,'650149','20201',6.79,2.72,60,117,6.83,2.73,_binary '\0'),(101,'653316','20201',2.02,0.81,51,67,2.03,0.81,_binary '\0'),(102,'650988','20201',3.83,1.53,83,122,3.85,1.54,_binary '\0'),(103,'652673','20201',1.35,0.54,52,108,1.36,0.54,_binary '\0'),(104,'653313','20201',4.78,1.91,81,114,4.8,1.92,_binary '\0'),(105,'650595','20201',1.9,0.76,86,87,1.91,0.77,_binary '\0'),(106,'650129','20201',3.89,1.55,78,101,3.9,1.56,_binary '\0'),(107,'653690','20201',3.22,1.29,58,110,3.23,1.29,_binary '\0'),(108,'651768','20201',2.1,0.84,75,69,2.11,0.85,_binary '\0'),(109,'642961','20191',2.01,0.81,99,58,2.02,0.81,_binary '\0'),(110,'646241','20191',3.47,1.39,67,72,3.48,1.39,_binary '\0'),(111,'642460','20191',6.82,2.73,76,96,6.86,2.74,_binary '\0'),(112,'645859','20191',4.63,1.85,86,126,4.65,1.86,_binary '\0'),(113,'642373','20191',2.27,0.91,64,80,2.28,0.91,_binary '\0'),(114,'637630','20181',9.42,3.77,63,105,9.46,3.78,_binary '\0'),(115,'637748','20181',5.75,2.3,89,31,5.77,2.31,_binary '\0'),(116,'637733','20181',2.87,1.15,80,90,2.88,1.15,_binary '\0'),(117,'637612','20181',9.7,3.88,60,42,9.75,3.9,_binary '\0'),(118,'621087','20171',1.96,0.79,71,112,1.97,0.79,_binary '\0'),(119,'621067','20171',5.06,2.02,71,113,5.08,2.03,_binary '\0'),(120,'621170','20171',8.98,3.59,76,47,9.02,3.61,_binary '\0'),(121,'611292','20161',0.94,0.38,58,107,0.95,0.38,_binary '\0'),(122,'611290','20161',4.24,1.7,86,57,4.26,1.7,_binary '\0'),(123,'6655051','20212',0.84,0.33,70,111,0.84,0.34,_binary '\0'),(124,'6652385','20212',9.39,3.76,91,87,9.43,3.77,_binary '\0'),(125,'6655419','20212',5.26,2.11,75,104,5.29,2.12,_binary '\0'),(126,'6667825','20212',3.08,1.23,90,98,3.1,1.24,_binary '\0'),(127,'6654371','20212',8.35,3.34,99,127,8.39,3.36,_binary '\0'),(128,'6667532','20212',2.63,1.05,90,122,2.64,1.06,_binary '\0'),(129,'6666130','20212',3.78,1.51,94,76,3.8,1.52,_binary '\0'),(130,'6665857','20212',7.03,2.81,79,59,7.06,2.83,_binary '\0'),(131,'6661877','20212',6.96,2.78,62,62,6.99,2.8,_binary '\0'),(132,'6661125','20212',2.95,1.18,89,124,2.96,1.19,_binary '\0'),(133,'6665720','20212',0.94,0.38,90,47,0.95,0.38,_binary '\0'),(134,'6667458','20212',8.43,3.37,95,27,8.47,3.39,_binary '\0'),(135,'655384','20202',5.89,2.35,95,115,5.92,2.37,_binary '\0'),(136,'651835','20202',3.46,1.38,98,112,3.48,1.39,_binary '\0'),(137,'651836','20202',6.51,2.6,93,102,6.54,2.62,_binary '\0'),(138,'655396','20202',7.6,3.04,81,128,7.64,3.06,_binary '\0'),(139,'651808','20202',0.75,0.3,75,104,0.75,0.3,_binary '\0'),(140,'653973','20202',5.14,2.06,96,80,5.17,2.07,_binary '\0'),(141,'653911','20202',3.78,1.51,85,26,3.79,1.52,_binary '\0'),(142,'655645','20202',3.06,1.23,53,92,3.08,1.23,_binary '\0'),(143,'654181','20202',2.32,0.93,86,56,2.33,0.93,_binary '\0'),(144,'652621','20202',0.74,0.3,95,90,0.75,0.3,_binary '\0'),(145,'655262','20202',0.89,0.36,62,99,0.9,0.36,_binary '\0'),(146,'655405','20202',6.46,2.58,67,95,6.49,2.6,_binary '\0'),(147,'655449','20202',8.24,3.3,94,79,8.28,3.31,_binary '\0'),(148,'651834','20202',3.43,1.37,70,110,3.45,1.38,_binary '\0'),(149,'654674','20202',1.82,0.73,64,87,1.83,0.73,_binary '\0'),(150,'654323','20202',0.43,0.17,64,48,0.44,0.17,_binary '\0'),(151,'651514','20202',5.76,2.3,72,84,5.78,2.31,_binary '\0'),(152,'654661','20202',1.15,0.46,90,77,1.16,0.46,_binary '\0'),(153,'652694','20202',7.06,2.82,58,75,7.09,2.84,_binary '\0'),(154,'650024','20202',2.98,1.19,99,46,2.99,1.2,_binary '\0'),(155,'653721','20202',1.99,0.8,96,81,2,0.8,_binary '\0'),(156,'651370','20202',3.95,1.58,92,75,3.97,1.59,_binary '\0'),(157,'654897','20202',3.99,1.59,68,123,4.01,1.6,_binary '\0'),(158,'650037','20202',0.11,0.04,75,108,0.11,0.04,_binary '\0'),(159,'651635','20202',8.49,3.4,76,129,8.53,3.41,_binary '\0'),(160,'651659','20202',4.77,1.91,91,31,4.79,1.92,_binary '\0'),(161,'652085','20202',4.73,1.89,72,93,4.75,1.9,_binary '\0'),(162,'655201','20202',0.05,0.02,58,103,0.05,0.02,_binary '\0'),(163,'653938','20202',0.94,0.38,53,93,0.95,0.38,_binary '\0'),(164,'653774','20202',4.8,1.92,83,64,4.82,1.93,_binary '\0'),(165,'651107','20202',0.61,0.24,88,110,0.61,0.24,_binary '\0'),(166,'654554','20202',2.88,1.15,53,87,2.9,1.16,_binary '\0'),(167,'651094','20202',8.51,3.4,66,98,8.55,3.42,_binary '\0'),(168,'651084','20202',3.26,1.3,87,44,3.28,1.31,_binary '\0'),(169,'651512','20202',4.69,1.88,75,93,4.71,1.88,_binary '\0'),(170,'652647','20202',2.57,1.03,61,121,2.58,1.03,_binary '\0'),(171,'654501','20202',8.89,3.56,72,80,8.93,3.57,_binary '\0'),(172,'652251','20202',8.23,3.29,90,86,8.27,3.31,_binary '\0'),(173,'650446','20202',6.76,2.7,77,67,6.79,2.72,_binary '\0'),(174,'654349','20202',5.35,2.14,64,106,5.37,2.15,_binary '\0'),(175,'654551','20202',4.17,1.67,65,113,4.19,1.68,_binary '\0'),(176,'653294','20202',0.34,0.14,95,75,0.34,0.14,_binary '\0'),(177,'653248','20202',6.68,2.67,76,111,6.72,2.69,_binary '\0'),(178,'652046','20202',2.41,0.96,79,97,2.42,0.97,_binary '\0'),(179,'653186','20202',9.32,3.73,80,112,9.37,3.75,_binary '\0'),(180,'655148','20202',3.73,1.49,75,54,3.74,1.5,_binary '\0'),(181,'651165','20202',7.66,3.06,70,54,7.7,3.08,_binary '\0'),(182,'652112','20202',0.26,0.1,79,113,0.26,0.1,_binary '\0'),(183,'653284','20202',8.48,3.39,50,130,8.52,3.41,_binary '\0'),(184,'653002','20202',3.93,1.57,95,39,3.95,1.58,_binary '\0'),(185,'651337','20202',8.78,3.51,59,113,8.82,3.53,_binary '\0'),(186,'654423','20202',5.06,2.02,53,90,5.09,2.03,_binary '\0'),(187,'655061','20202',3.98,1.59,57,113,4,1.6,_binary '\0'),(188,'652040','20202',8.22,3.29,66,119,8.26,3.3,_binary '\0'),(189,'654631','20202',1.9,0.76,51,74,1.91,0.77,_binary '\0'),(190,'651307','20202',2.06,0.83,96,111,2.07,0.83,_binary '\0'),(191,'654129','20202',4.29,1.72,99,76,4.31,1.72,_binary '\0'),(192,'650441','20202',1.84,0.74,65,88,1.85,0.74,_binary '\0'),(193,'653263','20202',9.73,3.89,72,96,9.78,3.91,_binary '\0'),(194,'654422','20202',5.15,2.06,72,71,5.17,2.07,_binary '\0'),(195,'653283','20202',1.15,0.46,73,76,1.15,0.46,_binary '\0'),(196,'651157','20202',1.81,0.72,52,104,1.82,0.73,_binary '\0'),(197,'650706','20202',3.53,1.41,52,127,3.55,1.42,_binary '\0'),(198,'651763','20202',8.13,3.25,94,77,8.16,3.27,_binary '\0'),(199,'655593','20202',2.28,0.91,76,49,2.29,0.92,_binary '\0'),(200,'656003','20202',3.58,1.43,53,116,3.6,1.44,_binary '\0'),(201,'651694','20202',8.4,3.36,53,88,8.44,3.38,_binary '\0'),(202,'652127','20202',2.12,0.85,81,38,2.13,0.85,_binary '\0'),(203,'655108','20202',4.11,1.64,53,92,4.13,1.65,_binary '\0'),(204,'651083','20202',0.13,0.05,77,109,0.13,0.05,_binary '\0'),(205,'653943','20202',9.73,3.89,85,61,9.77,3.91,_binary '\0'),(206,'653006','20202',8.02,3.21,86,82,8.06,3.22,_binary '\0'),(207,'655112','20202',0.42,0.17,54,118,0.43,0.17,_binary '\0'),(208,'651610','20202',7.13,2.85,76,56,7.16,2.87,_binary '\0'),(209,'652007','20202',1.03,0.41,64,37,1.04,0.41,_binary '\0'),(210,'655163','20202',4.8,1.92,85,127,4.83,1.93,_binary '\0'),(211,'654976','20202',3.03,1.21,51,101,3.04,1.22,_binary '\0'),(212,'654973','20202',7.09,2.83,71,127,7.12,2.85,_binary '\0'),(213,'650489','20202',2.93,1.17,50,89,2.94,1.18,_binary '\0'),(214,'654652','20202',7.94,3.18,89,60,7.98,3.19,_binary '\0'),(215,'651626','20202',2.62,1.05,50,130,2.63,1.05,_binary '\0'),(216,'651863','20202',7.02,2.81,64,29,7.06,2.82,_binary '\0'),(217,'653845','20202',1.71,0.68,98,51,1.72,0.69,_binary '\0'),(218,'650142','20202',5.91,2.36,72,56,5.93,2.37,_binary '\0'),(219,'651288','20202',0.72,0.29,63,97,0.72,0.29,_binary '\0'),(220,'650556','20202',8.07,3.23,90,96,8.11,3.24,_binary '\0'),(221,'650400','20202',2.19,0.88,67,110,2.2,0.88,_binary '\0'),(222,'650149','20202',2.84,1.14,56,82,2.85,1.14,_binary '\0'),(223,'653316','20202',4.59,1.84,68,49,4.61,1.85,_binary '\0'),(224,'650988','20202',2.2,0.88,74,89,2.21,0.88,_binary '\0'),(225,'652673','20202',7.27,2.91,67,70,7.3,2.92,_binary '\0'),(226,'653313','20202',6.08,2.43,62,53,6.11,2.44,_binary '\0'),(227,'650595','20202',2.02,0.81,64,46,2.03,0.81,_binary '\0'),(228,'650129','20202',8.11,3.24,60,124,8.15,3.26,_binary '\0'),(229,'653690','20202',4.82,1.93,64,120,4.85,1.94,_binary '\0'),(230,'651768','20202',8.12,3.25,95,110,8.16,3.26,_binary '\0'),(231,'642961','20192',2.8,1.12,86,89,2.81,1.12,_binary '\0'),(232,'646241','20192',4.48,1.79,96,61,4.51,1.8,_binary '\0'),(233,'642460','20192',8.33,3.33,68,42,8.37,3.35,_binary '\0'),(234,'645859','20192',8.94,3.58,98,128,8.98,3.59,_binary '\0'),(235,'642373','20192',2.06,0.82,65,62,2.07,0.83,_binary '\0'),(236,'637630','20182',6.16,2.46,91,128,6.19,2.48,_binary '\0'),(237,'637748','20182',4.94,1.97,81,35,4.96,1.98,_binary '\0'),(238,'637733','20182',2.29,0.92,64,105,2.3,0.92,_binary '\0'),(239,'637612','20182',7.3,2.92,83,52,7.33,2.93,_binary '\0'),(240,'621087','20172',1.17,0.47,57,52,1.18,0.47,_binary '\0'),(241,'621067','20172',0.15,0.06,70,96,0.15,0.06,_binary '\0'),(242,'621170','20172',1.58,0.63,76,130,1.59,0.64,_binary '\0'),(243,'611292','20162',5.36,2.14,60,56,5.38,2.15,_binary '\0'),(244,'611290','20162',3.42,1.37,60,94,3.44,1.37,_binary '\0'),(245,'6655051','20221',1.99,0.8,76,107,2,0.8,_binary '\0'),(246,'6652385','20221',4.81,1.93,82,45,4.84,1.93,_binary '\0'),(247,'6655419','20221',1.09,0.43,92,95,1.09,0.44,_binary '\0'),(248,'6667825','20221',8.85,3.54,85,50,8.89,3.56,_binary '\0'),(249,'6654371','20221',6.7,2.68,76,28,6.73,2.69,_binary '\0'),(250,'6667532','20221',6.55,2.62,62,100,6.58,2.63,_binary '\0'),(251,'6666130','20221',8.47,3.39,91,81,8.51,3.4,_binary '\0'),(252,'6665857','20221',3.48,1.39,100,57,3.5,1.4,_binary '\0'),(253,'6661877','20221',0.32,0.13,83,100,0.32,0.13,_binary '\0'),(254,'6661125','20221',2.82,1.13,92,112,2.84,1.14,_binary '\0'),(255,'6665720','20221',1.46,0.58,100,40,1.46,0.59,_binary '\0'),(256,'6667458','20221',3.69,1.47,65,83,3.7,1.48,_binary '\0'),(257,'655384','20211',0.38,0.15,69,27,0.38,0.15,_binary '\0'),(258,'651835','20211',4.44,1.78,58,49,4.47,1.79,_binary '\0'),(259,'651836','20211',1.65,0.66,75,79,1.65,0.66,_binary '\0'),(260,'655396','20211',2.71,1.08,89,50,2.72,1.09,_binary '\0'),(261,'651808','20211',6.61,2.64,93,124,6.64,2.65,_binary '\0'),(262,'653973','20211',5,2,74,121,5.03,2.01,_binary '\0'),(263,'653911','20211',4.43,1.77,86,30,4.45,1.78,_binary '\0'),(264,'655645','20211',1.83,0.73,95,34,1.84,0.74,_binary '\0'),(265,'654181','20211',8.94,3.58,76,109,8.99,3.59,_binary '\0'),(266,'652621','20211',2.52,1.01,71,101,2.53,1.01,_binary '\0'),(267,'655262','20211',5.31,2.12,83,40,5.33,2.13,_binary '\0'),(268,'655405','20211',1.13,0.45,61,43,1.14,0.45,_binary '\0'),(269,'655449','20211',1.96,0.78,100,70,1.97,0.79,_binary '\0'),(270,'651834','20211',7.92,3.17,68,40,7.95,3.18,_binary '\0'),(271,'654674','20211',0.49,0.2,100,45,0.49,0.2,_binary '\0'),(272,'654323','20211',9.51,3.8,94,35,9.56,3.82,_binary '\0'),(273,'651514','20211',3.55,1.42,83,77,3.57,1.43,_binary '\0'),(274,'654661','20211',7.98,3.19,62,110,8.02,3.21,_binary '\0'),(275,'652694','20211',1.52,0.61,79,90,1.53,0.61,_binary '\0'),(276,'650024','20211',2.79,1.12,97,87,2.81,1.12,_binary '\0'),(277,'653721','20211',4.77,1.91,50,89,4.8,1.92,_binary '\0'),(278,'651370','20211',1.18,0.47,85,97,1.19,0.47,_binary '\0'),(279,'654897','20211',2.95,1.18,68,26,2.97,1.19,_binary '\0'),(280,'650037','20211',5.77,2.31,97,124,5.8,2.32,_binary '\0'),(281,'651635','20211',6.47,2.59,81,36,6.5,2.6,_binary '\0'),(282,'651659','20211',5.82,2.33,51,122,5.85,2.34,_binary '\0'),(283,'652085','20211',4.06,1.62,87,52,4.08,1.63,_binary '\0'),(284,'655201','20211',5.83,2.33,54,88,5.86,2.34,_binary '\0'),(285,'653938','20211',2.76,1.1,81,109,2.77,1.11,_binary '\0'),(286,'653774','20211',4.46,1.78,69,82,4.48,1.79,_binary '\0'),(287,'651107','20211',6.64,2.66,51,92,6.68,2.67,_binary '\0'),(288,'654554','20211',7.05,2.82,85,80,7.08,2.83,_binary '\0'),(289,'651094','20211',6.9,2.76,64,109,6.94,2.77,_binary '\0'),(290,'651084','20211',9.26,3.71,86,42,9.31,3.72,_binary '\0'),(291,'651512','20211',9.19,3.68,67,51,9.23,3.69,_binary '\0'),(292,'652647','20211',6.06,2.42,92,70,6.09,2.44,_binary '\0'),(293,'654501','20211',9.42,3.77,99,40,9.47,3.79,_binary '\0'),(294,'652251','20211',5.46,2.18,70,28,5.49,2.19,_binary '\0'),(295,'650446','20211',1.68,0.67,73,78,1.68,0.67,_binary '\0'),(296,'654349','20211',9.25,3.7,73,83,9.29,3.72,_binary '\0'),(297,'654551','20211',2.83,1.13,82,92,2.84,1.14,_binary '\0'),(298,'653294','20211',3.18,1.27,84,102,3.19,1.28,_binary '\0'),(299,'653248','20211',6.33,2.53,50,106,6.36,2.54,_binary '\0'),(300,'652046','20211',0.44,0.17,67,86,0.44,0.18,_binary '\0'),(301,'653186','20211',7.7,3.08,77,93,7.73,3.09,_binary '\0'),(302,'655148','20211',8.6,3.44,94,96,8.64,3.46,_binary '\0'),(303,'651165','20211',3.66,1.46,92,113,3.68,1.47,_binary '\0'),(304,'652112','20211',7.41,2.96,81,115,7.44,2.98,_binary '\0'),(305,'653284','20211',1.59,0.63,59,61,1.59,0.64,_binary '\0'),(306,'653002','20211',8.95,3.58,67,42,8.99,3.6,_binary '\0'),(307,'651337','20211',5.04,2.02,84,126,5.06,2.03,_binary '\0'),(308,'654423','20211',3.43,1.37,78,27,3.45,1.38,_binary '\0'),(309,'655061','20211',9.74,3.9,83,26,9.79,3.92,_binary '\0'),(310,'652040','20211',3.38,1.35,86,37,3.4,1.36,_binary '\0'),(311,'654631','20211',0.72,0.29,59,48,0.73,0.29,_binary '\0'),(312,'651307','20211',6.11,2.44,76,85,6.14,2.46,_binary '\0'),(313,'654129','20211',1.62,0.65,62,117,1.62,0.65,_binary '\0'),(314,'650441','20211',6.14,2.46,65,35,6.17,2.47,_binary '\0'),(315,'653263','20211',9.55,3.82,69,101,9.6,3.84,_binary '\0'),(316,'654422','20211',5.89,2.35,89,98,5.91,2.37,_binary '\0'),(317,'653283','20211',1.4,0.56,71,44,1.4,0.56,_binary '\0'),(318,'651157','20211',4.68,1.87,69,89,4.7,1.88,_binary '\0'),(319,'650706','20211',8.7,3.48,67,71,8.74,3.5,_binary '\0'),(320,'651763','20211',8.61,3.44,59,99,8.65,3.46,_binary '\0'),(321,'655593','20211',9.41,3.76,85,127,9.46,3.78,_binary '\0'),(322,'656003','20211',7.58,3.03,65,32,7.61,3.05,_binary '\0'),(323,'651694','20211',2.66,1.06,69,64,2.67,1.07,_binary '\0'),(324,'652127','20211',9.5,3.8,68,62,9.54,3.82,_binary '\0'),(325,'655108','20211',4.63,1.85,63,63,4.65,1.86,_binary '\0'),(326,'651083','20211',2.85,1.14,54,64,2.86,1.14,_binary '\0'),(327,'653943','20211',0.99,0.4,67,89,0.99,0.4,_binary '\0'),(328,'653006','20211',8.79,3.51,75,129,8.83,3.53,_binary '\0'),(329,'655112','20211',5.64,2.26,54,84,5.67,2.27,_binary '\0'),(330,'651610','20211',7.16,2.87,93,31,7.2,2.88,_binary '\0'),(331,'652007','20211',8.75,3.5,83,47,8.79,3.52,_binary '\0'),(332,'655163','20211',0.61,0.24,56,71,0.61,0.24,_binary '\0'),(333,'654976','20211',4.95,1.98,74,121,4.97,1.99,_binary '\0'),(334,'654973','20211',2.29,0.91,80,116,2.3,0.92,_binary '\0'),(335,'650489','20211',0.5,0.2,59,49,0.5,0.2,_binary '\0'),(336,'654652','20211',4.01,1.6,72,86,4.03,1.61,_binary '\0'),(337,'651626','20211',7.69,3.07,68,71,7.72,3.09,_binary '\0'),(338,'651863','20211',5.15,2.06,75,72,5.18,2.07,_binary '\0'),(339,'653845','20211',3.09,1.24,77,71,3.1,1.24,_binary '\0'),(340,'650142','20211',0.84,0.34,62,25,0.84,0.34,_binary '\0'),(341,'651288','20211',5.01,2,85,48,5.03,2.01,_binary '\0'),(342,'650556','20211',7.08,2.83,85,62,7.11,2.85,_binary '\0'),(343,'650400','20211',9.41,3.76,99,83,9.45,3.78,_binary '\0'),(344,'650149','20211',5.17,2.07,60,54,5.19,2.08,_binary '\0'),(345,'653316','20211',7.96,3.18,97,119,8,3.2,_binary '\0'),(346,'650988','20211',5.5,2.2,79,83,5.52,2.21,_binary '\0'),(347,'652673','20211',4.78,1.91,62,39,4.8,1.92,_binary '\0'),(348,'653313','20211',3.68,1.47,69,105,3.7,1.48,_binary '\0'),(349,'650595','20211',1.72,0.69,63,39,1.73,0.69,_binary '\0'),(350,'650129','20211',5.3,2.12,51,129,5.33,2.13,_binary '\0'),(351,'653690','20211',2.2,0.88,84,66,2.21,0.88,_binary '\0'),(352,'651768','20211',2.72,1.09,60,42,2.73,1.09,_binary '\0'),(353,'642961','20201',0.69,0.28,85,128,0.69,0.28,_binary '\0'),(354,'646241','20201',0.87,0.35,52,92,0.88,0.35,_binary '\0'),(355,'642460','20201',4.61,1.84,94,94,4.63,1.85,_binary '\0'),(356,'645859','20201',5.39,2.16,98,59,5.42,2.17,_binary '\0'),(357,'642373','20201',0.97,0.39,78,48,0.97,0.39,_binary '\0'),(358,'637630','20191',8.56,3.42,62,112,8.6,3.44,_binary '\0'),(359,'637748','20191',1.13,0.45,82,92,1.14,0.45,_binary '\0'),(360,'637733','20191',6.4,2.56,99,117,6.43,2.57,_binary '\0'),(361,'637612','20191',9.34,3.74,59,117,9.39,3.75,_binary '\0'),(362,'621087','20181',9.21,3.68,90,68,9.25,3.7,_binary '\0'),(363,'621067','20181',5.31,2.12,83,119,5.33,2.13,_binary '\0'),(364,'621170','20181',0.22,0.09,78,97,0.22,0.09,_binary '\0'),(365,'611292','20171',1.1,0.44,79,127,1.1,0.44,_binary '\0'),(366,'611290','20171',1.26,0.5,77,55,1.26,0.51,_binary '\0'),(367,'6655051','20222',4.85,1.94,59,35,4.87,1.95,_binary '\0'),(368,'6652385','20222',5.74,2.29,53,53,5.76,2.31,_binary '\0'),(369,'6655419','20222',2.19,0.88,98,124,2.2,0.88,_binary '\0'),(370,'6667825','20222',1.07,0.43,90,114,1.07,0.43,_binary '\0'),(371,'6654371','20222',2.4,0.96,71,56,2.41,0.96,_binary '\0'),(372,'6667532','20222',6.24,2.5,55,35,6.27,2.51,_binary '\0'),(373,'6666130','20222',0.73,0.29,61,34,0.73,0.29,_binary '\0'),(374,'6665857','20222',9.22,3.69,98,52,9.27,3.71,_binary '\0'),(375,'6661877','20222',0.98,0.39,53,73,0.99,0.4,_binary '\0'),(376,'6661125','20222',7.02,2.81,64,104,7.06,2.82,_binary '\0'),(377,'6665720','20222',5.53,2.21,58,27,5.56,2.22,_binary '\0'),(378,'6667458','20222',6.2,2.48,79,117,6.23,2.49,_binary '\0'),(379,'655384','20212',5.73,2.29,84,76,5.76,2.3,_binary '\0'),(380,'651835','20212',2.76,1.1,50,108,2.77,1.11,_binary '\0'),(381,'651836','20212',3.41,1.36,100,43,3.42,1.37,_binary '\0'),(382,'655396','20212',2.52,1.01,67,45,2.54,1.01,_binary '\0'),(383,'651808','20212',2.51,1,54,42,2.52,1.01,_binary '\0'),(384,'653973','20212',5.69,2.28,71,64,5.72,2.29,_binary '\0'),(385,'653911','20212',5.42,2.17,94,28,5.44,2.18,_binary '\0'),(386,'655645','20212',3.37,1.35,95,120,3.39,1.36,_binary '\0'),(387,'654181','20212',3.67,1.47,83,37,3.69,1.48,_binary '\0'),(388,'652621','20212',9.09,3.64,87,44,9.13,3.65,_binary '\0'),(389,'655262','20212',3.5,1.4,76,74,3.51,1.41,_binary '\0'),(390,'655405','20212',9.71,3.89,69,70,9.76,3.9,_binary '\0'),(391,'655449','20212',8.03,3.21,91,130,8.07,3.23,_binary '\0'),(392,'651834','20212',5.94,2.38,54,104,5.97,2.39,_binary '\0'),(393,'654674','20212',2.97,1.19,93,74,2.99,1.2,_binary '\0'),(394,'654323','20212',2.64,1.06,94,91,2.65,1.06,_binary '\0'),(395,'651514','20212',9.04,3.62,73,35,9.09,3.63,_binary '\0'),(396,'654661','20212',4.72,1.89,96,87,4.74,1.9,_binary '\0'),(397,'652694','20212',4.82,1.93,61,116,4.85,1.94,_binary '\0'),(398,'650024','20212',1.88,0.75,85,71,1.89,0.75,_binary '\0'),(399,'653721','20212',5.64,2.26,84,58,5.67,2.27,_binary '\0'),(400,'651370','20212',7.49,3,52,50,7.52,3.01,_binary '\0'),(401,'654897','20212',3.93,1.57,51,74,3.95,1.58,_binary '\0'),(402,'650037','20212',3.82,1.53,58,103,3.84,1.53,_binary '\0'),(403,'651635','20212',8.89,3.56,55,53,8.93,3.57,_binary '\0'),(404,'651659','20212',9.68,3.87,65,107,9.73,3.89,_binary '\0'),(405,'652085','20212',0.49,0.19,73,45,0.49,0.2,_binary '\0'),(406,'655201','20212',5.51,2.2,96,118,5.53,2.21,_binary '\0'),(407,'653938','20212',6.24,2.5,57,129,6.27,2.51,_binary '\0'),(408,'653774','20212',5.99,2.39,75,47,6.02,2.41,_binary '\0'),(409,'651107','20212',0.92,0.37,85,32,0.92,0.37,_binary '\0'),(410,'654554','20212',5.55,2.22,82,37,5.58,2.23,_binary '\0'),(411,'651094','20212',3.37,1.35,65,111,3.38,1.35,_binary '\0'),(412,'651084','20212',2.02,0.81,85,79,2.03,0.81,_binary '\0'),(413,'651512','20212',5.05,2.02,77,86,5.07,2.03,_binary '\0'),(414,'652647','20212',2.15,0.86,60,49,2.16,0.87,_binary '\0'),(415,'654501','20212',3.62,1.45,75,82,3.63,1.45,_binary '\0'),(416,'652251','20212',4.5,1.8,82,36,4.52,1.81,_binary '\0'),(417,'650446','20212',2.45,0.98,68,129,2.47,0.99,_binary '\0'),(418,'654349','20212',3.62,1.45,52,28,3.64,1.46,_binary '\0'),(419,'654551','20212',6.83,2.73,54,37,6.86,2.75,_binary '\0'),(420,'653294','20212',1.69,0.67,95,56,1.7,0.68,_binary '\0'),(421,'653248','20212',2.33,0.93,91,107,2.34,0.94,_binary '\0'),(422,'652046','20212',8.64,3.46,64,52,8.68,3.47,_binary '\0'),(423,'653186','20212',5.7,2.28,82,35,5.72,2.29,_binary '\0'),(424,'655148','20212',1.59,0.64,67,86,1.6,0.64,_binary '\0'),(425,'651165','20212',9.28,3.71,56,98,9.32,3.73,_binary '\0'),(426,'652112','20212',5.95,2.38,77,89,5.98,2.39,_binary '\0'),(427,'653284','20212',9.74,3.9,50,53,9.79,3.91,_binary '\0'),(428,'653002','20212',3.96,1.58,62,98,3.98,1.59,_binary '\0'),(429,'651337','20212',7.08,2.83,77,123,7.11,2.85,_binary '\0'),(430,'654423','20212',5.71,2.29,56,26,5.74,2.3,_binary '\0'),(431,'655061','20212',1.16,0.46,67,100,1.16,0.46,_binary '\0'),(432,'652040','20212',7.72,3.09,100,113,7.76,3.1,_binary '\0'),(433,'654631','20212',3.56,1.43,72,44,3.58,1.43,_binary '\0'),(434,'651307','20212',6.06,2.42,66,113,6.09,2.44,_binary '\0'),(435,'654129','20212',3.07,1.23,83,69,3.09,1.24,_binary '\0'),(436,'650441','20212',5.73,2.29,74,77,5.76,2.3,_binary '\0'),(437,'653263','20212',9.73,3.89,79,99,9.78,3.91,_binary '\0'),(438,'654422','20212',4.42,1.77,79,96,4.44,1.78,_binary '\0'),(439,'653283','20212',0.55,0.22,95,48,0.55,0.22,_binary '\0'),(440,'651157','20212',2.46,0.98,58,50,2.47,0.99,_binary '\0'),(441,'650706','20212',6.25,2.5,58,81,6.28,2.51,_binary '\0'),(442,'651763','20212',2.87,1.15,84,74,2.89,1.15,_binary '\0'),(443,'655593','20212',2.72,1.09,79,52,2.73,1.09,_binary '\0'),(444,'656003','20212',4,1.6,62,61,4.02,1.61,_binary '\0'),(445,'651694','20212',3.08,1.23,78,86,3.1,1.24,_binary '\0'),(446,'652127','20212',4.88,1.95,74,127,4.9,1.96,_binary '\0'),(447,'655108','20212',7.47,2.99,71,77,7.5,3,_binary '\0'),(448,'651083','20212',8.46,3.39,89,31,8.5,3.4,_binary '\0'),(449,'653943','20212',0.92,0.37,52,71,0.92,0.37,_binary '\0'),(450,'653006','20212',1.69,0.68,91,94,1.7,0.68,_binary '\0'),(451,'655112','20212',6.02,2.41,77,42,6.05,2.42,_binary '\0'),(452,'651610','20212',1.16,0.47,74,55,1.17,0.47,_binary '\0'),(453,'652007','20212',7.7,3.08,63,129,7.74,3.1,_binary '\0'),(454,'655163','20212',0.64,0.26,84,41,0.65,0.26,_binary '\0'),(455,'654976','20212',6.79,2.71,52,119,6.82,2.73,_binary '\0'),(456,'654973','20212',4.47,1.79,66,63,4.49,1.8,_binary '\0'),(457,'650489','20212',0.27,0.11,64,83,0.27,0.11,_binary '\0'),(458,'654652','20212',9.29,3.72,99,92,9.33,3.73,_binary '\0'),(459,'651626','20212',1.06,0.42,84,62,1.07,0.43,_binary '\0'),(460,'651863','20212',2.83,1.13,58,26,2.85,1.14,_binary '\0'),(461,'653845','20212',0.35,0.14,51,87,0.35,0.14,_binary '\0'),(462,'650142','20212',2.52,1.01,52,28,2.53,1.01,_binary '\0'),(463,'651288','20212',1.12,0.45,65,106,1.12,0.45,_binary '\0'),(464,'650556','20212',0.9,0.36,94,45,0.9,0.36,_binary '\0'),(465,'650400','20212',5.95,2.38,50,55,5.98,2.39,_binary '\0'),(466,'650149','20212',4.44,1.77,55,112,4.46,1.78,_binary '\0'),(467,'653316','20212',6.85,2.74,95,71,6.89,2.75,_binary '\0'),(468,'650988','20212',7.94,3.18,99,49,7.98,3.19,_binary '\0'),(469,'652673','20212',7.73,3.09,58,54,7.76,3.1,_binary '\0'),(470,'653313','20212',2.57,1.03,54,44,2.58,1.03,_binary '\0'),(471,'650595','20212',1.25,0.5,53,49,1.25,0.5,_binary '\0'),(472,'650129','20212',7.6,3.04,77,127,7.64,3.06,_binary '\0'),(473,'653690','20212',1.07,0.43,100,48,1.08,0.43,_binary '\0'),(474,'651768','20212',5.67,2.27,78,97,5.7,2.28,_binary '\0'),(475,'642961','20202',2.83,1.13,54,39,2.84,1.14,_binary '\0'),(476,'646241','20202',0.3,0.12,81,116,0.3,0.12,_binary '\0'),(477,'642460','20202',9.16,3.66,85,120,9.2,3.68,_binary '\0'),(478,'645859','20202',1.93,0.77,74,127,1.93,0.77,_binary '\0'),(479,'642373','20202',9.63,3.85,90,77,9.68,3.87,_binary '\0'),(480,'637630','20192',0.22,0.09,90,54,0.22,0.09,_binary '\0'),(481,'637748','20192',4.13,1.65,92,85,4.15,1.66,_binary '\0'),(482,'637733','20192',0.1,0.04,63,60,0.1,0.04,_binary '\0'),(483,'637612','20192',1.01,0.4,53,69,1.02,0.41,_binary '\0'),(484,'621087','20182',2.75,1.1,100,63,2.76,1.1,_binary '\0'),(485,'621067','20182',9.93,3.97,96,67,9.98,3.99,_binary '\0'),(486,'621170','20182',7.85,3.14,90,86,7.89,3.16,_binary '\0'),(487,'611292','20172',5.55,2.22,80,124,5.57,2.23,_binary '\0'),(488,'611290','20172',4.26,1.7,69,127,4.28,1.71,_binary '\0'),(489,'6655051','20231',2.67,1.07,100,29,2.68,1.07,_binary '\0'),(490,'6652385','20231',7.82,3.13,53,72,7.86,3.14,_binary '\0'),(491,'6655419','20231',7.5,3,76,88,7.54,3.02,_binary '\0'),(492,'6667825','20231',3.07,1.23,86,106,3.09,1.24,_binary '\0'),(493,'6654371','20231',2.65,1.06,56,84,2.66,1.07,_binary '\0'),(494,'6667532','20231',0.44,0.18,60,46,0.45,0.18,_binary '\0'),(495,'6666130','20231',3.02,1.21,83,38,3.03,1.21,_binary '\0'),(496,'6665857','20231',4.48,1.79,75,113,4.5,1.8,_binary '\0'),(497,'6661877','20231',4.74,1.9,94,80,4.76,1.91,_binary '\0'),(498,'6661125','20231',3.4,1.36,68,81,3.41,1.37,_binary '\0'),(499,'6665720','20231',6.33,2.53,65,90,6.36,2.54,_binary '\0'),(500,'6667458','20231',1.04,0.42,67,103,1.05,0.42,_binary '\0'),(501,'611112','20232',10,4,100,131,10,4,_binary '\0');
/*!40000 ALTER TABLE `students_terms` ENABLE KEYS */;
UNLOCK TABLES;

--
-- Table structure for table `terms`
--

DROP TABLE IF EXISTS `terms`;
/*!40101 SET @saved_cs_client     = @@character_set_client */;
/*!50503 SET character_set_client = utf8mb4 */;
CREATE TABLE `terms` (
  `id` varchar(100) NOT NULL,
  `name` varchar(200) DEFAULT NULL,
  PRIMARY KEY (`id`)
) ENGINE=InnoDB DEFAULT CHARSET=utf8mb4 COLLATE=utf8mb4_0900_ai_ci;
/*!40101 SET character_set_client = @saved_cs_client */;

--
-- Dumping data for table `terms`
--

LOCK TABLES `terms` WRITE;
/*!40000 ALTER TABLE `terms` DISABLE KEYS */;
INSERT INTO `terms` VALUES ('20161','Học kỳ 1 - năm 2016'),('20162','Học kỳ 2 - năm 2016'),('20171','Học kỳ 1 - năm 2017'),('20172','Học kỳ 2 - năm 2017'),('20181','Học kỳ 1 - năm 2018'),('20182','Học kỳ 2 - năm 2018'),('20191','Học kỳ 1 - năm 2019'),('20192','Học kỳ 2 - năm 2019'),('20201','Học kỳ 1 - năm 2020'),('20202','Học kỳ 2 - năm 2020'),('20211','Học kỳ 1 - năm 2023'),('20212','Học kỳ 2 - năm 2021'),('20221','Học kỳ 1 - năm 2022'),('20222','Học kỳ 2 - năm 2022'),('20231','Học kỳ 1 - năm 2023'),('20232','Học kỳ 2 - năm 2023');
/*!40000 ALTER TABLE `terms` ENABLE KEYS */;
UNLOCK TABLES;

--
-- Table structure for table `trash_admins`
--

DROP TABLE IF EXISTS `trash_admins`;
/*!40101 SET @saved_cs_client     = @@character_set_client */;
/*!50503 SET character_set_client = utf8mb4 */;
CREATE TABLE `trash_admins` (
  `id` bigint NOT NULL AUTO_INCREMENT,
  `time` datetime(6) DEFAULT NULL,
  `admin_id` varchar(100) DEFAULT NULL,
  `deleted_by` varchar(100) DEFAULT NULL,
  PRIMARY KEY (`id`),
  UNIQUE KEY `UK_ovc3exgmc49dwx4a2rpb6dp20` (`admin_id`),
  KEY `trash_admins_admins_id_fk` (`deleted_by`),
  CONSTRAINT `FKdet09043e55tj0f1hnv0q1u3g` FOREIGN KEY (`admin_id`) REFERENCES `admins` (`id`),
  CONSTRAINT `trash_admins_admins_id_fk` FOREIGN KEY (`deleted_by`) REFERENCES `admins` (`id`)
) ENGINE=InnoDB DEFAULT CHARSET=utf8mb4 COLLATE=utf8mb4_0900_ai_ci;
/*!40101 SET character_set_client = @saved_cs_client */;

--
-- Dumping data for table `trash_admins`
--

LOCK TABLES `trash_admins` WRITE;
/*!40000 ALTER TABLE `trash_admins` DISABLE KEYS */;
/*!40000 ALTER TABLE `trash_admins` ENABLE KEYS */;
UNLOCK TABLES;

--
-- Table structure for table `trash_news`
--

DROP TABLE IF EXISTS `trash_news`;
/*!40101 SET @saved_cs_client     = @@character_set_client */;
/*!50503 SET character_set_client = utf8mb4 */;
CREATE TABLE `trash_news` (
  `id` bigint NOT NULL AUTO_INCREMENT,
  `time` datetime(6) DEFAULT NULL,
  `news_id` bigint DEFAULT NULL,
  `deleted_by` varchar(100) DEFAULT NULL,
  PRIMARY KEY (`id`),
  UNIQUE KEY `UK_8kcc3416dpiay4hkvunbkvo0b` (`news_id`),
  KEY `trash_news_admins_id_fk` (`deleted_by`),
  CONSTRAINT `FKy4of20e3tkqirm298ev59vmn` FOREIGN KEY (`news_id`) REFERENCES `news` (`id`),
  CONSTRAINT `trash_news_admins_id_fk` FOREIGN KEY (`deleted_by`) REFERENCES `admins` (`id`)
) ENGINE=InnoDB DEFAULT CHARSET=utf8mb4 COLLATE=utf8mb4_0900_ai_ci;
/*!40101 SET character_set_client = @saved_cs_client */;

--
-- Dumping data for table `trash_news`
--

LOCK TABLES `trash_news` WRITE;
/*!40000 ALTER TABLE `trash_news` DISABLE KEYS */;
/*!40000 ALTER TABLE `trash_news` ENABLE KEYS */;
UNLOCK TABLES;

--
-- Table structure for table `trash_points`
--

DROP TABLE IF EXISTS `trash_points`;
/*!40101 SET @saved_cs_client     = @@character_set_client */;
/*!50503 SET character_set_client = utf8mb4 */;
CREATE TABLE `trash_points` (
  `id` bigint NOT NULL AUTO_INCREMENT,
  `time` datetime(6) DEFAULT NULL,
  `deleted_by` varchar(100) DEFAULT NULL,
  `point_id` bigint DEFAULT NULL,
  PRIMARY KEY (`id`),
  UNIQUE KEY `UK_d68dktsjcdrrou9vjhmkbnafw` (`point_id`),
  KEY `FKp2vginyxk8fbtys53dttka5j9` (`deleted_by`),
  CONSTRAINT `FKk0fmrmeky3qgnrefsnqpqjnle` FOREIGN KEY (`point_id`) REFERENCES `students_terms` (`id`),
  CONSTRAINT `FKp2vginyxk8fbtys53dttka5j9` FOREIGN KEY (`deleted_by`) REFERENCES `admins` (`id`)
) ENGINE=InnoDB AUTO_INCREMENT=2 DEFAULT CHARSET=utf8mb4 COLLATE=utf8mb4_0900_ai_ci;
/*!40101 SET character_set_client = @saved_cs_client */;

--
-- Dumping data for table `trash_points`
--

LOCK TABLES `trash_points` WRITE;
/*!40000 ALTER TABLE `trash_points` DISABLE KEYS */;
INSERT INTO `trash_points` VALUES (1,'2023-09-12 14:38:50.197437','kiki123',2);
/*!40000 ALTER TABLE `trash_points` ENABLE KEYS */;
UNLOCK TABLES;

--
-- Table structure for table `trash_students`
--

DROP TABLE IF EXISTS `trash_students`;
/*!40101 SET @saved_cs_client     = @@character_set_client */;
/*!50503 SET character_set_client = utf8mb4 */;
CREATE TABLE `trash_students` (
  `id` bigint NOT NULL AUTO_INCREMENT,
  `time` datetime(6) DEFAULT NULL,
  `student_id` varchar(100) DEFAULT NULL,
  `deleted_by` varchar(100) DEFAULT NULL,
  PRIMARY KEY (`id`),
  UNIQUE KEY `UK_qhc2wldeck9mulg3u10yafu8h` (`student_id`),
  KEY `trash_students_admins_id_fk` (`deleted_by`),
  CONSTRAINT `FKnj6txl2v24mclaiwfu7ymqyuw` FOREIGN KEY (`student_id`) REFERENCES `students` (`id`),
  CONSTRAINT `trash_students_admins_id_fk` FOREIGN KEY (`deleted_by`) REFERENCES `admins` (`id`)
) ENGINE=InnoDB AUTO_INCREMENT=7 DEFAULT CHARSET=utf8mb4 COLLATE=utf8mb4_0900_ai_ci;
/*!40101 SET character_set_client = @saved_cs_client */;

--
-- Dumping data for table `trash_students`
--

LOCK TABLES `trash_students` WRITE;
/*!40000 ALTER TABLE `trash_students` DISABLE KEYS */;
INSERT INTO `trash_students` VALUES (5,'2023-09-20 14:21:46.743185','611118','kiki123'),(6,'2023-09-20 14:21:46.807607','611112','kiki123');
/*!40000 ALTER TABLE `trash_students` ENABLE KEYS */;
UNLOCK TABLES;
/*!40103 SET TIME_ZONE=@OLD_TIME_ZONE */;

/*!40101 SET SQL_MODE=@OLD_SQL_MODE */;
/*!40014 SET FOREIGN_KEY_CHECKS=@OLD_FOREIGN_KEY_CHECKS */;
/*!40014 SET UNIQUE_CHECKS=@OLD_UNIQUE_CHECKS */;
/*!40101 SET CHARACTER_SET_CLIENT=@OLD_CHARACTER_SET_CLIENT */;
/*!40101 SET CHARACTER_SET_RESULTS=@OLD_CHARACTER_SET_RESULTS */;
/*!40101 SET COLLATION_CONNECTION=@OLD_COLLATION_CONNECTION */;
/*!40111 SET SQL_NOTES=@OLD_SQL_NOTES */;

-- Dump completed on 2023-10-12 16:41:44
