-- MySQL dump 10.13  Distrib 8.0.32, for Win64 (x86_64)
--
-- Host: localhost    Database: student
-- ------------------------------------------------------
-- Server version	8.0.32

/*!40101 SET @OLD_CHARACTER_SET_CLIENT=@@CHARACTER_SET_CLIENT */;
/*!40101 SET @OLD_CHARACTER_SET_RESULTS=@@CHARACTER_SET_RESULTS */;
/*!40101 SET @OLD_COLLATION_CONNECTION=@@COLLATION_CONNECTION */;
/*!50503 SET NAMES utf8 */;
/*!40103 SET @OLD_TIME_ZONE=@@TIME_ZONE */;
/*!40103 SET TIME_ZONE='+00:00' */;
/*!40014 SET @OLD_UNIQUE_CHECKS=@@UNIQUE_CHECKS, UNIQUE_CHECKS=0 */;
/*!40014 SET @OLD_FOREIGN_KEY_CHECKS=@@FOREIGN_KEY_CHECKS, FOREIGN_KEY_CHECKS=0 */;
/*!40101 SET @OLD_SQL_MODE=@@SQL_MODE, SQL_MODE='NO_AUTO_VALUE_ON_ZERO' */;
/*!40111 SET @OLD_SQL_NOTES=@@SQL_NOTES, SQL_NOTES=0 */;

--
-- Table structure for table `admins`
--

DROP TABLE IF EXISTS `admins`;
/*!40101 SET @saved_cs_client     = @@character_set_client */;
/*!50503 SET character_set_client = utf8mb4 */;
CREATE TABLE `admins` (
  `id` varchar(100) NOT NULL,
  `avatar` varchar(1000) DEFAULT NULL,
  `email` varchar(200) DEFAULT NULL,
  `is_deleted` bit(1) DEFAULT NULL,
  `name` varchar(200) DEFAULT NULL,
  `password` varchar(200) DEFAULT NULL,
  `role_id` varchar(100) DEFAULT NULL,
  PRIMARY KEY (`id`),
  KEY `FK7h9x5fnfw47l8lkeas20rmsva` (`role_id`),
  CONSTRAINT `FK7h9x5fnfw47l8lkeas20rmsva` FOREIGN KEY (`role_id`) REFERENCES `roles` (`id`)
) ENGINE=InnoDB DEFAULT CHARSET=utf8mb4 COLLATE=utf8mb4_0900_ai_ci;
/*!40101 SET character_set_client = @saved_cs_client */;

--
-- Dumping data for table `admins`
--

LOCK TABLES `admins` WRITE;
/*!40000 ALTER TABLE `admins` DISABLE KEYS */;
INSERT INTO `admins` VALUES ('kiki123','https://storage.googleapis.com/student-4a760.appspot.com/94d1038a-6c08-4080-a970-376dc24979f8.jpg?GoogleAccessId=firebase-adminsdk-60z3z@student-4a760.iam.gserviceaccount.com&Expires=6542754576&Signature=kWULm43kXeqQybgqgfFaGEadlhuq1NIxgdjJpQ5HNiDjc6%2FIbfhSw5NzQgi%2B0rE3s%2Fe0KBchDBxDlMhyryRZcfQzVpD3gx%2BCw6vDredBqHMsVodgUz7L7yYZRPxXBs%2B72dauHFuAl27LT2fnZRKU%2FwXODo%2F1bvsuYCGj68Okyw3jWSYV%2FrAI6al4Zk4iHiDKfthBjKbOQjS3D0t5fzyesz9rUsCI90mueoMLtxRfLUEKDgwxQARARnTQcbiLYOCdpYM4sO56b8VjkwJSrneCyraxV5LxcsPxBgGl4fVno3QajLpwVKvzs1virmYV7CPMtzgDVfHvBnA8TwAQ%2BJ%2B7qg%3D%3D','kiki@gmail.com',_binary '\0','Cam Hiếu','$2a$10$/uwT28Jy04F365e1kG/wL.l8UTTHbfB7.soA13f8U3kZ.jJJ.Alwi','SUPERADMIN');
/*!40000 ALTER TABLE `admins` ENABLE KEYS */;
UNLOCK TABLES;

--
-- Table structure for table `classes`
--

DROP TABLE IF EXISTS `classes`;
/*!40101 SET @saved_cs_client     = @@character_set_client */;
/*!50503 SET character_set_client = utf8mb4 */;
CREATE TABLE `classes` (
  `id` varchar(100) NOT NULL,
  `name` varchar(200) DEFAULT NULL,
  PRIMARY KEY (`id`)
) ENGINE=InnoDB DEFAULT CHARSET=utf8mb4 COLLATE=utf8mb4_0900_ai_ci;
/*!40101 SET character_set_client = @saved_cs_client */;

--
-- Dumping data for table `classes`
--

LOCK TABLES `classes` WRITE;
/*!40000 ALTER TABLE `classes` DISABLE KEYS */;
INSERT INTO `classes` VALUES ('K56CNTT','K56-Công Nghệ Thông Tin'),('K57CNPM','K67-Công Nghệ Phần Mềm'),('K57CNTT','K57-Công Nghệ Thông Tin'),('K57HTTT','K57-Công Nghệ Thông Tin'),('K58CNPM','K58-Công Nghệ Phần Mềm'),('K58CNTT','K58-Công Nghệ Thông Tin'),('K58HTTT','K58-Hệ Thống Thông Tin'),('K59CNPM','K59-Công Nghệ Phần Mềm'),('K59CNTT','K59-Công Nghệ Thông Tin'),('K59HTTT','K59-Hệ Thống Thông Tin'),('K60CNPM','K60-Công Nghệ Phần Mềm'),('K60CNTT','K60-Công Nghệ Thông Tin'),('K60HTTT','K60-Hệ Thống Thông Tin'),('K60MMTP',NULL),('K61ATTT','K61-An Toàn Thông Tin'),('K61CNPM','K61-Công Nghệ Phần Mềm'),('K61CNPMP',NULL),('K61CNTT','K61-Công Nghệ Thông Tin'),('K61HTTT','K61-Hệ Thống Thông Tin'),('K62CNPM','K62-Công Nghệ Phần Mềm'),('K62CNTT','K62-Công Nghệ Thông Tin'),('K62HTTT','K62-Hệ Thống Thông Tin'),('K63ATTT','K63-An Toàn Thông Tin'),('K63CNPM','K63-Công Nghệ Phần Mềm'),('K63CNTT','K63-Công Nghệ Thông Tin'),('K63HTTT','K63-Hệ Thống Thông Tin'),('K64ATTT','K64-An Toàn Thông Tin'),('K64CNPM','K64-Công Nghệ Phần Mềm'),('K64CNTT','K64-Công Nghệ Thông Tin'),('K64CNTTA','K64-Công Nghệ Thông Tin A'),('K64HTTT',NULL),('K65ATTT',NULL),('K65CNPM',NULL),('K65CNPMA',NULL),('K65CNPMB',NULL),('K65CNTT','K65-Công Nghệ Thông Tin'),('K65CNTTA','K65-Công Nghệ Thông Tin A'),('K65CNTTB','K65-Công Nghệ Thông Tin B'),('K65HTTT',NULL),('K65MMT',NULL),('K65TT',NULL),('K65TTNT',NULL),('K66ATTT',NULL),('K66CNPM',NULL),('K66CNTT',NULL),('K66CNTTA','K66-Công Nghệ Thông Tin A'),('K66CNTTB','K66-Công Nghệ Thông Tin B'),('K66CNTTC',NULL),('K66CNTTD',NULL),('K66CNTTE',NULL),('K66CNTTF',NULL),('K66HTTT',NULL),('K66MMT',NULL),('K66TT',NULL),('K66TTNT',NULL),('K67ATTT',NULL),('K67CNPM',NULL),('K67CNTT',NULL),('K67CNTTA','K67-Công Nghệ Thông Tin A'),('K67CNTTB',NULL),('K67HTTT',NULL),('K67MMT',NULL),('K67TT',NULL),('K67TTNT',NULL);
/*!40000 ALTER TABLE `classes` ENABLE KEYS */;
UNLOCK TABLES;

--
-- Table structure for table `courses`
--

DROP TABLE IF EXISTS `courses`;
/*!40101 SET @saved_cs_client     = @@character_set_client */;
/*!50503 SET character_set_client = utf8mb4 */;
CREATE TABLE `courses` (
  `id` varchar(100) NOT NULL,
  `name` varchar(200) DEFAULT NULL,
  PRIMARY KEY (`id`)
) ENGINE=InnoDB DEFAULT CHARSET=utf8mb4 COLLATE=utf8mb4_0900_ai_ci;
/*!40101 SET character_set_client = @saved_cs_client */;

--
-- Dumping data for table `courses`
--

LOCK TABLES `courses` WRITE;
/*!40000 ALTER TABLE `courses` DISABLE KEYS */;
INSERT INTO `courses` VALUES ('56','Khóa 56'),('57','Khóa 57'),('58','Khóa 58'),('59','Khóa 59'),('60','Khóa 60'),('61','Khóa 61'),('62','Khóa 62'),('63','Khóa 63'),('64','Khóa 64'),('65','Khóa 65'),('66','Khóa 66'),('67','Khóa 67');
/*!40000 ALTER TABLE `courses` ENABLE KEYS */;
UNLOCK TABLES;

--
-- Table structure for table `displays`
--

DROP TABLE IF EXISTS `displays`;
/*!40101 SET @saved_cs_client     = @@character_set_client */;
/*!50503 SET character_set_client = utf8mb4 */;
CREATE TABLE `displays` (
  `id` bigint NOT NULL AUTO_INCREMENT,
  `content` varchar(4000) DEFAULT NULL,
  `img` varchar(500) DEFAULT NULL,
  `location` varchar(200) DEFAULT NULL,
  PRIMARY KEY (`id`)
) ENGINE=InnoDB DEFAULT CHARSET=utf8mb4 COLLATE=utf8mb4_0900_ai_ci;
/*!40101 SET character_set_client = @saved_cs_client */;

--
-- Dumping data for table `displays`
--

LOCK TABLES `displays` WRITE;
/*!40000 ALTER TABLE `displays` DISABLE KEYS */;
/*!40000 ALTER TABLE `displays` ENABLE KEYS */;
UNLOCK TABLES;

--
-- Table structure for table `documents`
--

DROP TABLE IF EXISTS `documents`;
/*!40101 SET @saved_cs_client     = @@character_set_client */;
/*!50503 SET character_set_client = utf8mb4 */;
CREATE TABLE `documents` (
  `id` bigint NOT NULL AUTO_INCREMENT,
  `is_checked` bit(1) DEFAULT NULL,
  `link` varchar(1000) DEFAULT NULL,
  `post_date` datetime(6) DEFAULT NULL,
  `title` varchar(1000) DEFAULT NULL,
  `type` varchar(200) DEFAULT NULL,
  `student_id` varchar(100) DEFAULT NULL,
  PRIMARY KEY (`id`),
  KEY `FK1men4i9k1s1t8bfm9clnsv9ko` (`student_id`),
  CONSTRAINT `FK1men4i9k1s1t8bfm9clnsv9ko` FOREIGN KEY (`student_id`) REFERENCES `students` (`id`)
) ENGINE=InnoDB DEFAULT CHARSET=utf8mb4 COLLATE=utf8mb4_0900_ai_ci;
/*!40101 SET character_set_client = @saved_cs_client */;

--
-- Dumping data for table `documents`
--

LOCK TABLES `documents` WRITE;
/*!40000 ALTER TABLE `documents` DISABLE KEYS */;
/*!40000 ALTER TABLE `documents` ENABLE KEYS */;
UNLOCK TABLES;

--
-- Table structure for table `majors`
--

DROP TABLE IF EXISTS `majors`;
/*!40101 SET @saved_cs_client     = @@character_set_client */;
/*!50503 SET character_set_client = utf8mb4 */;
CREATE TABLE `majors` (
  `id` varchar(100) NOT NULL,
  `name` varchar(200) DEFAULT NULL,
  `total_credits` int DEFAULT NULL,
  PRIMARY KEY (`id`)
) ENGINE=InnoDB DEFAULT CHARSET=utf8mb4 COLLATE=utf8mb4_0900_ai_ci;
/*!40101 SET character_set_client = @saved_cs_client */;

--
-- Dumping data for table `majors`
--

LOCK TABLES `majors` WRITE;
/*!40000 ALTER TABLE `majors` DISABLE KEYS */;
INSERT INTO `majors` VALUES ('CNTT','Công nghệ thông tin',130),('MMT','Mạng máy tính và truyền thông dữ liệu',130),('TTNT','Khoa học dữ liệu và trí tuệ nhân tạo',130);
/*!40000 ALTER TABLE `majors` ENABLE KEYS */;
UNLOCK TABLES;

--
-- Table structure for table `news`
--

DROP TABLE IF EXISTS `news`;
/*!40101 SET @saved_cs_client     = @@character_set_client */;
/*!50503 SET character_set_client = utf8mb4 */;
CREATE TABLE `news` (
  `id` bigint NOT NULL AUTO_INCREMENT,
  `content` longtext,
  `is_deleted` bit(1) DEFAULT NULL,
  `post_date` datetime(6) DEFAULT NULL,
  `title` varchar(1000) DEFAULT NULL,
  `type` varchar(200) DEFAULT NULL,
  PRIMARY KEY (`id`)
) ENGINE=InnoDB DEFAULT CHARSET=utf8mb4 COLLATE=utf8mb4_0900_ai_ci;
/*!40101 SET character_set_client = @saved_cs_client */;

--
-- Dumping data for table `news`
--

LOCK TABLES `news` WRITE;
/*!40000 ALTER TABLE `news` DISABLE KEYS */;
/*!40000 ALTER TABLE `news` ENABLE KEYS */;
UNLOCK TABLES;

--
-- Table structure for table `permissions`
--

DROP TABLE IF EXISTS `permissions`;
/*!40101 SET @saved_cs_client     = @@character_set_client */;
/*!50503 SET character_set_client = utf8mb4 */;
CREATE TABLE `permissions` (
  `id` varchar(100) NOT NULL,
  `name` varchar(100) DEFAULT NULL,
  `type` varchar(100) DEFAULT NULL,
  PRIMARY KEY (`id`)
) ENGINE=InnoDB DEFAULT CHARSET=utf8mb4 COLLATE=utf8mb4_0900_ai_ci;
/*!40101 SET character_set_client = @saved_cs_client */;

--
-- Dumping data for table `permissions`
--

LOCK TABLES `permissions` WRITE;
/*!40000 ALTER TABLE `permissions` DISABLE KEYS */;
/*!40000 ALTER TABLE `permissions` ENABLE KEYS */;
UNLOCK TABLES;

--
-- Table structure for table `roles`
--

DROP TABLE IF EXISTS `roles`;
/*!40101 SET @saved_cs_client     = @@character_set_client */;
/*!50503 SET character_set_client = utf8mb4 */;
CREATE TABLE `roles` (
  `id` varchar(100) NOT NULL,
  `name` varchar(200) DEFAULT NULL,
  PRIMARY KEY (`id`)
) ENGINE=InnoDB DEFAULT CHARSET=utf8mb4 COLLATE=utf8mb4_0900_ai_ci;
/*!40101 SET character_set_client = @saved_cs_client */;

--
-- Dumping data for table `roles`
--

LOCK TABLES `roles` WRITE;
/*!40000 ALTER TABLE `roles` DISABLE KEYS */;
INSERT INTO `roles` VALUES ('ADMIN',NULL),('STUDENT',NULL),('SUPERADMIN','Quản trị viên cấp cao');
/*!40000 ALTER TABLE `roles` ENABLE KEYS */;
UNLOCK TABLES;

--
-- Table structure for table `roles_permissions`
--

DROP TABLE IF EXISTS `roles_permissions`;
/*!40101 SET @saved_cs_client     = @@character_set_client */;
/*!50503 SET character_set_client = utf8mb4 */;
CREATE TABLE `roles_permissions` (
  `role_id` varchar(100) NOT NULL,
  `permission_id` varchar(100) NOT NULL,
  KEY `FKbx9r9uw77p58gsq4mus0mec0o` (`permission_id`),
  KEY `FKqi9odri6c1o81vjox54eedwyh` (`role_id`),
  CONSTRAINT `FKbx9r9uw77p58gsq4mus0mec0o` FOREIGN KEY (`permission_id`) REFERENCES `permissions` (`id`),
  CONSTRAINT `FKqi9odri6c1o81vjox54eedwyh` FOREIGN KEY (`role_id`) REFERENCES `roles` (`id`)
) ENGINE=InnoDB DEFAULT CHARSET=utf8mb4 COLLATE=utf8mb4_0900_ai_ci;
/*!40101 SET character_set_client = @saved_cs_client */;

--
-- Dumping data for table `roles_permissions`
--

LOCK TABLES `roles_permissions` WRITE;
/*!40000 ALTER TABLE `roles_permissions` DISABLE KEYS */;
/*!40000 ALTER TABLE `roles_permissions` ENABLE KEYS */;
UNLOCK TABLES;

--
-- Table structure for table `statuses`
--

DROP TABLE IF EXISTS `statuses`;
/*!40101 SET @saved_cs_client     = @@character_set_client */;
/*!50503 SET character_set_client = utf8mb4 */;
CREATE TABLE `statuses` (
  `id` int NOT NULL AUTO_INCREMENT,
  `name` varchar(200) DEFAULT NULL,
  PRIMARY KEY (`id`)
) ENGINE=InnoDB AUTO_INCREMENT=2 DEFAULT CHARSET=utf8mb4 COLLATE=utf8mb4_0900_ai_ci;
/*!40101 SET character_set_client = @saved_cs_client */;

--
-- Dumping data for table `statuses`
--

LOCK TABLES `statuses` WRITE;
/*!40000 ALTER TABLE `statuses` DISABLE KEYS */;
INSERT INTO `statuses` VALUES (1,'Đã nhập học');
/*!40000 ALTER TABLE `statuses` ENABLE KEYS */;
UNLOCK TABLES;

--
-- Table structure for table `students`
--

DROP TABLE IF EXISTS `students`;
/*!40101 SET @saved_cs_client     = @@character_set_client */;
/*!50503 SET character_set_client = utf8mb4 */;
CREATE TABLE `students` (
  `id` varchar(100) NOT NULL,
  `surname` varchar(200) DEFAULT NULL,
  `last_name` varchar(200) DEFAULT NULL,
  `course_id` varchar(100) DEFAULT NULL,
  `major_id` varchar(100) DEFAULT NULL,
  `class_id` varchar(100) DEFAULT NULL,
  `dob` datetime(6) DEFAULT NULL,
  `gender` varchar(200) DEFAULT NULL,
  `phone_number` varchar(200) DEFAULT NULL,
  `email` varchar(200) DEFAULT NULL,
  `home_town` varchar(200) DEFAULT NULL,
  `residence` varchar(200) DEFAULT NULL,
  `father_name` varchar(200) DEFAULT NULL,
  `father_phone_number` varchar(200) DEFAULT NULL,
  `mother_name` varchar(200) DEFAULT NULL,
  `mother_phone_number` varchar(200) DEFAULT NULL,
  `avatar` varchar(1000) DEFAULT NULL,
  `password` varchar(200) DEFAULT NULL,
  `role_id` varchar(100) DEFAULT NULL,
  `is_deleted` bit(1) DEFAULT NULL,
  PRIMARY KEY (`id`),
  KEY `FKhnslh0rm5bthlble8vjunbnwe` (`class_id`),
  KEY `FKi04cc0278a1f49g0995mnuo63` (`major_id`),
  KEY `FKs33errciqfkiwe8slr6y4jwm7` (`role_id`),
  KEY `FK6jiqckumc6tm0h9otqbtqhgnr` (`course_id`),
  CONSTRAINT `FK6jiqckumc6tm0h9otqbtqhgnr` FOREIGN KEY (`course_id`) REFERENCES `courses` (`id`),
  CONSTRAINT `FKhnslh0rm5bthlble8vjunbnwe` FOREIGN KEY (`class_id`) REFERENCES `classes` (`id`),
  CONSTRAINT `FKi04cc0278a1f49g0995mnuo63` FOREIGN KEY (`major_id`) REFERENCES `majors` (`id`),
  CONSTRAINT `FKs33errciqfkiwe8slr6y4jwm7` FOREIGN KEY (`role_id`) REFERENCES `roles` (`id`)
) ENGINE=InnoDB DEFAULT CHARSET=utf8mb4 COLLATE=utf8mb4_0900_ai_ci;
/*!40101 SET character_set_client = @saved_cs_client */;

--
-- Dumping data for table `students`
--

LOCK TABLES `students` WRITE;
/*!40000 ALTER TABLE `students` DISABLE KEYS */;
INSERT INTO `students` VALUES ('566553','Nguyễn Văn','Giảng','56','CNTT','K56CNTT','2002-05-12 00:00:00.000000','Nữ','9430519705','566553@sv.vnua.edu.vn',' TP. Hà Nội',NULL,NULL,NULL,NULL,NULL,NULL,NULL,'STUDENT',_binary ''),('576739','Nguyễn Viết','Thắng','57','TTNT','K57CNTT','2002-05-12 00:00:00.000000','Nữ','7256273723','576739@sv.vnua.edu.vn','Đông Sơn-Thanh Hoá',NULL,NULL,NULL,NULL,NULL,NULL,NULL,'STUDENT',_binary ''),('576779','Nguyễn Thị Thu','Hoài','57','MMT','K57CNPM','2002-05-12 00:00:00.000000','Nữ','8884925772','576779@sv.vnua.edu.vn','H. Tiên Du-Bắc Ninh',NULL,NULL,NULL,NULL,NULL,NULL,NULL,'STUDENT',_binary '\0'),('585945','Trần Đức','Anh','58','CNTT','K57HTTT','2002-05-12 00:00:00.000000','Nữ','6807948651','585945@sv.vnua.edu.vn','TX. Từ  Sơn Bắc Ninh',NULL,NULL,NULL,NULL,NULL,NULL,NULL,'STUDENT',_binary '\0'),('586610','Trần Hữu','Huy','58','CNTT','K58CNPM','2002-05-12 00:00:00.000000','Nữ','943304356','586610@sv.vnua.edu.vn','H. Sóc Sơn Hà Nội',NULL,NULL,NULL,NULL,NULL,NULL,NULL,'STUDENT',_binary '\0'),('587963','Nguyễn Tiến','Việt','58','CNTT','K58CNTT','2002-05-12 00:00:00.000000','Nữ','8414371151','587963@sv.vnua.edu.vn','H. Mường Chà Điện Biên',NULL,NULL,NULL,NULL,NULL,NULL,NULL,'STUDENT',_binary '\0'),('591842','Lê Thành','Công','59','MMT','K59CNTT','2002-05-12 00:00:00.000000','Nữ','9204552325','591842@sv.vnua.edu.vn','Long Biên, Hà Nội',NULL,NULL,NULL,NULL,NULL,NULL,NULL,'STUDENT',_binary '\0'),('596517','Nguyễn Thị Quỳnh','Chi','59','TTNT','K59CNPM','2002-05-12 00:00:00.000000','Nữ','5943582014','596517@sv.vnua.edu.vn','Hoa Lư, Ninh Bình',NULL,NULL,NULL,NULL,NULL,NULL,NULL,'STUDENT',_binary '\0'),('596721','Nguyễn Chí','Cường','59','CNTT','K59HTTT','2002-05-12 00:00:00.000000','Nữ','317040031','596721@sv.vnua.edu.vn','Gia Lâm, Hà Nội',NULL,NULL,NULL,NULL,NULL,NULL,NULL,'STUDENT',_binary '\0'),('596722','Trần Văn','Cường','59','MMT','K60CNPM','2002-05-12 00:00:00.000000','Nữ','9603046290','596722@sv.vnua.edu.vn','Đông Hưng, Thái Bình',NULL,NULL,NULL,NULL,NULL,NULL,NULL,'STUDENT',_binary '\0'),('599053','Lê Tiến','Dụng','59','TTNT','K58HTTT','2002-05-12 00:00:00.000000','Nữ','4715626666','599053@sv.vnua.edu.vn','Giao Thủy, Nam Định',NULL,NULL,NULL,NULL,NULL,NULL,NULL,'STUDENT',_binary '\0'),('601351','Trịnh Văn','Huấn','60','CNTT','K61ATTT','2002-05-12 00:00:00.000000','Nữ','7381529489','601351@sv.vnua.edu.vn','H. Kim Bảng-Hà Nam',NULL,NULL,NULL,NULL,NULL,NULL,NULL,'STUDENT',_binary '\0'),('601352','Lê Thị','Lan','60','CNTT','K61CNTT','2002-05-12 00:00:00.000000','Nữ','8754230808','601352@sv.vnua.edu.vn','H. Thanh Oai-Hà Nội',NULL,NULL,NULL,NULL,NULL,NULL,NULL,'STUDENT',_binary '\0'),('605134','Đinh Thái','Bình','60','TTNT','K60HTTT','2002-05-12 00:00:00.000000','Nữ','5527026514','605134@sv.vnua.edu.vn','Q. Long Biên Hà Nội',NULL,NULL,NULL,NULL,NULL,NULL,NULL,'STUDENT',_binary '\0'),('605135','Chu Hoàng','Hải','60','CNTT','K60MMTP','2002-05-12 00:00:00.000000','Nữ','7048001940','605135@sv.vnua.edu.vn','TP. Hải Dương Hải Dương',NULL,NULL,NULL,NULL,NULL,NULL,NULL,'STUDENT',_binary '\0'),('605137','Đào Trung','Kiên','60','TTNT','K61CNPMP','2002-05-12 00:00:00.000000','Nữ','23108220','605137@sv.vnua.edu.vn','TP. Phủ Lý Hà Nam',NULL,NULL,NULL,NULL,NULL,NULL,NULL,'STUDENT',_binary '\0'),('605753','Đinh Quốc','Hùng','60','MMT','K61CNPM','2002-05-12 00:00:00.000000','Nữ','2410686009','605753@sv.vnua.edu.vn','H. Điện Biên , Điện Biên',NULL,NULL,NULL,NULL,NULL,NULL,NULL,'STUDENT',_binary '\0'),('605813','Lê Đức','Anh','60','MMT','K60CNTT','2002-05-12 00:00:00.000000','Nữ','4605716539','605813@sv.vnua.edu.vn','Đông Anh, Hà Nội',NULL,NULL,NULL,NULL,NULL,NULL,NULL,'STUDENT',_binary '\0'),('611118','Lê Hồng','Phong','61','CNTT','K65CNTTB','2002-05-12 00:00:00.000000','Nam','0383817445','abzy@gmail.com','Hà Nội','Gia Lâm, Hà Nội',NULL,NULL,NULL,NULL,NULL,'$2a$10$Wq.qnyVSO4MmxK71O2uD6uyGxI4ekLIj8b4kDa8b5vMkgtzD82xhG','STUDENT',_binary ''),('611212','Nguyễn Văn','Chiến','61','CNTT','K61HTTT','2002-05-12 00:00:00.000000','Nam','5980887437','611212@sv.vnua.edu.vn','Yên Mô - Ninh Bình',NULL,NULL,NULL,NULL,NULL,NULL,NULL,'STUDENT',_binary '\0'),('611230','Trần Việt','Hiếu','61','TTNT','K62CNTT','2002-05-12 00:00:00.000000','Nữ','6781324619','611230@sv.vnua.edu.vn','Đông Hưng - Thái Bình',NULL,NULL,NULL,NULL,NULL,NULL,NULL,'STUDENT',_binary '\0'),('611234','Bùi Quang','Huy','61','TTNT','K62HTTT','2002-05-12 00:00:00.000000','Nữ','3564613011','611234@sv.vnua.edu.vn','Vĩnh Tường - Vĩnh Phúc',NULL,NULL,NULL,NULL,NULL,NULL,NULL,'STUDENT',_binary '\0'),('611244','Nguyễn Tuấn','Mạnh','61','CNTT','K64CNPM','2002-05-12 00:00:00.000000','Nữ','234957692','611244@sv.vnua.edu.vn','Gia Lâm - Hà Nội',NULL,NULL,NULL,NULL,NULL,NULL,NULL,'STUDENT',_binary '\0'),('611245','Trần Đức','Mạnh','61','CNTT','K64CNTT','2002-05-12 00:00:00.000000','Nữ','9053305793','611245@sv.vnua.edu.vn','Long Biên - Hà Nội',NULL,NULL,NULL,NULL,NULL,NULL,NULL,'STUDENT',_binary '\0'),('611289','Đinh Quang','Huy','61','MMT','K63ATTT','2002-05-12 00:00:00.000000','Nữ','3062237601','611289@sv.vnua.edu.vn','Nga Sơn - Thanh Hoá',NULL,NULL,NULL,NULL,NULL,NULL,NULL,'STUDENT',_binary '\0'),('611290','Đỗ Văn','Huy','61','CNTT','K63CNPM','2002-05-12 00:00:00.000000','Nữ','4637175172','611290@sv.vnua.edu.vn','Thanh Oai - Hà Nội',NULL,NULL,NULL,NULL,NULL,NULL,NULL,'STUDENT',_binary '\0'),('611292','Nguyễn Đắc','Kiên','61','MMT','K63HTTT','2002-05-12 00:00:00.000000','Nam','7708982236','611292@sv.vnua.edu.vn','Hoài Đức - Hà Nội',NULL,NULL,NULL,NULL,NULL,NULL,NULL,'STUDENT',_binary '\0'),('611298','Hà Huy','Mạnh','61','TTNT','K64ATTT','2002-05-12 00:00:00.000000','Nữ','9427812520','611298@sv.vnua.edu.vn','Bắc Giang - Bắc Giang',NULL,NULL,NULL,NULL,NULL,NULL,NULL,'STUDENT',_binary '\0'),('614086','Nguyễn Văn','Dần','61','CNTT','K62CNPM','2002-05-12 00:00:00.000000','Nữ','3079540628','614086@sv.vnua.edu.vn','Hoài Đức - Hà Nội',NULL,NULL,NULL,NULL,NULL,NULL,NULL,'STUDENT',_binary '\0'),('614091','Dương Thị Thanh','Huyền','62','MMT','K63CNTT','2002-05-12 00:00:00.000000','Nam','4909743026','614091@sv.vnua.edu.vn','Văn Lâm - Hưng Yên',NULL,NULL,NULL,NULL,NULL,NULL,NULL,'STUDENT',_binary '\0'),('621046','Nguyễn Văn','Hiếu','62','CNTT','K66ATTT','2002-05-12 00:00:00.000000','Nữ','7905974305','621046@sv.vnua.edu.vn','Tx. Từ  Sơn - Bắc Ninh',NULL,NULL,NULL,NULL,NULL,NULL,NULL,'STUDENT',_binary '\0'),('621065','Cao Thành','Công','62','TTNT','K65CNPMB','2002-05-12 00:00:00.000000','Nam','7765583528','621065@sv.vnua.edu.vn','Huyện Mỹ Hào - Hưng Yên',NULL,NULL,NULL,NULL,NULL,NULL,NULL,'STUDENT',_binary '\0'),('621066','Mai Phương','Anh','62','TTNT','K64HTTT','2002-05-12 00:00:00.000000','Nữ','4415011987','621066@sv.vnua.edu.vn','H.Đông Anh - Hà Nội',NULL,NULL,NULL,NULL,NULL,NULL,NULL,'STUDENT',_binary '\0'),('621067','Nguyễn Mạnh','Cường','62','TTNT','K65CNTT','2002-05-12 00:00:00.000000','Nam','5572347719','621067@sv.vnua.edu.vn','H.Vĩnh Tường - Vĩnh Phúc',NULL,NULL,NULL,NULL,NULL,NULL,NULL,'STUDENT',_binary '\0'),('621068','Phạm Văn','Đăng','62','MMT','K65HTTT','2002-05-12 00:00:00.000000','Nữ','6421001771','621068@sv.vnua.edu.vn','Huyện Tứ Kỳ - Hải Dương',NULL,NULL,NULL,NULL,NULL,NULL,NULL,'STUDENT',_binary '\0'),('621070','Trần Đức','Giang','62','CNTT','K65TTNT','2002-05-12 00:00:00.000000','Nữ','6397320689','621070@sv.vnua.edu.vn','Huyện Lý Nhân - Hà Nam',NULL,NULL,NULL,NULL,NULL,NULL,NULL,'STUDENT',_binary '\0'),('621072','Phạm Thu','Hoài','62','MMT','K66CNPM','2002-05-12 00:00:00.000000','Nữ','1958488737','621072@sv.vnua.edu.vn','H.Đông Anh - Hà Nội',NULL,NULL,NULL,NULL,NULL,NULL,NULL,'STUDENT',_binary '\0'),('621084','Nguyễn Thành','Đô','62','MMT','K65MMT','2002-05-12 00:00:00.000000','Nam','7633871184','621084@sv.vnua.edu.vn','H. Thường Tín - Hà Nội',NULL,NULL,NULL,NULL,NULL,NULL,NULL,'STUDENT',_binary '\0'),('621087','Đinh Văn','Duy','62','MMT','K65CNTTA','2002-05-12 00:00:00.000000','Nam','4685187869','621087@sv.vnua.edu.vn','Huyện Mỹ Đức - Hà Nội',NULL,NULL,NULL,NULL,NULL,NULL,NULL,'STUDENT',_binary '\0'),('621121','Lê Tuấn','Anh','62','MMT','K64CNTTA','2002-05-12 00:00:00.000000','Nam','8190826053','621121@sv.vnua.edu.vn','Quận Hoàn Kiếm - Hà Nội',NULL,NULL,NULL,NULL,NULL,NULL,NULL,'STUDENT',_binary '\0'),('621123','Lù Nhất','Duy','62','CNTT','K65CNTTB','2002-05-12 00:00:00.000000','Nữ','488449645','621123@sv.vnua.edu.vn','Huyện Bát Xát - Lào Cai',NULL,NULL,NULL,NULL,NULL,NULL,NULL,'STUDENT',_binary '\0'),('621170','Phạm Hải','Biển','62','CNTT','K65CNPM','2002-05-12 00:00:00.000000','Nữ','3674192394','621170@sv.vnua.edu.vn','Huyện Tiên Lữ - Hưng Yên',NULL,NULL,NULL,NULL,NULL,NULL,NULL,'STUDENT',_binary '\0'),('621187','Bùi Trí','Đức','62','TTNT','K65TT','2002-05-12 00:00:00.000000','Nam','6397708273','621187@sv.vnua.edu.vn','Quận Thanh Xuân - Hà Nội',NULL,NULL,NULL,NULL,NULL,NULL,NULL,'STUDENT',_binary '\0'),('621191','Nguyễn Thị Quế','Anh','62','CNTT','K65ATTT','2002-05-12 00:00:00.000000','Nữ','4021893146','621191@sv.vnua.edu.vn','H.Đông Anh - Hà Nội',NULL,NULL,NULL,NULL,NULL,NULL,NULL,'STUDENT',_binary '\0'),('622405','Lê Trung Tiến','Bình','63','CNTT','K65CNPMA','2002-05-12 00:00:00.000000','Nữ','9141205815','622405@sv.vnua.edu.vn','Gia Lâm - Hà Nội',NULL,NULL,NULL,NULL,NULL,NULL,NULL,'STUDENT',_binary '\0'),('637602','Nguyễn Hữu Việt','Anh','63','TTNT','K66CNTT','2002-05-12 00:00:00.000000','Nữ','4022198926','637602@sv.vnua.edu.vn','Thuận Thành, Bắc Ninh',NULL,NULL,NULL,NULL,NULL,NULL,NULL,'STUDENT',_binary '\0'),('637612','Đặng Xuân','Cương','63','CNTT','K66CNTTC','2002-05-12 00:00:00.000000','Nam','8322841475','637612@sv.vnua.edu.vn','Đông Hưng, Thái Bình',NULL,NULL,NULL,NULL,NULL,NULL,NULL,'STUDENT',_binary '\0'),('637618','Nguyễn Văn','Đĩnh','63','TTNT','K66CNTTE','2002-05-12 00:00:00.000000','Nữ','4488114084','637618@sv.vnua.edu.vn','Huyện ý Yên, Nam Định',NULL,NULL,NULL,NULL,NULL,NULL,NULL,'STUDENT',_binary '\0'),('637625','Hoàng Mạnh','Hải','63','MMT','K66MMT','2002-05-12 00:00:00.000000','Nữ','4623140809','637625@sv.vnua.edu.vn','Huyện Phúc Thọ, Hà Nội',NULL,NULL,NULL,NULL,NULL,NULL,NULL,'STUDENT',_binary '\0'),('637627','Lê Minh','Hiếu','63','TTNT','K66TTNT','2002-05-12 00:00:00.000000','Nam','2609559528','637627@sv.vnua.edu.vn','Huyện Văn Lâm, Hưng Yên',NULL,NULL,NULL,NULL,NULL,NULL,NULL,'STUDENT',_binary '\0'),('637630','Trần Văn','Hiếu','63','CNTT','K67ATTT','2002-05-12 00:00:00.000000','Nữ','1900889769','637630@sv.vnua.edu.vn','Huyện Lý Nhân, Hà Nam',NULL,NULL,NULL,NULL,NULL,NULL,NULL,'STUDENT',_binary '\0'),('637638','Nguyễn Tuấn','Hùng','63','CNTT','K67CNPM','2002-05-12 00:00:00.000000','Nữ','4939664456','637638@sv.vnua.edu.vn','Huyện Đông Anh, Hà Nội',NULL,NULL,NULL,NULL,NULL,NULL,NULL,'STUDENT',_binary '\0'),('637646','Đặng Hồng','Ngọc','63','TTNT','K67TTNT','2002-05-12 00:00:00.000000','Nữ','592096747','637646@sv.vnua.edu.vn','Huyện Phúc Thọ, Hà Nội',NULL,NULL,NULL,NULL,NULL,NULL,NULL,'STUDENT',_binary '\0'),('637709','Lê Kim','Chi','63','CNTT','K66CNTTB','2002-05-12 00:00:00.000000','Nữ','5293118623','637709@sv.vnua.edu.vn','Huyện Thạch Thất, Hà Nội',NULL,NULL,NULL,NULL,NULL,NULL,NULL,'STUDENT',_binary '\0'),('637711','Hoàng Văn','Duy','63','TTNT','K66CNTTD','2002-05-12 00:00:00.000000','Nữ','3625629852','637711@sv.vnua.edu.vn','Huyện Hữu Lũng, Lạng Sơn',NULL,NULL,NULL,NULL,NULL,NULL,NULL,'STUDENT',_binary '\0'),('637718','Nguyễn Minh','Đức','63','CNTT','K66HTTT','2002-05-12 00:00:00.000000','Nữ','2047997058','637718@sv.vnua.edu.vn','Huyện ý Yên, Nam Định',NULL,NULL,NULL,NULL,NULL,NULL,NULL,'STUDENT',_binary '\0'),('637719','Đặng Gia','Đức','63','MMT','K66CNTTF','2002-05-12 00:00:00.000000','Nữ','8672477242','637719@sv.vnua.edu.vn','Thuận Thành, Bắc Ninh',NULL,NULL,NULL,NULL,NULL,NULL,NULL,'STUDENT',_binary '\0'),('637721','Nguyễn Hồng','Hải','63','MMT','K66TT','2002-05-12 00:00:00.000000','Nữ','4882969849','637721@sv.vnua.edu.vn','Tp. Ninh Bình, Ninh Bình',NULL,NULL,NULL,NULL,NULL,NULL,NULL,'STUDENT',_binary '\0'),('637732','Nguyễn Văn','Huy','63','TTNT','K67CNTTA','2002-05-12 00:00:00.000000','Nữ','8481928858','637732@sv.vnua.edu.vn','H. Hà Trung, Thanh Hoá',NULL,NULL,NULL,NULL,NULL,NULL,NULL,'STUDENT',_binary '\0'),('637733','Vũ Mạnh','Hùng','63','MMT','K67CNTT','2002-05-12 00:00:00.000000','Nam','9564122354','637733@sv.vnua.edu.vn','Quận Hoàng Mai, Hà Nội',NULL,NULL,NULL,NULL,NULL,NULL,NULL,'STUDENT',_binary '\0'),('637737','Trần Duy','Khánh','63','CNTT','K67CNTTB','2002-05-12 00:00:00.000000','Nam','929647712','637737@sv.vnua.edu.vn','Huyện Ba Vì, Hà Nội',NULL,NULL,NULL,NULL,NULL,NULL,NULL,'STUDENT',_binary '\0'),('637739','Vũ Trung','Kiên','63','CNTT','K67HTTT','2002-05-12 00:00:00.000000','Nữ','4717843095','637739@sv.vnua.edu.vn','Quận Hà Đông, Hà Nội',NULL,NULL,NULL,NULL,NULL,NULL,NULL,'STUDENT',_binary '\0'),('637747','Nguyễn Đức','Minh','63','CNTT','K67MMT','2002-05-12 00:00:00.000000','Nam','5555636536','637747@sv.vnua.edu.vn','Tp. Bắc Giang, Bắc Giang',NULL,NULL,NULL,NULL,NULL,NULL,NULL,'STUDENT',_binary '\0'),('637748','Nguyễn Hoài','Nam','63','TTNT','K67TT','2002-05-12 00:00:00.000000','Nữ','4268854820','637748@sv.vnua.edu.vn','Huyện Gia Lâm, Hà Nội',NULL,NULL,NULL,NULL,NULL,NULL,NULL,'STUDENT',_binary '\0'),('637805','Nguyễn Đắc','Cảnh','64','CNTT','K66CNTTA','2002-05-12 00:00:00.000000','Nam','9974676814','637805@sv.vnua.edu.vn','Đông Hưng, Thái Bình',NULL,NULL,NULL,NULL,NULL,NULL,NULL,'STUDENT',_binary '\0'),('642297','Nguyễn Mạnh','Quân','64','CNTT','K59HTTT','2002-05-12 00:00:00.000000','Nữ','6273725417','642297@sv.vnua.edu.vn','Quận Hoàng Mai, Hà Nội',NULL,NULL,NULL,NULL,NULL,NULL,NULL,'STUDENT',_binary '\0'),('642373','Lò Tuấn','Nam','64','CNTT','K57CNPM','2002-05-12 00:00:00.000000','Nữ','123112280','642373@sv.vnua.edu.vn','H. Mai Sơn, Sơn La',NULL,NULL,NULL,NULL,NULL,NULL,NULL,'STUDENT',_binary '\0'),('642460','Trần Văn','Thự','64','CNTT','K62CNTT','2002-05-12 00:00:00.000000','Nữ','5479996809','642460@sv.vnua.edu.vn','H. Đan Phượng, Hà Nội',NULL,NULL,NULL,NULL,NULL,NULL,NULL,'STUDENT',_binary '\0'),('642518','Lò Quang','Nhiệm','64','CNTT','K58HTTT','2002-05-12 00:00:00.000000','Nữ','7139355810','642518@sv.vnua.edu.vn','H. Sìn Hồ, Lai Châu',NULL,NULL,NULL,NULL,NULL,NULL,NULL,'STUDENT',_binary '\0'),('642606','Bùi Chính','Ngọc','64','MMT','K57CNTT','2002-05-12 00:00:00.000000','Nữ','7438435565','642606@sv.vnua.edu.vn','H. Kiến Xương, Thái Bình',NULL,NULL,NULL,NULL,NULL,NULL,NULL,'STUDENT',_binary '\0'),('642705','Vũ Văn','Ngọc','64','MMT','K57HTTT','2002-05-12 00:00:00.000000','Nữ','8121362347','642705@sv.vnua.edu.vn','H. Lạc Thủy, Hoà Bình',NULL,NULL,NULL,NULL,NULL,NULL,NULL,'STUDENT',_binary '\0'),('642961','Phạm Văn','Quyết','64','CNTT','K60CNPM','2002-05-12 00:00:00.000000','Nữ','7674887301','642961@sv.vnua.edu.vn','H. Mỹ Đức, Hà Nội',NULL,NULL,NULL,NULL,NULL,NULL,NULL,'STUDENT',_binary '\0'),('645412','Nguyễn Dương Việt','Nhật','64','TTNT','K58CNPM','2002-05-12 00:00:00.000000','Nữ','6799974595','645412@sv.vnua.edu.vn','H. Gia Lâm, Hà Nội',NULL,NULL,NULL,NULL,NULL,NULL,NULL,'STUDENT',_binary '\0'),('645678','Nguyễn Trung','Nhật','64','CNTT','K58CNTT','2002-05-12 00:00:00.000000','Nữ','337777498','645678@sv.vnua.edu.vn','Thị Xã Hoàng Mai, Nghệ A',NULL,NULL,NULL,NULL,NULL,NULL,NULL,'STUDENT',_binary '\0'),('645796','Trịnh Văn','Sang','64','CNTT','K60CNTT','2002-05-12 00:00:00.000000','Nam','1954308823','645796@sv.vnua.edu.vn','H. Lạng Giang, Bắc Giang',NULL,NULL,NULL,NULL,NULL,NULL,NULL,'STUDENT',_binary '\0'),('645859','Lê Minh','Thịnh','64','MMT','K61CNPMP','2002-05-12 00:00:00.000000','Nữ','8604101493','645859@sv.vnua.edu.vn','H. Gia Lâm, Hà Nội',NULL,NULL,NULL,NULL,NULL,NULL,NULL,'STUDENT',_binary '\0'),('645899','Nguyễn Thị','Trang','64','TTNT','K63ATTT','2002-05-12 00:00:00.000000','Nữ','2604607138','645899@sv.vnua.edu.vn','H. Thường Tín, Hà Nội',NULL,NULL,NULL,NULL,NULL,NULL,NULL,'STUDENT',_binary '\0'),('645926','Nguyễn Huy Hoàng','Anh','64','MMT','K56CNTT','2002-05-12 00:00:00.000000','Nữ','5848449547','645926@sv.vnua.edu.vn','H. Nam Sách, Hải Dương',NULL,NULL,NULL,NULL,NULL,NULL,NULL,'STUDENT',_binary '\0'),('646211','Nguyễn Tấn','Tài','64','TTNT','K60MMTP','2002-05-12 00:00:00.000000','Nữ','6618261624','646211@sv.vnua.edu.vn','H. ứng Hòa, Hà Nội',NULL,NULL,NULL,NULL,NULL,NULL,NULL,'STUDENT',_binary '\0'),('646217','Nguyễn Ngọc','Quảng','64','MMT','K59CNPM','2002-05-12 00:00:00.000000','Nữ','4286962085','646217@sv.vnua.edu.vn','TP Hải Dương, Hải Dương',NULL,NULL,NULL,NULL,NULL,NULL,NULL,'STUDENT',_binary '\0'),('646221','Lê Xuân','Thiện','64','CNTT','K61CNPM','2002-05-12 00:00:00.000000','Nam','1370107775','646221@sv.vnua.edu.vn','H. Quế Võ, Bắc Ninh',NULL,NULL,NULL,NULL,NULL,NULL,NULL,'STUDENT',_binary '\0'),('646241','Nguyễn Văn','Tiến','64','MMT','K62HTTT','2002-05-12 00:00:00.000000','Nữ','6667962730','646241@sv.vnua.edu.vn','TP Hải Dương, Hải Dương',NULL,NULL,NULL,NULL,NULL,NULL,NULL,'STUDENT',_binary '\0'),('646257','Trương Thị','Thu','64','MMT','K61CNTT','2002-05-12 00:00:00.000000','Nữ','3972727047','646257@sv.vnua.edu.vn','H. Kinh Môn, Hải Dương',NULL,NULL,NULL,NULL,NULL,NULL,NULL,'STUDENT',_binary '\0'),('646372','Nguyễn Đình','Thuyết','64','CNTT','K62CNPM','2002-05-12 00:00:00.000000','Nam','5171458409','646372@sv.vnua.edu.vn','H. Chương Mỹ, Hà Nội',NULL,NULL,NULL,NULL,NULL,NULL,NULL,'STUDENT',_binary '\0'),('646539','Đoàn Anh','Tú','64','CNTT','K63CNPM','2002-05-12 00:00:00.000000','Nữ','3830312303','646539@sv.vnua.edu.vn','H. Thanh Trì, Hà Nội',NULL,NULL,NULL,NULL,NULL,NULL,NULL,'STUDENT',_binary '\0'),('646617','Nguyễn Văn','Sơn','64','TTNT','K60HTTT','2002-05-12 00:00:00.000000','Nữ','8449713903','646617@sv.vnua.edu.vn','H. Cẩm Giàng, Hải Dương',NULL,NULL,NULL,NULL,NULL,NULL,NULL,'STUDENT',_binary '\0'),('646691','Lê Thị Phương','Thúy','64','TTNT','K61HTTT','2002-05-12 00:00:00.000000','Nữ','7035378278','646691@sv.vnua.edu.vn','H. Phú Xuyên, Hà Nội',NULL,NULL,NULL,NULL,NULL,NULL,NULL,'STUDENT',_binary '\0'),('646974','Hoàng Việt','Thắng','64','MMT','K61ATTT','2002-05-12 00:00:00.000000','Nữ','3082182657','646974@sv.vnua.edu.vn','H. An Dương, Hải Phòng',NULL,NULL,NULL,NULL,NULL,NULL,NULL,'STUDENT',_binary '\0'),('647076','Lê Minh','Quân','65','TTNT','K59CNTT','2002-05-12 00:00:00.000000','Nữ','8891190983','647076@sv.vnua.edu.vn','H. Gia Lâm, Hà Nội',NULL,NULL,NULL,NULL,NULL,NULL,NULL,'STUDENT',_binary '\0'),('650024','Hoàng Văn','Tuấn','65','CNTT','K67ATTT','2002-05-12 00:00:00.000000','Nữ','3371007579','650024@sv.vnua.edu.vn','TP Hải Dương, Hải Dương',NULL,NULL,NULL,NULL,NULL,NULL,NULL,'STUDENT',_binary '\0'),('650035','Dương Như','Quang','65','TTNT','K60CNPM','2002-05-12 00:00:00.000000','Nam','3013613949','650035@sv.vnua.edu.vn','Thuận Thành, Bắc Ninh',NULL,NULL,NULL,NULL,NULL,NULL,NULL,'STUDENT',_binary '\0'),('650037','Tạ Đình','Tuấn','65','TTNT','K66TT','2002-05-12 00:00:00.000000','Nam','4359568991','650037@sv.vnua.edu.vn','Thị Xã Hoàng Mai, Nghệ A',NULL,NULL,NULL,NULL,NULL,NULL,NULL,'STUDENT',_binary '\0'),('650129','Đỗ Văn','Đoàn','65','TTNT','K66CNTTB','2002-05-12 00:00:00.000000','Nữ','3141121418','650129@sv.vnua.edu.vn','Nga Sơn - Thanh Hoá',NULL,NULL,NULL,NULL,NULL,NULL,NULL,'STUDENT',_binary '\0'),('650142','Ngô Chí','Hiển','65','MMT','K62CNTT','2002-05-12 00:00:00.000000','Nữ','4543014272','650142@sv.vnua.edu.vn','Quận Hà Đông, Hà Nội',NULL,NULL,NULL,NULL,NULL,NULL,NULL,'STUDENT',_binary '\0'),('650147','Mai Ngọc','Tuấn','65','CNTT','K65TT','2002-05-12 00:00:00.000000','Nam','2863924440','650147@sv.vnua.edu.vn','H. Gia Lâm, Hà Nội',NULL,NULL,NULL,NULL,NULL,NULL,NULL,'STUDENT',_binary '\0'),('650148','Đỗ Văn','Tài','65','TTNT','K64ATTT','2002-05-12 00:00:00.000000','Nam','7151327165','650148@sv.vnua.edu.vn','Đông Sơn-Thanh Hoá',NULL,NULL,NULL,NULL,NULL,NULL,NULL,'STUDENT',_binary '\0'),('650149','Doãn Chí','Tường','65','TTNT','K61ATTT','2002-05-12 00:00:00.000000','Nữ','6554515456','650149@sv.vnua.edu.vn','Huyện Văn Lâm, Hưng Yên',NULL,NULL,NULL,NULL,NULL,NULL,NULL,'STUDENT',_binary '\0'),('650346','Trương Văn','Cường','65','MMT','K64HTTT','2002-05-12 00:00:00.000000','Nữ','4245806130','650346@sv.vnua.edu.vn','Giao Thủy, Nam Định',NULL,NULL,NULL,NULL,NULL,NULL,NULL,'STUDENT',_binary '\0'),('650390','Đỗ Mạnh','Công','65','CNTT','K65MMT','2002-05-12 00:00:00.000000','Nữ','178246426','650390@sv.vnua.edu.vn','H. Điện Biên , Điện Biên',NULL,NULL,NULL,NULL,NULL,NULL,NULL,'STUDENT',_binary '\0'),('650391','Trần Thế','Hoàng','65','MMT','K65CNTTA','2002-05-12 00:00:00.000000','Nữ','2436169857','650391@sv.vnua.edu.vn','H. Cẩm Giàng, Hải Dương',NULL,NULL,NULL,NULL,NULL,NULL,NULL,'STUDENT',_binary '\0'),('650400','Nguyễn Hoài','Sơn','65','CNTT','K63HTTT','2002-05-12 00:00:00.000000','Nữ','9238102749','650400@sv.vnua.edu.vn','H. Mai Sơn, Sơn La',NULL,NULL,NULL,NULL,NULL,NULL,NULL,'STUDENT',_binary '\0'),('650404','Trần Văn','Hà','65','CNTT','K67CNTT','2002-05-12 00:00:00.000000','Nữ','1883511443','650404@sv.vnua.edu.vn','Gia Lâm - Hà Nội',NULL,NULL,NULL,NULL,NULL,NULL,NULL,'STUDENT',_binary '\0'),('650414','Trịnh Việt','Hoàng','65','MMT','K64CNPM','2002-05-12 00:00:00.000000','Nam','4739853464','650414@sv.vnua.edu.vn','H. Lạc Thủy, Hoà Bình',NULL,NULL,NULL,NULL,NULL,NULL,NULL,'STUDENT',_binary '\0'),('650441','Trần Quang','Vinh','65','CNTT','K61ATTT','2002-05-12 00:00:00.000000','Nữ','6621201624','650441@sv.vnua.edu.vn','Giao Thủy, Nam Định',NULL,NULL,NULL,NULL,NULL,NULL,NULL,'STUDENT',_binary '\0'),('650446','Vương Ngọc','Duy','65','MMT','K58CNPM','2002-05-12 00:00:00.000000','Nữ','1892637055','650446@sv.vnua.edu.vn','H. Đan Phượng, Hà Nội',NULL,NULL,NULL,NULL,NULL,NULL,NULL,'STUDENT',_binary '\0'),('650467','Lê Quang','Đảng','65','CNTT','K60MMTP','2002-05-12 00:00:00.000000','Nữ','3294669444','650467@sv.vnua.edu.vn','H. Mường Chà Điện Biên',NULL,NULL,NULL,NULL,NULL,NULL,NULL,'STUDENT',_binary '\0'),('650489','Vũ Hoàng','Long','65','MMT','K59CNTT','2002-05-12 00:00:00.000000','Nữ','5060496477','650489@sv.vnua.edu.vn','Huyện Hữu Lũng, Lạng Sơn',NULL,NULL,NULL,NULL,NULL,NULL,NULL,'STUDENT',_binary '\0'),('650541','Đinh Quốc','Việt','65','TTNT','K63CNTT','2002-05-12 00:00:00.000000','Nữ','3357357963','650541@sv.vnua.edu.vn','H. Nam Sách, Hải Dương',NULL,NULL,NULL,NULL,NULL,NULL,NULL,'STUDENT',_binary '\0'),('650556','Trần Phúc','Ngọ','65','CNTT','K65MMT','2002-05-12 00:00:00.000000','Nữ','1315867542','650556@sv.vnua.edu.vn','H. Quế Võ, Bắc Ninh',NULL,NULL,NULL,NULL,NULL,NULL,NULL,'STUDENT',_binary '\0'),('650582','Nguyễn Thành','Hưng','65','TTNT','K66ATTT','2002-05-12 00:00:00.000000','Nữ','1073118056','650582@sv.vnua.edu.vn','H. Phú Xuyên, Hà Nội',NULL,NULL,NULL,NULL,NULL,NULL,NULL,'STUDENT',_binary '\0'),('650595','Phạm Đức','Anh','65','MMT','K65CNTTB','2002-05-12 00:00:00.000000','Nữ','1419696750','650595@sv.vnua.edu.vn','H. ứng Hòa, Hà Nội',NULL,NULL,NULL,NULL,NULL,NULL,NULL,'STUDENT',_binary '\0'),('650611','Nguyễn Đình','Thái','65','TTNT','K65CNPMB','2002-05-12 00:00:00.000000','Nữ','5513573024','650611@sv.vnua.edu.vn','Thuận Thành, Bắc Ninh',NULL,NULL,NULL,NULL,NULL,NULL,NULL,'STUDENT',_binary '\0'),('650622','Nguyễn Tuấn','Vinh','65','TTNT','K67CNPM','2002-05-12 00:00:00.000000','Nam','6495721678','650622@sv.vnua.edu.vn','Long Biên, Hà Nội',NULL,NULL,NULL,NULL,NULL,NULL,NULL,'STUDENT',_binary '\0'),('650659','Lương Văn','Thành','65','MMT','K64CNTT','2002-05-12 00:00:00.000000','Nữ','4119513671','650659@sv.vnua.edu.vn','Thuận Thành, Bắc Ninh',NULL,NULL,NULL,NULL,NULL,NULL,NULL,'STUDENT',_binary '\0'),('650706','Phạm Quang','Huy','65','CNTT','K65CNPM','2002-05-12 00:00:00.000000','Nữ','3658497612','650706@sv.vnua.edu.vn','Huyện Hữu Lũng, Lạng Sơn',NULL,NULL,NULL,NULL,NULL,NULL,NULL,'STUDENT',_binary '\0'),('650712','Phan Huy','Hoàng','65','CNTT','K66CNTTD','2002-05-12 00:00:00.000000','Nữ','2207555773','650712@sv.vnua.edu.vn','Văn Lâm - Hưng Yên',NULL,NULL,NULL,NULL,NULL,NULL,NULL,'STUDENT',_binary '\0'),('650749','Kiều Trung','Định','65','MMT','K61ATTT','2002-05-12 00:00:00.000000','Nữ','7185917998','650749@sv.vnua.edu.vn','H.Đông Anh - Hà Nội',NULL,NULL,NULL,NULL,NULL,NULL,NULL,'STUDENT',_binary '\0'),('650763','Tạ Minh','Hoàng','65','TTNT','K58HTTT','2002-05-12 00:00:00.000000','Nữ','4432247869','650763@sv.vnua.edu.vn','Nga Sơn - Thanh Hoá',NULL,NULL,NULL,NULL,NULL,NULL,NULL,'STUDENT',_binary '\0'),('650840','Nguyễn Phương','Đông','65','CNTT','K63CNPM','2002-05-12 00:00:00.000000','Nữ','8723589891','650840@sv.vnua.edu.vn','H. Thường Tín - Hà Nội',NULL,NULL,NULL,NULL,NULL,NULL,NULL,'STUDENT',_binary '\0'),('650868','Đàm Thuận','Hiếu','65','TTNT','K65HTTT','2002-05-12 00:00:00.000000','Nữ','8010400814','650868@sv.vnua.edu.vn','Huyện Văn Lâm, Hưng Yên',NULL,NULL,NULL,NULL,NULL,NULL,NULL,'STUDENT',_binary '\0'),('650921','Trử Tiến','Cương','65','MMT','K65CNPMB','2002-05-12 00:00:00.000000','Nữ','3446844849','650921@sv.vnua.edu.vn','H. Mỹ Đức, Hà Nội',NULL,NULL,NULL,NULL,NULL,NULL,NULL,'STUDENT',_binary '\0'),('650988','Phan Tuấn','Khanh','65','CNTT','K65CNTT','2002-05-12 00:00:00.000000','Nữ','6853079019','650988@sv.vnua.edu.vn','H. Lạng Giang, Bắc Giang',NULL,NULL,NULL,NULL,NULL,NULL,NULL,'STUDENT',_binary '\0'),('651007','Thạch Thọ','Khải','65','CNTT','K65CNTT','2002-05-12 00:00:00.000000','Nam','4672444813','651007@sv.vnua.edu.vn','Huyện ý Yên, Nam Định',NULL,NULL,NULL,NULL,NULL,NULL,NULL,'STUDENT',_binary '\0'),('651077','Lại Văn','Khải','65','CNTT','K59CNPM','2002-05-12 00:00:00.000000','Nữ','8259795475','651077@sv.vnua.edu.vn','Đông Hưng, Thái Bình',NULL,NULL,NULL,NULL,NULL,NULL,NULL,'STUDENT',_binary '\0'),('651083','Nguyễn Kiều','Trinh','65','MMT','K58HTTT','2002-05-12 00:00:00.000000','Nữ','3997116568','651083@sv.vnua.edu.vn','Huyện Thạch Thất, Hà Nội',NULL,NULL,NULL,NULL,NULL,NULL,NULL,'STUDENT',_binary '\0'),('651084','Lê Tuấn','Thành','65','TTNT','K61CNPMP','2002-05-12 00:00:00.000000','Nữ','4573262971','651084@sv.vnua.edu.vn','Long Biên, Hà Nội',NULL,NULL,NULL,NULL,NULL,NULL,NULL,'STUDENT',_binary '\0'),('651085','Lê Phúc','Vinh','65','MMT','K66CNTT','2002-05-12 00:00:00.000000','Nữ','2195493543','651085@sv.vnua.edu.vn','Đông Hưng - Thái Bình',NULL,NULL,NULL,NULL,NULL,NULL,NULL,'STUDENT',_binary '\0'),('651094','Nguyễn Minh','Đăng','65','CNTT','K60CNPM','2002-05-12 00:00:00.000000','Nữ','146188056','651094@sv.vnua.edu.vn','Đông Sơn-Thanh Hoá',NULL,NULL,NULL,NULL,NULL,NULL,NULL,'STUDENT',_binary '\0'),('651099','Lê Hồng','Anh','65','MMT','K65TTNT','2002-05-12 00:00:00.000000','Nữ','2280736949','651099@sv.vnua.edu.vn','H. Kinh Môn, Hải Dương',NULL,NULL,NULL,NULL,NULL,NULL,NULL,'STUDENT',_binary '\0'),('651107','Nguyễn Việt','Hưng','65','CNTT','K58CNTT','2002-05-12 00:00:00.000000','Nữ','3490785993','651107@sv.vnua.edu.vn','TP Hải Dương, Hải Dương',NULL,NULL,NULL,NULL,NULL,NULL,NULL,'STUDENT',_binary '\0'),('651157','Quản Trọng','Toàn','65','TTNT','K65ATTT','2002-05-12 00:00:00.000000','Nữ','5634426911','651157@sv.vnua.edu.vn','Thanh Oai - Hà Nội',NULL,NULL,NULL,NULL,NULL,NULL,NULL,'STUDENT',_binary '\0'),('651165','Nguyễn Đức','Tùng','65','TTNT','K60HTTT','2002-05-12 00:00:00.000000','Nữ','2192963329','651165@sv.vnua.edu.vn','H. Sóc Sơn Hà Nội',NULL,NULL,NULL,NULL,NULL,NULL,NULL,'STUDENT',_binary '\0'),('651185','Nguyễn Đăng','Long','65','CNTT','K65ATTT','2002-05-12 00:00:00.000000','Nữ','8994577681','651185@sv.vnua.edu.vn','TP Hải Dương, Hải Dương',NULL,NULL,NULL,NULL,NULL,NULL,NULL,'STUDENT',_binary '\0'),('651205','Đoàn Quốc','Trường','65','CNTT','K65CNTTB','2002-05-12 00:00:00.000000','Nữ','6430762767','651205@sv.vnua.edu.vn','TP. Hải Dương Hải Dương',NULL,NULL,NULL,NULL,NULL,NULL,NULL,'STUDENT',_binary '\0'),('651228','Phan Thị Ngọc','ánh','65','TTNT','K58CNTT','2002-05-12 00:00:00.000000','Nữ','4760831908','651228@sv.vnua.edu.vn','Đông Hưng, Thái Bình',NULL,NULL,NULL,NULL,NULL,NULL,NULL,'STUDENT',_binary '\0'),('651254','Vũ Tiến','Mạnh','65','CNTT','K66CNPM','2002-05-12 00:00:00.000000','Nữ','4625899374','651254@sv.vnua.edu.vn','Hoài Đức - Hà Nội',NULL,NULL,NULL,NULL,NULL,NULL,NULL,'STUDENT',_binary '\0'),('651288','Bùi Tố Thành','Hưng','65','CNTT','K64ATTT','2002-05-12 00:00:00.000000','Nữ','3603333299','651288@sv.vnua.edu.vn','H. Kiến Xương, Thái Bình',NULL,NULL,NULL,NULL,NULL,NULL,NULL,'STUDENT',_binary '\0'),('651307','Nguyễn Minh','Đức','65','MMT','K61HTTT','2002-05-12 00:00:00.000000','Nữ','5937493801','651307@sv.vnua.edu.vn','Đông Hưng, Thái Bình',NULL,NULL,NULL,NULL,NULL,NULL,NULL,'STUDENT',_binary '\0'),('651337','Lã Minh','Tuấn','65','TTNT','K63ATTT','2002-05-12 00:00:00.000000','Nữ','5053029675','651337@sv.vnua.edu.vn','H. Kim Bảng-Hà Nam',NULL,NULL,NULL,NULL,NULL,NULL,NULL,'STUDENT',_binary '\0'),('651370','Nguyễn Danh','Đức','65','MMT','K67CNTT','2002-05-12 00:00:00.000000','Nữ','9323739919','651370@sv.vnua.edu.vn','Quận Hoàng Mai, Hà Nội',NULL,NULL,NULL,NULL,NULL,NULL,NULL,'STUDENT',_binary '\0'),('651420','Phạm Thị Huyền','Trang','65','MMT','K67CNPM','2002-05-12 00:00:00.000000','Nữ','186260590','651420@sv.vnua.edu.vn','Huyện Tiên Lữ - Hưng Yên',NULL,NULL,NULL,NULL,NULL,NULL,NULL,'STUDENT',_binary '\0'),('651429','Bùi Văn','An','65','CNTT','K64CNTTA','2002-05-12 00:00:00.000000','Nữ','4557310584','651429@sv.vnua.edu.vn','Thị Xã Hoàng Mai, Nghệ A',NULL,NULL,NULL,NULL,NULL,NULL,NULL,'STUDENT',_binary '\0'),('651442','Nguyễn Xuân','Lộc','65','CNTT','K64CNTTA','2002-05-12 00:00:00.000000','Nam','6776177066','651442@sv.vnua.edu.vn','H. Mường Chà Điện Biên',NULL,NULL,NULL,NULL,NULL,NULL,NULL,'STUDENT',_binary '\0'),('651512','Nguyễn Minh','Hiếu','65','TTNT','K66MMT','2002-05-12 00:00:00.000000','Nữ','2824243679','651512@sv.vnua.edu.vn','H. Gia Lâm, Hà Nội',NULL,NULL,NULL,NULL,NULL,NULL,NULL,'STUDENT',_binary '\0'),('651514','Nguyễn Hữu','An','65','TTNT','K66CNTT','2002-05-12 00:00:00.000000','Nữ','8254171278','651514@sv.vnua.edu.vn','Quận Hà Đông, Hà Nội',NULL,NULL,NULL,NULL,NULL,NULL,NULL,'STUDENT',_binary '\0'),('651578','Nguyễn Hoàng','Dũng','65','CNTT','K63CNTT','2002-05-12 00:00:00.000000','Nữ','9720215233','651578@sv.vnua.edu.vn',' TP. Hà Nội',NULL,NULL,NULL,NULL,NULL,NULL,NULL,'STUDENT',_binary '\0'),('651610','Nguyễn Thị Thanh','Vân','65','TTNT','K58CNPM','2002-05-12 00:00:00.000000','Nữ','4457255849','651610@sv.vnua.edu.vn','Thuận Thành, Bắc Ninh',NULL,NULL,NULL,NULL,NULL,NULL,NULL,'STUDENT',_binary '\0'),('651626','Lê Anh','Tuấn','65','MMT','K60MMTP','2002-05-12 00:00:00.000000','Nữ','7372322526','651626@sv.vnua.edu.vn','Tp. Ninh Bình, Ninh Bình',NULL,NULL,NULL,NULL,NULL,NULL,NULL,'STUDENT',_binary '\0'),('651634','Bùi Quang','Đăng','65','MMT','K67CNTTB','2002-05-12 00:00:00.000000','Nữ','4246764112','651634@sv.vnua.edu.vn','H.Vĩnh Tường - Vĩnh Phúc',NULL,NULL,NULL,NULL,NULL,NULL,NULL,'STUDENT',_binary '\0'),('651635','Lê Thuận','An','65','MMT','K67CNPM','2002-05-12 00:00:00.000000','Nữ','2182431739','651635@sv.vnua.edu.vn','H. Gia Lâm, Hà Nội',NULL,NULL,NULL,NULL,NULL,NULL,NULL,'STUDENT',_binary '\0'),('651659','Cao Minh','Hữu','65','CNTT','K67CNTTB','2002-05-12 00:00:00.000000','Nữ','9153845420','651659@sv.vnua.edu.vn','H. Lạng Giang, Bắc Giang',NULL,NULL,NULL,NULL,NULL,NULL,NULL,'STUDENT',_binary '\0'),('651668','Phạm Quang','Hưng','65','MMT','K67TT','2002-05-12 00:00:00.000000','Nữ','4367802986','651668@sv.vnua.edu.vn','H. Kim Bảng-Hà Nam',NULL,NULL,NULL,NULL,NULL,NULL,NULL,'STUDENT',_binary '\0'),('651693','Trần Thị Ngọc','ánh','65','CNTT','K62HTTT','2002-05-12 00:00:00.000000','Nữ','6823926542','651693@sv.vnua.edu.vn','Huyện Bát Xát - Lào Cai',NULL,NULL,NULL,NULL,NULL,NULL,NULL,'STUDENT',_binary '\0'),('651694','Nguyễn Quý','Hiệp','65','MMT','K65TT','2002-05-12 00:00:00.000000','Nữ','5580351118','651694@sv.vnua.edu.vn','Huyện Đông Anh, Hà Nội',NULL,NULL,NULL,NULL,NULL,NULL,NULL,'STUDENT',_binary '\0'),('651716','Bùi Minh','Phúc','65','CNTT','K65ATTT','2002-05-12 00:00:00.000000','Nữ','9109684109','651716@sv.vnua.edu.vn','Đông Hưng, Thái Bình',NULL,NULL,NULL,NULL,NULL,NULL,NULL,'STUDENT',_binary '\0'),('651763','Đỗ Nhu','Cầu','65','MMT','K65CNPMA','2002-05-12 00:00:00.000000','Nữ','6707662527','651763@sv.vnua.edu.vn','Huyện ý Yên, Nam Định',NULL,NULL,NULL,NULL,NULL,NULL,NULL,'STUDENT',_binary '\0'),('651768','Ngô Văn','Huy','65','CNTT','K66HTTT','2002-05-12 00:00:00.000000','Nữ','207411373','651768@sv.vnua.edu.vn','Gia Lâm - Hà Nội',NULL,NULL,NULL,NULL,NULL,NULL,NULL,'STUDENT',_binary '\0'),('651808','Nguyễn Văn','Dương','65','MMT','K65CNTT','2002-05-12 00:00:00.000000','Nữ','2627561608','651808@sv.vnua.edu.vn','Gia Lâm - Hà Nội',NULL,NULL,NULL,NULL,NULL,NULL,NULL,'STUDENT',_binary '\0'),('651828','Lê Văn','Bình','65','TTNT','K67HTTT','2002-05-12 00:00:00.000000','Nam','4154110947','651828@sv.vnua.edu.vn','Huyện Mỹ Đức - Hà Nội',NULL,NULL,NULL,NULL,NULL,NULL,NULL,'STUDENT',_binary '\0'),('651834','Hoàng Công Nhật','Anh','65','TTNT','K66CNTT','2002-05-12 00:00:00.000000','Nữ','7337889874','651834@sv.vnua.edu.vn','Huyện Mỹ Đức - Hà Nội',NULL,NULL,NULL,NULL,NULL,NULL,NULL,'STUDENT',_binary '\0'),('651835','Trần Khánh','Khôi','65','TTNT','K66CNTTA','2002-05-12 00:00:00.000000','Nữ','5357456266','651835@sv.vnua.edu.vn','Huyện Bát Xát - Lào Cai',NULL,NULL,NULL,NULL,NULL,NULL,NULL,'STUDENT',_binary '\0'),('651836','Đặng Vũ','Hiệp','65','CNTT','K65CNTTB','2002-05-12 00:00:00.000000','Nữ','3747470747','651836@sv.vnua.edu.vn','Quận Hoàn Kiếm - Hà Nội',NULL,NULL,NULL,NULL,NULL,NULL,NULL,'STUDENT',_binary '\0'),('651863','Phạm Hữu','Sang','65','CNTT','K61CNTT','2002-05-12 00:00:00.000000','Nam','691729191','651863@sv.vnua.edu.vn','Quận Hoàng Mai, Hà Nội',NULL,NULL,NULL,NULL,NULL,NULL,NULL,'STUDENT',_binary '\0'),('651881','Phạm Đức','Nghĩa','65','CNTT','K63ATTT','2002-05-12 00:00:00.000000','Nữ','7184107685','651881@sv.vnua.edu.vn','Huyện Tứ Kỳ - Hải Dương',NULL,NULL,NULL,NULL,NULL,NULL,NULL,'STUDENT',_binary '\0'),('651915','Phan Tất Quốc','Thịnh','65','TTNT','K66CNTTF','2002-05-12 00:00:00.000000','Nữ','2587792991','651915@sv.vnua.edu.vn','Bắc Giang - Bắc Giang',NULL,NULL,NULL,NULL,NULL,NULL,NULL,'STUDENT',_binary '\0'),('651938','Trần Quang','Hà','65','TTNT','K57CNTT','2002-05-12 00:00:00.000000','Nữ','7626663117','651938@sv.vnua.edu.vn','Yên Mô - Ninh Bình',NULL,NULL,NULL,NULL,NULL,NULL,NULL,'STUDENT',_binary '\0'),('651954','Nguyễn Quang','Thiện','65','MMT','K66HTTT','2002-05-12 00:00:00.000000','Nữ','3135197577','651954@sv.vnua.edu.vn','TX. Từ  Sơn Bắc Ninh',NULL,NULL,NULL,NULL,NULL,NULL,NULL,'STUDENT',_binary '\0'),('652004','Âu Tùng','Anh','65','CNTT','K66CNTTC','2002-05-12 00:00:00.000000','Nữ','4572053467','652004@sv.vnua.edu.vn','Thanh Oai - Hà Nội',NULL,NULL,NULL,NULL,NULL,NULL,NULL,'STUDENT',_binary '\0'),('652007','Lê Tuấn','Dương','65','MMT','K63CNPM','2002-05-12 00:00:00.000000','Nữ','5370983694','652007@sv.vnua.edu.vn','Huyện Phúc Thọ, Hà Nội',NULL,NULL,NULL,NULL,NULL,NULL,NULL,'STUDENT',_binary '\0'),('652010','Nguyễn Mậu','Thành','65','CNTT','K57CNTT','2002-05-12 00:00:00.000000','Nam','4621032081','652010@sv.vnua.edu.vn','Tx. Từ  Sơn - Bắc Ninh',NULL,NULL,NULL,NULL,NULL,NULL,NULL,'STUDENT',_binary '\0'),('652011','Nguyễn Đình Quốc','Tuấn','65','MMT','K59CNPM','2002-05-12 00:00:00.000000','Nữ','9456017697','652011@sv.vnua.edu.vn','H. Thanh Trì, Hà Nội',NULL,NULL,NULL,NULL,NULL,NULL,NULL,'STUDENT',_binary '\0'),('652040','Tô Minh','Thuận','65','CNTT','K62CNPM','2002-05-12 00:00:00.000000','Nữ','9412463236','652040@sv.vnua.edu.vn','Đông Anh, Hà Nội',NULL,NULL,NULL,NULL,NULL,NULL,NULL,'STUDENT',_binary '\0'),('652046','Vũ Thanh','Tiến','65','TTNT','K67TT','2002-05-12 00:00:00.000000','Nữ','9872103430','652046@sv.vnua.edu.vn','H. An Dương, Hải Phòng',NULL,NULL,NULL,NULL,NULL,NULL,NULL,'STUDENT',_binary '\0'),('652056','Lâm Đức','Thành','65','TTNT','K65TTNT','2002-05-12 00:00:00.000000','Nữ','5564036913','652056@sv.vnua.edu.vn','H. Thanh Oai-Hà Nội',NULL,NULL,NULL,NULL,NULL,NULL,NULL,'STUDENT',_binary '\0'),('652074','Nguyễn Thị Khánh','Linh','65','CNTT','K67MMT','2002-05-12 00:00:00.000000','Nữ','9725092693','652074@sv.vnua.edu.vn','Huyện Bát Xát - Lào Cai',NULL,NULL,NULL,NULL,NULL,NULL,NULL,'STUDENT',_binary '\0'),('652085','Đặng Văn','Đức','65','TTNT','K67CNTTA','2002-05-12 00:00:00.000000','Nam','6966980345','652085@sv.vnua.edu.vn','H. Mỹ Đức, Hà Nội',NULL,NULL,NULL,NULL,NULL,NULL,NULL,'STUDENT',_binary '\0'),('652112','Nguyễn Công','Huy','65','CNTT','K67HTTT','2002-05-12 00:00:00.000000','Nữ','4295544247','652112@sv.vnua.edu.vn','H. Cẩm Giàng, Hải Dương',NULL,NULL,NULL,NULL,NULL,NULL,NULL,'STUDENT',_binary '\0'),('652127','Hoàng Vũ Hải','Băng','65','MMT','K67TTNT','2002-05-12 00:00:00.000000','Nữ','5244631030','652127@sv.vnua.edu.vn','H. Thường Tín - Hà Nội',NULL,NULL,NULL,NULL,NULL,NULL,NULL,'STUDENT',_binary '\0'),('652147','Trần Thị Lan','Anh','65','TTNT','K56CNTT','2002-05-12 00:00:00.000000','Nữ','6353576890','652147@sv.vnua.edu.vn','Quận Thanh Xuân - Hà Nội',NULL,NULL,NULL,NULL,NULL,NULL,NULL,'STUDENT',_binary '\0'),('652166','Phạm Tiến','Dũng','65','TTNT','K62CNTT','2002-05-12 00:00:00.000000','Nữ','1064919113','652166@sv.vnua.edu.vn','Huyện Mỹ Đức - Hà Nội',NULL,NULL,NULL,NULL,NULL,NULL,NULL,'STUDENT',_binary '\0'),('652181','Nguyễn Hải','Nam','65','MMT','K57CNPM','2002-05-12 00:00:00.000000','Nữ','3831048168','652181@sv.vnua.edu.vn','H. Thanh Oai-Hà Nội',NULL,NULL,NULL,NULL,NULL,NULL,NULL,'STUDENT',_binary '\0'),('652184','Khổng Xuân','Việt','65','TTNT','K60CNTT','2002-05-12 00:00:00.000000','Nữ','5687325167','652184@sv.vnua.edu.vn','Gia Lâm - Hà Nội',NULL,NULL,NULL,NULL,NULL,NULL,NULL,'STUDENT',_binary '\0'),('652186','Đỗ Tiến','Mạnh','65','CNTT','K65CNTTB','2002-05-12 00:00:00.000000','Nữ','1941710150','652186@sv.vnua.edu.vn','Tp. Ninh Bình, Ninh Bình',NULL,NULL,NULL,NULL,NULL,NULL,NULL,'STUDENT',_binary '\0'),('652251','Lê Công','Hoàng','65','CNTT','K66CNTTE','2002-05-12 00:00:00.000000','Nữ','8583381091','652251@sv.vnua.edu.vn','H. Mai Sơn, Sơn La',NULL,NULL,NULL,NULL,NULL,NULL,NULL,'STUDENT',_binary '\0'),('652265','Phạm Thành','Chung','65','MMT','K65ATTT','2002-05-12 00:00:00.000000','Nữ','3115129634','652265@sv.vnua.edu.vn','Hoa Lư, Ninh Bình',NULL,NULL,NULL,NULL,NULL,NULL,NULL,'STUDENT',_binary '\0'),('652305','Lê Đức Việt','Hoàng','65','CNTT','K65CNTTA','2002-05-12 00:00:00.000000','Nữ','2860015858','652305@sv.vnua.edu.vn','Huyện Phúc Thọ, Hà Nội',NULL,NULL,NULL,NULL,NULL,NULL,NULL,'STUDENT',_binary '\0'),('652358','Nguyễn Xuân','Ngát','65','MMT','K66CNTTF','2002-05-12 00:00:00.000000','Nữ','8506966330','652358@sv.vnua.edu.vn','Đông Sơn-Thanh Hoá',NULL,NULL,NULL,NULL,NULL,NULL,NULL,'STUDENT',_binary '\0'),('652371','Nguyễn Minh','Đức','65','TTNT','K65CNPM','2002-05-12 00:00:00.000000','Nữ','2355811830','652371@sv.vnua.edu.vn','Long Biên, Hà Nội',NULL,NULL,NULL,NULL,NULL,NULL,NULL,'STUDENT',_binary '\0'),('652400','Trương Tuấn','Đạt','65','TTNT','K65TT','2002-05-12 00:00:00.000000','Nữ','1989279881','652400@sv.vnua.edu.vn','TP. Phủ Lý Hà Nam',NULL,NULL,NULL,NULL,NULL,NULL,NULL,'STUDENT',_binary '\0'),('652411','Phạm Thanh','Tâm','65','MMT','K58CNTT','2002-05-12 00:00:00.000000','Nữ','3726282787','652411@sv.vnua.edu.vn','Vĩnh Tường - Vĩnh Phúc',NULL,NULL,NULL,NULL,NULL,NULL,NULL,'STUDENT',_binary '\0'),('652413','Nguyễn Đức Tùng','Dương','65','TTNT','K66TTNT','2002-05-12 00:00:00.000000','Nam','2260117207','652413@sv.vnua.edu.vn','H.Đông Anh - Hà Nội',NULL,NULL,NULL,NULL,NULL,NULL,NULL,'STUDENT',_binary '\0'),('652461','Nguyễn Xuân Trung','Hiếu','65','CNTT','K66TTNT','2002-05-12 00:00:00.000000','Nữ','4587350026','652461@sv.vnua.edu.vn','Giao Thủy, Nam Định',NULL,NULL,NULL,NULL,NULL,NULL,NULL,'STUDENT',_binary '\0'),('652487','Nguyễn Hữu','Hiếu','65','CNTT','K67CNTTA','2002-05-12 00:00:00.000000','Nữ','2472267146','652487@sv.vnua.edu.vn','Đông Hưng, Thái Bình',NULL,NULL,NULL,NULL,NULL,NULL,NULL,'STUDENT',_binary '\0'),('652494','Nguyễn Thị Minh','Thu','65','MMT','K67ATTT','2002-05-12 00:00:00.000000','Nữ','7255249703','652494@sv.vnua.edu.vn','Hoa Lư, Ninh Bình',NULL,NULL,NULL,NULL,NULL,NULL,NULL,'STUDENT',_binary '\0'),('652533','Nguyễn Thế','Danh','65','CNTT','K67CNTTB','2002-05-12 00:00:00.000000','Nam','5884148539','652533@sv.vnua.edu.vn','Đông Anh, Hà Nội',NULL,NULL,NULL,NULL,NULL,NULL,NULL,'STUDENT',_binary '\0'),('652537','Vũ Hoàng','Yến','65','TTNT','K63HTTT','2002-05-12 00:00:00.000000','Nữ','2700323366','652537@sv.vnua.edu.vn','Huyện Lý Nhân - Hà Nam',NULL,NULL,NULL,NULL,NULL,NULL,NULL,'STUDENT',_binary '\0'),('652560','Nguyễn Quốc','Huy','65','CNTT','K61CNTT','2002-05-12 00:00:00.000000','Nữ','7256789242','652560@sv.vnua.edu.vn','Gia Lâm - Hà Nội',NULL,NULL,NULL,NULL,NULL,NULL,NULL,'STUDENT',_binary '\0'),('652575','Vũ Minh','Chiến','65','CNTT','K59CNTT','2002-05-12 00:00:00.000000','Nữ','9016830058','652575@sv.vnua.edu.vn','Văn Lâm - Hưng Yên',NULL,NULL,NULL,NULL,NULL,NULL,NULL,'STUDENT',_binary '\0'),('652582','Vũ Quốc','Đạt','65','TTNT','K60CNPM','2002-05-12 00:00:00.000000','Nữ','8553795454','652582@sv.vnua.edu.vn','Bắc Giang - Bắc Giang',NULL,NULL,NULL,NULL,NULL,NULL,NULL,'STUDENT',_binary '\0'),('652585','Hoàng Đức','Lương','65','MMT','K56CNTT','2002-05-12 00:00:00.000000','Nữ','6570196048','652585@sv.vnua.edu.vn','TP. Phủ Lý Hà Nam',NULL,NULL,NULL,NULL,NULL,NULL,NULL,'STUDENT',_binary '\0'),('652591','Vũ Văn','Thuyên','65','CNTT','K66TT','2002-05-12 00:00:00.000000','Nữ','4586016522','652591@sv.vnua.edu.vn','H. Mường Chà Điện Biên',NULL,NULL,NULL,NULL,NULL,NULL,NULL,'STUDENT',_binary '\0'),('652621','Phan Tiến','Mạnh','65','CNTT','K65TTNT','2002-05-12 00:00:00.000000','Nữ','3909772931','652621@sv.vnua.edu.vn','Gia Lâm - Hà Nội',NULL,NULL,NULL,NULL,NULL,NULL,NULL,'STUDENT',_binary '\0'),('652647','Trần Mạnh','Quỳnh','65','CNTT','K66HTTT','2002-05-12 00:00:00.000000','Nữ','4618231374','652647@sv.vnua.edu.vn','H. Lạc Thủy, Hoà Bình',NULL,NULL,NULL,NULL,NULL,NULL,NULL,'STUDENT',_binary '\0'),('652673','Đặng Tuấn','Kiệt','65','TTNT','K62CNPM','2002-05-12 00:00:00.000000','Nữ','4527284492','652673@sv.vnua.edu.vn','Huyện Ba Vì, Hà Nội',NULL,NULL,NULL,NULL,NULL,NULL,NULL,'STUDENT',_binary '\0'),('652694','Trần Thị Phương','Thảo','65','MMT','K66TTNT','2002-05-12 00:00:00.000000','Nữ','1091191935','652694@sv.vnua.edu.vn','H. Sìn Hồ, Lai Châu',NULL,NULL,NULL,NULL,NULL,NULL,NULL,'STUDENT',_binary '\0'),('652712','Trương Xuân','Hà','65','CNTT','K65TTNT','2002-05-12 00:00:00.000000','Nữ','8588356733','652712@sv.vnua.edu.vn','Quận Hoàng Mai, Hà Nội',NULL,NULL,NULL,NULL,NULL,NULL,NULL,'STUDENT',_binary '\0'),('652774','Nguyễn Minh','Hiếu','65','TTNT','K67HTTT','2002-05-12 00:00:00.000000','Nữ','9620727345','652774@sv.vnua.edu.vn','Q. Long Biên Hà Nội',NULL,NULL,NULL,NULL,NULL,NULL,NULL,'STUDENT',_binary '\0'),('653002','Khúc Quang','Huy','65','CNTT','K64CNTTA','2002-05-12 00:00:00.000000','Nữ','28931714','653002@sv.vnua.edu.vn','Vĩnh Tường - Vĩnh Phúc',NULL,NULL,NULL,NULL,NULL,NULL,NULL,'STUDENT',_binary '\0'),('653006','Nguyễn Thị Vân','Anh','65','MMT','K67CNTTA','2002-05-12 00:00:00.000000','Nữ','1564795683','653006@sv.vnua.edu.vn','Huyện Mỹ Hào - Hưng Yên',NULL,NULL,NULL,NULL,NULL,NULL,NULL,'STUDENT',_binary '\0'),('653020','Phạm Mạnh','Hùng','65','TTNT','K65CNTTA','2002-05-12 00:00:00.000000','Nữ','6745690144','653020@sv.vnua.edu.vn','Q. Long Biên Hà Nội',NULL,NULL,NULL,NULL,NULL,NULL,NULL,'STUDENT',_binary '\0'),('653032','Ngô Minh','Quang','65','CNTT','K66CNPM','2002-05-12 00:00:00.000000','Nữ','6842703303','653032@sv.vnua.edu.vn','H. Chương Mỹ, Hà Nội',NULL,NULL,NULL,NULL,NULL,NULL,NULL,'STUDENT',_binary '\0'),('653158','Nguyễn Thắng','Thành','65','MMT','K67MMT','2002-05-12 00:00:00.000000','Nữ','9437946082','653158@sv.vnua.edu.vn','H. ứng Hòa, Hà Nội',NULL,NULL,NULL,NULL,NULL,NULL,NULL,'STUDENT',_binary '\0'),('653186','Lưu Đình','Hải','65','CNTT','K56CNTT','2002-05-12 00:00:00.000000','Nam','7939464451','653186@sv.vnua.edu.vn','H. Gia Lâm, Hà Nội',NULL,NULL,NULL,NULL,NULL,NULL,NULL,'STUDENT',_binary '\0'),('653196','Lê Đức','Linh','65','TTNT','K65CNPMA','2002-05-12 00:00:00.000000','Nam','5874812711','653196@sv.vnua.edu.vn','Quận Hoàng Mai, Hà Nội',NULL,NULL,NULL,NULL,NULL,NULL,NULL,'STUDENT',_binary '\0'),('653248','Nguyễn Tuấn','Anh','65','TTNT','K61CNTT','2002-05-12 00:00:00.000000','Nữ','7867809481','653248@sv.vnua.edu.vn','Gia Lâm, Hà Nội',NULL,NULL,NULL,NULL,NULL,NULL,NULL,'STUDENT',_binary '\0'),('653263','Đào Tuấn','Anh','65','CNTT','K67TTNT','2002-05-12 00:00:00.000000','Nữ','893606553','653263@sv.vnua.edu.vn','H. Quế Võ, Bắc Ninh',NULL,NULL,NULL,NULL,NULL,NULL,NULL,'STUDENT',_binary '\0'),('653283','Đoàn Văn','Hưởng','65','CNTT','K57CNPM','2002-05-12 00:00:00.000000','Nam','4898686004','653283@sv.vnua.edu.vn','H. Kinh Môn, Hải Dương',NULL,NULL,NULL,NULL,NULL,NULL,NULL,'STUDENT',_binary '\0'),('653284','Nguyễn Đức','Đạo','65','CNTT','K64CNPM','2002-05-12 00:00:00.000000','Nam','1870113129','653284@sv.vnua.edu.vn','Hoài Đức - Hà Nội',NULL,NULL,NULL,NULL,NULL,NULL,NULL,'STUDENT',_binary '\0'),('653294','Nguyễn Thị Khánh','Huyền','65','CNTT','K59HTTT','2002-05-12 00:00:00.000000','Nam','4360647317','653294@sv.vnua.edu.vn','H. Tiên Du-Bắc Ninh',NULL,NULL,NULL,NULL,NULL,NULL,NULL,'STUDENT',_binary '\0'),('653313','Hà Thanh','Long','65','TTNT','K65HTTT','2002-05-12 00:00:00.000000','Nữ','5373316385','653313@sv.vnua.edu.vn','H. An Dương, Hải Phòng',NULL,NULL,NULL,NULL,NULL,NULL,NULL,'STUDENT',_binary '\0'),('653316','Dương Nhật','Khánh','65','MMT','K63ATTT','2002-05-12 00:00:00.000000','Nữ','3643005315','653316@sv.vnua.edu.vn','Huyện Gia Lâm, Hà Nội',NULL,NULL,NULL,NULL,NULL,NULL,NULL,'STUDENT',_binary '\0'),('653383','Đinh Trọng','Thắng','65','CNTT','K59HTTT','2002-05-12 00:00:00.000000','Nữ','3057931843','653383@sv.vnua.edu.vn','Hoài Đức - Hà Nội',NULL,NULL,NULL,NULL,NULL,NULL,NULL,'STUDENT',_binary '\0'),('653483','Nguyễn Đức','Duy','65','CNTT','K67TTNT','2002-05-12 00:00:00.000000','Nữ','5555256931','653483@sv.vnua.edu.vn','H. Điện Biên , Điện Biên',NULL,NULL,NULL,NULL,NULL,NULL,NULL,'STUDENT',_binary '\0'),('653492','Lê Trần Quốc','Huy','65','CNTT','K59CNPM','2002-05-12 00:00:00.000000','Nữ','8346593650','653492@sv.vnua.edu.vn','Thanh Oai - Hà Nội',NULL,NULL,NULL,NULL,NULL,NULL,NULL,'STUDENT',_binary '\0'),('653517','Nguyễn Trung','Thành','65','TTNT','K61CNPMP','2002-05-12 00:00:00.000000','Nữ','8047788274','653517@sv.vnua.edu.vn','Huyện Tiên Lữ - Hưng Yên',NULL,NULL,NULL,NULL,NULL,NULL,NULL,'STUDENT',_binary '\0'),('653522','Nguyễn Hoàng','Tiến','65','MMT','K64ATTT','2002-05-12 00:00:00.000000','Nữ','5831505574','653522@sv.vnua.edu.vn','Tx. Từ  Sơn - Bắc Ninh',NULL,NULL,NULL,NULL,NULL,NULL,NULL,'STUDENT',_binary '\0'),('653602','Đào Mạnh','Dũng','65','CNTT','K65CNPMA','2002-05-12 00:00:00.000000','Nữ','539271661','653602@sv.vnua.edu.vn','Gia Lâm, Hà Nội',NULL,NULL,NULL,NULL,NULL,NULL,NULL,'STUDENT',_binary '\0'),('653612','Vũ Huy','Đại','65','CNTT','K64CNPM','2002-05-12 00:00:00.000000','Nam','8440926419','653612@sv.vnua.edu.vn','H.Đông Anh - Hà Nội',NULL,NULL,NULL,NULL,NULL,NULL,NULL,'STUDENT',_binary '\0'),('653636','Vũ Đình','Tuyền','65','TTNT','K64HTTT','2002-05-12 00:00:00.000000','Nữ','4194810138','653636@sv.vnua.edu.vn','Huyện Thạch Thất, Hà Nội',NULL,NULL,NULL,NULL,NULL,NULL,NULL,'STUDENT',_binary '\0'),('653653','Nguyễn Văn','Chiến','65','CNTT','K57CNPM','2002-05-12 00:00:00.000000','Nữ','9362482136','653653@sv.vnua.edu.vn','Huyện Lý Nhân - Hà Nam',NULL,NULL,NULL,NULL,NULL,NULL,NULL,'STUDENT',_binary '\0'),('653656','Trần Tuấn','Dũng','65','TTNT','K64CNPM','2002-05-12 00:00:00.000000','Nam','3864646268','653656@sv.vnua.edu.vn','TX. Từ  Sơn Bắc Ninh',NULL,NULL,NULL,NULL,NULL,NULL,NULL,'STUDENT',_binary '\0'),('653690','Vũ Hoàng','Anh','65','MMT','K66CNTTA','2002-05-12 00:00:00.000000','Nữ','5322574399','653690@sv.vnua.edu.vn','Vĩnh Tường - Vĩnh Phúc',NULL,NULL,NULL,NULL,NULL,NULL,NULL,'STUDENT',_binary '\0'),('653721','Đoàn Nông','Bình','65','TTNT','K57HTTT','2002-05-12 00:00:00.000000','Nam','9304092995','653721@sv.vnua.edu.vn','H. Chương Mỹ, Hà Nội',NULL,NULL,NULL,NULL,NULL,NULL,NULL,'STUDENT',_binary '\0'),('653774','Nguyễn Mạnh','Cường','65','MMT','K66CNTTC','2002-05-12 00:00:00.000000','Nam','9717886777','653774@sv.vnua.edu.vn','Huyện Phúc Thọ, Hà Nội',NULL,NULL,NULL,NULL,NULL,NULL,NULL,'STUDENT',_binary '\0'),('653821','Lê Thị Ngọc','Khánh','65','MMT','K66CNTTD','2002-05-12 00:00:00.000000','Nữ','4637407598','653821@sv.vnua.edu.vn',' TP. Hà Nội',NULL,NULL,NULL,NULL,NULL,NULL,NULL,'STUDENT',_binary '\0'),('653845','Phạm Huy','Nguyên','65','TTNT','K65CNPM','2002-05-12 00:00:00.000000','Nữ','3533900298','653845@sv.vnua.edu.vn','H. Gia Lâm, Hà Nội',NULL,NULL,NULL,NULL,NULL,NULL,NULL,'STUDENT',_binary '\0'),('653906','Nguyễn Văn','Duy','65','CNTT','K61CNPMP','2002-05-12 00:00:00.000000','Nam','3742992040','653906@sv.vnua.edu.vn','Huyện Đông Anh, Hà Nội',NULL,NULL,NULL,NULL,NULL,NULL,NULL,'STUDENT',_binary '\0'),('653909','Đỗ Mạnh','Quang','65','TTNT','K66CNTTC','2002-05-12 00:00:00.000000','Nữ','1625343735','653909@sv.vnua.edu.vn','H. Thanh Trì, Hà Nội',NULL,NULL,NULL,NULL,NULL,NULL,NULL,'STUDENT',_binary '\0'),('653911','Tạ Bích','Loan','65','TTNT','K65TT','2002-05-12 00:00:00.000000','Nam','7169706802','653911@sv.vnua.edu.vn','Huyện Tiên Lữ - Hưng Yên',NULL,NULL,NULL,NULL,NULL,NULL,NULL,'STUDENT',_binary '\0'),('653938','Nguyễn Tiến','Nam','65','TTNT','K64ATTT','2002-05-12 00:00:00.000000','Nữ','6872308256','653938@sv.vnua.edu.vn','Yên Mô - Ninh Bình',NULL,NULL,NULL,NULL,NULL,NULL,NULL,'STUDENT',_binary '\0'),('653943','Phan Mạnh','Thắng','65','CNTT','K67TT','2002-05-12 00:00:00.000000','Nữ','7173366025','653943@sv.vnua.edu.vn','Huyện Tứ Kỳ - Hải Dương',NULL,NULL,NULL,NULL,NULL,NULL,NULL,'STUDENT',_binary '\0'),('653944','Bùi Duy','Hiếu','65','CNTT','K63HTTT','2002-05-12 00:00:00.000000','Nam','7401156291','653944@sv.vnua.edu.vn','H. Tiên Du-Bắc Ninh',NULL,NULL,NULL,NULL,NULL,NULL,NULL,'STUDENT',_binary '\0'),('653973','Vũ Phương','Mai','65','MMT','K65CNPMB','2002-05-12 00:00:00.000000','Nữ','1780070982','653973@sv.vnua.edu.vn','Bắc Giang - Bắc Giang',NULL,NULL,NULL,NULL,NULL,NULL,NULL,'STUDENT',_binary '\0'),('654006','Nguyễn Đình','Hiệp','65','CNTT','K63CNTT','2002-05-12 00:00:00.000000','Nữ','2093877884','654006@sv.vnua.edu.vn','TP. Phủ Lý Hà Nam',NULL,NULL,NULL,NULL,NULL,NULL,NULL,'STUDENT',_binary '\0'),('654039','Vũ Trọng','Quân','65','CNTT','K65CNPMB','2002-05-12 00:00:00.000000','Nữ','7096003146','654039@sv.vnua.edu.vn','Đông Hưng, Thái Bình',NULL,NULL,NULL,NULL,NULL,NULL,NULL,'STUDENT',_binary '\0'),('654070','Nguyễn Mạnh','Thắng','65','MMT','K65CNTT','2002-05-12 00:00:00.000000','Nữ','5392546182','654070@sv.vnua.edu.vn','Đông Anh, Hà Nội',NULL,NULL,NULL,NULL,NULL,NULL,NULL,'STUDENT',_binary '\0'),('654101','Nguyễn Vũ Hải','Dương','65','MMT','K66CNTTE','2002-05-12 00:00:00.000000','Nữ','7847081712','654101@sv.vnua.edu.vn','Hoài Đức - Hà Nội',NULL,NULL,NULL,NULL,NULL,NULL,NULL,'STUDENT',_binary '\0'),('654129','Lê Anh','Dũng','65','CNTT','K64CNTT','2002-05-12 00:00:00.000000','Nữ','4643773409','654129@sv.vnua.edu.vn','Đông Hưng - Thái Bình',NULL,NULL,NULL,NULL,NULL,NULL,NULL,'STUDENT',_binary '\0'),('654148','Nguyễn Đức','Hoàng','65','MMT','K60HTTT','2002-05-12 00:00:00.000000','Nữ','9466261476','654148@sv.vnua.edu.vn','Long Biên - Hà Nội',NULL,NULL,NULL,NULL,NULL,NULL,NULL,'STUDENT',_binary '\0'),('654181','Nguyễn Tuấn','Anh','65','CNTT','K66ATTT','2002-05-12 00:00:00.000000','Nữ','1527424424','654181@sv.vnua.edu.vn','Huyện Mỹ Hào - Hưng Yên',NULL,NULL,NULL,NULL,NULL,NULL,NULL,'STUDENT',_binary '\0'),('654249','Nguyễn Anh','Phương','65','TTNT','K63CNTT','2002-05-12 00:00:00.000000','Nam','829013274','654249@sv.vnua.edu.vn','Quận Thanh Xuân - Hà Nội',NULL,NULL,NULL,NULL,NULL,NULL,NULL,'STUDENT',_binary '\0'),('654288','Phùng Hải','Đăng','65','CNTT','K66CNTTA','2002-05-12 00:00:00.000000','Nữ','4866024460','654288@sv.vnua.edu.vn','TP Hải Dương, Hải Dương',NULL,NULL,NULL,NULL,NULL,NULL,NULL,'STUDENT',_binary '\0'),('654299','Vũ Thị','Bích','65','CNTT','K66CNTTE','2002-05-12 00:00:00.000000','Nam','8598254420','654299@sv.vnua.edu.vn','H. Tiên Du-Bắc Ninh',NULL,NULL,NULL,NULL,NULL,NULL,NULL,'STUDENT',_binary '\0'),('654323','Đỗ Đức','Chiến','65','TTNT','K66CNTTD','2002-05-12 00:00:00.000000','Nữ','6417546155','654323@sv.vnua.edu.vn','H. Nam Sách, Hải Dương',NULL,NULL,NULL,NULL,NULL,NULL,NULL,'STUDENT',_binary '\0'),('654349','Đào Thế','Anh','65','TTNT','K59CNTT','2002-05-12 00:00:00.000000','Nữ','8597616007','654349@sv.vnua.edu.vn',' TP. Hà Nội',NULL,NULL,NULL,NULL,NULL,NULL,NULL,'STUDENT',_binary '\0'),('654417','Phan Xuân','Đề','65','CNTT','K62HTTT','2002-05-12 00:00:00.000000','Nữ','8663680294','654417@sv.vnua.edu.vn','Tp. Bắc Giang, Bắc Giang',NULL,NULL,NULL,NULL,NULL,NULL,NULL,'STUDENT',_binary '\0'),('654422','Đinh Phụng','Hoàng','65','MMT','K63HTTT','2002-05-12 00:00:00.000000','Nữ','3766163344','654422@sv.vnua.edu.vn','H. Thanh Oai-Hà Nội',NULL,NULL,NULL,NULL,NULL,NULL,NULL,'STUDENT',_binary '\0'),('654423','Nguyễn Đức','Minh','65','TTNT','K57CNTT','2002-05-12 00:00:00.000000','Nữ','1406866056','654423@sv.vnua.edu.vn','H. Phú Xuyên, Hà Nội',NULL,NULL,NULL,NULL,NULL,NULL,NULL,'STUDENT',_binary '\0'),('654501','Hoàng Tùng','Lâm','65','MMT','K62CNTT','2002-05-12 00:00:00.000000','Nữ','2826341667','654501@sv.vnua.edu.vn','Q. Long Biên Hà Nội',NULL,NULL,NULL,NULL,NULL,NULL,NULL,'STUDENT',_binary '\0'),('654509','Phan Viết','Đại','65','MMT','K64CNTT','2002-05-12 00:00:00.000000','Nữ','3505767877','654509@sv.vnua.edu.vn','H. Sóc Sơn Hà Nội',NULL,NULL,NULL,NULL,NULL,NULL,NULL,'STUDENT',_binary '\0'),('654551','Bùi Tuấn','Anh','65','MMT','K60CNTT','2002-05-12 00:00:00.000000','Nữ','5866339693','654551@sv.vnua.edu.vn','TX. Từ  Sơn Bắc Ninh',NULL,NULL,NULL,NULL,NULL,NULL,NULL,'STUDENT',_binary '\0'),('654553','Vũ Quang','Huy','65','CNTT','K66MMT','2002-05-12 00:00:00.000000','Nam','7709393977','654553@sv.vnua.edu.vn','Long Biên - Hà Nội',NULL,NULL,NULL,NULL,NULL,NULL,NULL,'STUDENT',_binary '\0'),('654554','Đinh Tuấn','Khải','65','MMT','K62HTTT','2002-05-12 00:00:00.000000','Nữ','3521953552','654554@sv.vnua.edu.vn','TP. Hải Dương Hải Dương',NULL,NULL,NULL,NULL,NULL,NULL,NULL,'STUDENT',_binary '\0'),('654631','Phạm Trọng','Dương','65','CNTT','K63CNPM','2002-05-12 00:00:00.000000','Nữ','8998406306','654631@sv.vnua.edu.vn','H. Điện Biên , Điện Biên',NULL,NULL,NULL,NULL,NULL,NULL,NULL,'STUDENT',_binary '\0'),('654652','Nguyễn Văn','Phúc','65','CNTT','K60CNTT','2002-05-12 00:00:00.000000','Nữ','5201090171','654652@sv.vnua.edu.vn','Huyện ý Yên, Nam Định',NULL,NULL,NULL,NULL,NULL,NULL,NULL,'STUDENT',_binary '\0'),('654661','Cam Trọng','Hiếu','65','CNTT','K66CNTTB','2002-05-12 00:00:00.000000','Nam','2083296893','654661@sv.vnua.edu.vn','Huyện Gia Lâm, Hà Nội',NULL,NULL,NULL,NULL,NULL,NULL,NULL,'STUDENT',_binary '\0'),('654674','Nguyễn Thị Thu','Hằng','65','CNTT','K66CNTTA','2002-05-12 00:00:00.000000','Nữ','3065279551','654674@sv.vnua.edu.vn','Tp. Bắc Giang, Bắc Giang',NULL,NULL,NULL,NULL,NULL,NULL,NULL,'STUDENT',_binary '\0'),('654888','Nguyễn Văn','Khang','65','CNTT','K65HTTT','2002-05-12 00:00:00.000000','Nữ','6021676512','654888@sv.vnua.edu.vn','H. Kim Bảng-Hà Nam',NULL,NULL,NULL,NULL,NULL,NULL,NULL,'STUDENT',_binary '\0'),('654897','Nguyễn Minh','Hiếu','65','MMT','K58HTTT','2002-05-12 00:00:00.000000','Nữ','3017870758','654897@sv.vnua.edu.vn','H. Thường Tín, Hà Nội',NULL,NULL,NULL,NULL,NULL,NULL,NULL,'STUDENT',_binary '\0'),('654937','Vũ Anh','Tuấn','65','CNTT','K61CNPM','2002-05-12 00:00:00.000000','Nữ','4593891093','654937@sv.vnua.edu.vn','Huyện Lý Nhân, Hà Nam',NULL,NULL,NULL,NULL,NULL,NULL,NULL,'STUDENT',_binary '\0'),('654950','Trần Lưu','Vũ','65','CNTT','K64HTTT','2002-05-12 00:00:00.000000','Nữ','7601758084','654950@sv.vnua.edu.vn','H. Sìn Hồ, Lai Châu',NULL,NULL,NULL,NULL,NULL,NULL,NULL,'STUDENT',_binary '\0'),('654973','Phạm Anh','Kiên','65','TTNT','K64CNTT','2002-05-12 00:00:00.000000','Nữ','3842255386','654973@sv.vnua.edu.vn','H. Gia Lâm, Hà Nội',NULL,NULL,NULL,NULL,NULL,NULL,NULL,'STUDENT',_binary '\0'),('654976','Nguyễn Tuấn','Minh','65','CNTT','K60HTTT','2002-05-12 00:00:00.000000','Nữ','5269315751','654976@sv.vnua.edu.vn','Huyện Phúc Thọ, Hà Nội',NULL,NULL,NULL,NULL,NULL,NULL,NULL,'STUDENT',_binary '\0'),('655061','Nguyễn Đình Minh','Hiếu','65','CNTT','K61CNPM','2002-05-12 00:00:00.000000','Nữ','7550194167','655061@sv.vnua.edu.vn','Hoa Lư, Ninh Bình',NULL,NULL,NULL,NULL,NULL,NULL,NULL,'STUDENT',_binary '\0'),('655108','Nguyễn Trường','An','65','CNTT','K66TT','2002-05-12 00:00:00.000000','Nữ','5245691406','655108@sv.vnua.edu.vn','Quận Hoàn Kiếm - Hà Nội',NULL,NULL,NULL,NULL,NULL,NULL,NULL,'STUDENT',_binary '\0'),('655112','Lê Thị Hương','Giang','65','TTNT','K61HTTT','2002-05-12 00:00:00.000000','Nam','5745620459','655112@sv.vnua.edu.vn','H. Hà Trung, Thanh Hoá',NULL,NULL,NULL,NULL,NULL,NULL,NULL,'STUDENT',_binary '\0'),('655148','Đỗ Quang','Minh','65','TTNT','K64HTTT','2002-05-12 00:00:00.000000','Nữ','8937497091','655148@sv.vnua.edu.vn','Nga Sơn - Thanh Hoá',NULL,NULL,NULL,NULL,NULL,NULL,NULL,'STUDENT',_binary '\0'),('655163','Nguyễn Hồng','Thịnh','65','CNTT','K57HTTT','2002-05-12 00:00:00.000000','Nữ','4107047943','655163@sv.vnua.edu.vn','H.Đông Anh - Hà Nội',NULL,NULL,NULL,NULL,NULL,NULL,NULL,'STUDENT',_binary '\0'),('655176','Màn Vinh','Quang','65','CNTT','K57HTTT','2002-05-12 00:00:00.000000','Nữ','201319881','655176@sv.vnua.edu.vn','Hoài Đức - Hà Nội',NULL,NULL,NULL,NULL,NULL,NULL,NULL,'STUDENT',_binary '\0'),('655194','Hoàng Thị','Nhung','65','MMT','K59HTTT','2002-05-12 00:00:00.000000','Nữ','1994061634','655194@sv.vnua.edu.vn','Huyện ý Yên, Nam Định',NULL,NULL,NULL,NULL,NULL,NULL,NULL,'STUDENT',_binary '\0'),('655201','Lê Hồng','Phong','65','CNTT','K66CNTTF','2002-05-12 00:00:00.000000','Nữ','4114995189','655201@sv.vnua.edu.vn','H. Kiến Xương, Thái Bình',NULL,NULL,NULL,NULL,NULL,NULL,NULL,'STUDENT',_binary '\0'),('655231','Mai Hoàng','Quân','65','TTNT','K66MMT','2002-05-12 00:00:00.000000','Nữ','3975810614','655231@sv.vnua.edu.vn','H. Sóc Sơn Hà Nội',NULL,NULL,NULL,NULL,NULL,NULL,NULL,'STUDENT',_binary '\0'),('655237','Lương Thế','Hải','65','CNTT','K67CNTT','2002-05-12 00:00:00.000000','Nữ','9355950315','655237@sv.vnua.edu.vn','Gia Lâm, Hà Nội',NULL,NULL,NULL,NULL,NULL,NULL,NULL,'STUDENT',_binary '\0'),('655262','Bùi Duy','Khánh','65','MMT','K65MMT','2002-05-12 00:00:00.000000','Nữ','101803012','655262@sv.vnua.edu.vn','H.Đông Anh - Hà Nội',NULL,NULL,NULL,NULL,NULL,NULL,NULL,'STUDENT',_binary '\0'),('655277','Nguyễn Văn','Nguyên','65','MMT','K64CNTTA','2002-05-12 00:00:00.000000','Nữ','4447837725','655277@sv.vnua.edu.vn','Đông Hưng, Thái Bình',NULL,NULL,NULL,NULL,NULL,NULL,NULL,'STUDENT',_binary '\0'),('655290','Phạm Trịnh','Trọng','65','MMT','K61CNPM','2002-05-12 00:00:00.000000','Nam','9655497412','655290@sv.vnua.edu.vn','H.Đông Anh - Hà Nội',NULL,NULL,NULL,NULL,NULL,NULL,NULL,'STUDENT',_binary '\0'),('655332','Vương Văn','Khải','65','CNTT','K66CNTT','2002-05-12 00:00:00.000000','Nữ','5090076490','655332@sv.vnua.edu.vn','H. Đan Phượng, Hà Nội',NULL,NULL,NULL,NULL,NULL,NULL,NULL,'STUDENT',_binary '\0'),('655338','Nguyễn Thị Hằng','Ly','65','MMT','K65CNPM','2002-05-12 00:00:00.000000','Nữ','6725970820','655338@sv.vnua.edu.vn','Văn Lâm - Hưng Yên',NULL,NULL,NULL,NULL,NULL,NULL,NULL,'STUDENT',_binary '\0'),('655339','Phạm Ngọc','Hải','65','CNTT','K60MMTP','2002-05-12 00:00:00.000000','Nam','6190041543','655339@sv.vnua.edu.vn','Quận Hoàn Kiếm - Hà Nội',NULL,NULL,NULL,NULL,NULL,NULL,NULL,'STUDENT',_binary '\0'),('655375','Vũ Đức','Huy','65','MMT','K66ATTT','2002-05-12 00:00:00.000000','Nam','4998963441','655375@sv.vnua.edu.vn','Yên Mô - Ninh Bình',NULL,NULL,NULL,NULL,NULL,NULL,NULL,'STUDENT',_binary '\0'),('655384','Nguyễn Thị','Liên','65','CNTT','K65CNPMA','2002-05-12 00:00:00.000000','Nữ','6447430864','655384@sv.vnua.edu.vn','Hoài Đức - Hà Nội',NULL,NULL,NULL,NULL,NULL,NULL,NULL,'STUDENT',_binary '\0'),('655391','Hoàng Tấn','Phát','65','MMT','K62CNPM','2002-05-12 00:00:00.000000','Nữ','6824401279','655391@sv.vnua.edu.vn','H.Vĩnh Tường - Vĩnh Phúc',NULL,NULL,NULL,NULL,NULL,NULL,NULL,'STUDENT',_binary '\0'),('655396','Vũ Thị Kim','Lan','65','TTNT','K65CNTTA','2002-05-12 00:00:00.000000','Nữ','2831863380','655396@sv.vnua.edu.vn','Long Biên - Hà Nội',NULL,NULL,NULL,NULL,NULL,NULL,NULL,'STUDENT',_binary '\0'),('655405','Nguyễn Thị','Thanh','65','MMT','K66CNTTB','2002-05-12 00:00:00.000000','Nữ','2093199987','655405@sv.vnua.edu.vn','Huyện Tứ Kỳ - Hải Dương',NULL,NULL,NULL,NULL,NULL,NULL,NULL,'STUDENT',_binary '\0'),('655445','Lê Viết','Hiếu','65','CNTT','K58CNPM','2002-05-12 00:00:00.000000','Nam','1837190403','655445@sv.vnua.edu.vn','Đông Hưng - Thái Bình',NULL,NULL,NULL,NULL,NULL,NULL,NULL,'STUDENT',_binary '\0'),('655446','Lương Quang','Điệp','65','CNTT','K61HTTT','2002-05-12 00:00:00.000000','Nữ','2355911040','655446@sv.vnua.edu.vn','Huyện Mỹ Hào - Hưng Yên',NULL,NULL,NULL,NULL,NULL,NULL,NULL,'STUDENT',_binary '\0'),('655449','Lương Thị','Thu','65','CNTT','K66CNPM','2002-05-12 00:00:00.000000','Nữ','2758061691','655449@sv.vnua.edu.vn','H.Vĩnh Tường - Vĩnh Phúc',NULL,NULL,NULL,NULL,NULL,NULL,NULL,'STUDENT',_binary '\0'),('655464','Nguyễn Ngọc','Long','65','TTNT','K66CNTTB','2002-05-12 00:00:00.000000','Nữ','8565127721','655464@sv.vnua.edu.vn','H. Thường Tín, Hà Nội',NULL,NULL,NULL,NULL,NULL,NULL,NULL,'STUDENT',_binary '\0'),('655576','Nguyễn Hữu','Phát','65','MMT','K66ATTT','2002-05-12 00:00:00.000000','Nam','740016924','655576@sv.vnua.edu.vn','H. Hà Trung, Thanh Hoá',NULL,NULL,NULL,NULL,NULL,NULL,NULL,'STUDENT',_binary '\0'),('655593','Vũ Huy','Phước','65','MMT','K66CNPM','2002-05-12 00:00:00.000000','Nữ','8706099596','655593@sv.vnua.edu.vn','Huyện Ba Vì, Hà Nội',NULL,NULL,NULL,NULL,NULL,NULL,NULL,'STUDENT',_binary '\0'),('655645','Nguyễn Văn','Trường','65','CNTT','K65HTTT','2002-05-12 00:00:00.000000','Nữ','3372675141','655645@sv.vnua.edu.vn','H.Đông Anh - Hà Nội',NULL,NULL,NULL,NULL,NULL,NULL,NULL,'STUDENT',_binary '\0'),('656003','Nguyễn Tiến','Trường','65','TTNT','K65MMT','2002-05-12 00:00:00.000000','Nam','8288368405','656003@sv.vnua.edu.vn','Huyện Lý Nhân, Hà Nam',NULL,NULL,NULL,NULL,NULL,NULL,NULL,'STUDENT',_binary '\0'),('656023','Đặng Minh','Bảo','65','TTNT','K67MMT','2002-05-12 00:00:00.000000','Nữ','3186915647','656023@sv.vnua.edu.vn','TP. Hải Dương Hải Dương',NULL,NULL,NULL,NULL,NULL,NULL,NULL,'STUDENT',_binary '\0'),('657027','Nguyễn Ngọc','ánh','66','TTNT','K67ATTT','2002-05-12 00:00:00.000000','Nữ','155704848','657027@sv.vnua.edu.vn','H.Đông Anh - Hà Nội',NULL,NULL,NULL,NULL,NULL,NULL,NULL,'STUDENT',_binary '\0'),('6650264','Cấn Văn','Khải','66','CNTT','K58HTTT','2002-05-12 00:00:00.000000','Nữ','5909883897','6650264@sv.vnua.edu.vn','Huyện Gia Lâm, Hà Nội',NULL,NULL,NULL,NULL,NULL,NULL,NULL,'STUDENT',_binary '\0'),('6650288','Cao Trung','Nam','66','CNTT','K61CNPMP','2002-05-12 00:00:00.000000','Nữ','1998848893','6650288@sv.vnua.edu.vn','H. Gia Lâm, Hà Nội',NULL,NULL,NULL,NULL,NULL,NULL,NULL,'STUDENT',_binary '\0'),('6650361','Đàm Thành','Long','66','MMT','K60HTTT','2002-05-12 00:00:00.000000','Nữ','2468016929','6650361@sv.vnua.edu.vn','H. Gia Lâm, Hà Nội',NULL,NULL,NULL,NULL,NULL,NULL,NULL,'STUDENT',_binary '\0'),('6650392','Đặng Hoàng Quốc','Anh','66','CNTT','K66CNTTC','2002-05-12 00:00:00.000000','Nam','3044226428','6650392@sv.vnua.edu.vn','H. Thường Tín - Hà Nội',NULL,NULL,NULL,NULL,NULL,NULL,NULL,'STUDENT',_binary '\0'),('6650484','Đặng Văn','Hoàng','66','CNTT','K67CNTTA','2002-05-12 00:00:00.000000','Nữ','9987875504','6650484@sv.vnua.edu.vn','Bắc Giang - Bắc Giang',NULL,NULL,NULL,NULL,NULL,NULL,NULL,'STUDENT',_binary '\0'),('6650750','Đỗ Đức','Trung','66','MMT','K64CNPM','2002-05-12 00:00:00.000000','Nữ','5399001976','6650750@sv.vnua.edu.vn','H. Chương Mỹ, Hà Nội',NULL,NULL,NULL,NULL,NULL,NULL,NULL,'STUDENT',_binary '\0'),('6650955','Đỗ Việt','Khoa','66','CNTT','K59CNPM','2002-05-12 00:00:00.000000','Nữ','2781849254','6650955@sv.vnua.edu.vn','Huyện Phúc Thọ, Hà Nội',NULL,NULL,NULL,NULL,NULL,NULL,NULL,'STUDENT',_binary '\0'),('6651336','Hoàng Ngọc','Anh','66','MMT','K66CNTTD','2002-05-12 00:00:00.000000','Nam','4697873351','6651336@sv.vnua.edu.vn','Quận Thanh Xuân - Hà Nội',NULL,NULL,NULL,NULL,NULL,NULL,NULL,'STUDENT',_binary '\0'),('6651339','Hoàng Ngọc','Hải','66','CNTT','K57CNPM','2002-05-12 00:00:00.000000','Nữ','7554671786','6651339@sv.vnua.edu.vn','Quận Hoàng Mai, Hà Nội',NULL,NULL,NULL,NULL,NULL,NULL,NULL,'STUDENT',_binary '\0'),('6651720','Lê Minh','Dũng','66','TTNT','K66TTNT','2002-05-12 00:00:00.000000','Nữ','8908906578','6651720@sv.vnua.edu.vn','Huyện Thạch Thất, Hà Nội',NULL,NULL,NULL,NULL,NULL,NULL,NULL,'STUDENT',_binary '\0'),('6652235','Mai Sỹ','Cương','66','CNTT','K66MMT','2002-05-12 00:00:00.000000','Nữ','9568413904','6652235@sv.vnua.edu.vn','Thuận Thành, Bắc Ninh',NULL,NULL,NULL,NULL,NULL,NULL,NULL,'STUDENT',_binary '\0'),('6652385','Ngô Văn','Đức','66','MMT','K67TT','2002-05-12 00:00:00.000000','Nam','6051289193','6652385@sv.vnua.edu.vn','Huyện Văn Lâm, Hưng Yên',NULL,NULL,NULL,NULL,NULL,NULL,NULL,'STUDENT',_binary '\0'),('6652537','Nguyễn Đình','Khoa','66','TTNT','K59CNTT','2002-05-12 00:00:00.000000','Nữ','6594258253','6652537@sv.vnua.edu.vn','H. Nam Sách, Hải Dương',NULL,NULL,NULL,NULL,NULL,NULL,NULL,'STUDENT',_binary '\0'),('6652747','Nguyễn Hoàng','Phúc','66','CNTT','K62CNPM','2002-05-12 00:00:00.000000','Nữ','4906869309','6652747@sv.vnua.edu.vn','H. Lạng Giang, Bắc Giang',NULL,NULL,NULL,NULL,NULL,NULL,NULL,'STUDENT',_binary '\0'),('6653351','Nguyễn Thanh','Tùng','66','MMT','K65ATTT','2002-05-12 00:00:00.000000','Nữ','3694833048','6653351@sv.vnua.edu.vn','H. Thanh Trì, Hà Nội',NULL,NULL,NULL,NULL,NULL,NULL,NULL,'STUDENT',_binary '\0'),('6654371','Nguyễn Văn','Đông','66','MMT','K67HTTT','2002-05-12 00:00:00.000000','Nữ','8558887782','6654371@sv.vnua.edu.vn','Huyện Phúc Thọ, Hà Nội',NULL,NULL,NULL,NULL,NULL,NULL,NULL,'STUDENT',_binary '\0'),('6654383','Nguyễn Văn','Duy','66','CNTT','K67CNTT','2002-05-12 00:00:00.000000','Nữ','8774624325','6654383@sv.vnua.edu.vn','Huyện ý Yên, Nam Định',NULL,NULL,NULL,NULL,NULL,NULL,NULL,'STUDENT',_binary '\0'),('6654599','Nguyễn Xuân Việt','Anh','66','MMT','K65HTTT','2002-05-12 00:00:00.000000','Nữ','3661894322','6654599@sv.vnua.edu.vn','Giao Thủy, Nam Định',NULL,NULL,NULL,NULL,NULL,NULL,NULL,'STUDENT',_binary '\0'),('6654975','Phạm Thị Trâm','Anh','66','MMT','K65TT','2002-05-12 00:00:00.000000','Nữ','4143395200','6654975@sv.vnua.edu.vn','Long Biên, Hà Nội',NULL,NULL,NULL,NULL,NULL,NULL,NULL,'STUDENT',_binary '\0'),('6655010','Phạm Trí Trung','Kiên','66','CNTT','K57HTTT','2002-05-12 00:00:00.000000','Nữ','8131197828','6655010@sv.vnua.edu.vn','H.Vĩnh Tường - Vĩnh Phúc',NULL,NULL,NULL,NULL,NULL,NULL,NULL,'STUDENT',_binary '\0'),('6655011','Phạm Trọng','Nhật','66','TTNT','K61HTTT','2002-05-12 00:00:00.000000','Nam','2586977568','6655011@sv.vnua.edu.vn','H. Mỹ Đức, Hà Nội',NULL,NULL,NULL,NULL,NULL,NULL,NULL,'STUDENT',_binary '\0'),('6655014','Phạm Trung','Đức','66','TTNT','K66HTTT','2002-05-12 00:00:00.000000','Nữ','9320009468','6655014@sv.vnua.edu.vn','Hoài Đức - Hà Nội',NULL,NULL,NULL,NULL,NULL,NULL,NULL,'STUDENT',_binary '\0'),('6655032','Phạm Văn','Hiệp','66','CNTT','K57CNTT','2002-05-12 00:00:00.000000','Nữ','2903629331','6655032@sv.vnua.edu.vn','H. Hà Trung, Thanh Hoá',NULL,NULL,NULL,NULL,NULL,NULL,NULL,'STUDENT',_binary '\0'),('6655051','Phạm Văn','Trung','66','TTNT','K64CNTT','2002-05-12 00:00:00.000000','Nữ','3448728588','6655051@sv.vnua.edu.vn','H. Đan Phượng, Hà Nội',NULL,NULL,NULL,NULL,NULL,NULL,NULL,'STUDENT',_binary '\0'),('6655057','Phạm Văn','Việt','66','CNTT','K65CNPMA','2002-05-12 00:00:00.000000','Nam','8467840800','6655057@sv.vnua.edu.vn','H. Tiên Du-Bắc Ninh',NULL,NULL,NULL,NULL,NULL,NULL,NULL,'STUDENT',_binary '\0'),('6655224','Phùng Việt','Hưng','66','CNTT','K67TTNT','2002-05-12 00:00:00.000000','Nữ','3210261330','6655224@sv.vnua.edu.vn','H.Đông Anh - Hà Nội',NULL,NULL,NULL,NULL,NULL,NULL,NULL,'STUDENT',_binary '\0'),('6655227','Phùng Xuân','Thành','66','MMT','K63CNTT','2002-05-12 00:00:00.000000','Nữ','5307594837','6655227@sv.vnua.edu.vn','H. Gia Lâm, Hà Nội',NULL,NULL,NULL,NULL,NULL,NULL,NULL,'STUDENT',_binary '\0'),('6655285','Tạ Thanh','Duyên','66','CNTT','K66CNTTC','2002-05-12 00:00:00.000000','Nữ','2925580782','6655285@sv.vnua.edu.vn','H. Điện Biên , Điện Biên',NULL,NULL,NULL,NULL,NULL,NULL,NULL,'STUDENT',_binary '\0'),('6655419','Trần Đức','Phúc','66','CNTT','K62CNTT','2002-05-12 00:00:00.000000','Nữ','8377767521','6655419@sv.vnua.edu.vn','H. Cẩm Giàng, Hải Dương',NULL,NULL,NULL,NULL,NULL,NULL,NULL,'STUDENT',_binary '\0'),('6655434','Trần Hải','Đăng','66','TTNT','K66CNTTF','2002-05-12 00:00:00.000000','Nữ','7852225826','6655434@sv.vnua.edu.vn','Yên Mô - Ninh Bình',NULL,NULL,NULL,NULL,NULL,NULL,NULL,'STUDENT',_binary '\0'),('6655439','Trần Hoàng','Anh','66','TTNT','K66ATTT','2002-05-12 00:00:00.000000','Nữ','3511653891','6655439@sv.vnua.edu.vn','Đông Hưng, Thái Bình',NULL,NULL,NULL,NULL,NULL,NULL,NULL,'STUDENT',_binary '\0'),('6655494','Trần Mạnh','Hùng','66','TTNT','K58CNPM','2002-05-12 00:00:00.000000','Nữ','9086803778','6655494@sv.vnua.edu.vn','Quận Hà Đông, Hà Nội',NULL,NULL,NULL,NULL,NULL,NULL,NULL,'STUDENT',_binary '\0'),('6655657','Trần Thị Hoàng','Diệu','66','MMT','K66CNTTA','2002-05-12 00:00:00.000000','Nữ','8208808255','6655657@sv.vnua.edu.vn','TP. Hải Dương Hải Dương',NULL,NULL,NULL,NULL,NULL,NULL,NULL,'STUDENT',_binary '\0'),('6655948','Triệu Việt','Anh','66','CNTT','K66CNPM','2002-05-12 00:00:00.000000','Nữ','8564781135','6655948@sv.vnua.edu.vn','Đông Anh, Hà Nội',NULL,NULL,NULL,NULL,NULL,NULL,NULL,'STUDENT',_binary '\0'),('6656276','Vũ Như','Đạt','66','CNTT','K66CNTTE','2002-05-12 00:00:00.000000','Nữ','3314926225','6656276@sv.vnua.edu.vn','H. Thanh Oai-Hà Nội',NULL,NULL,NULL,NULL,NULL,NULL,NULL,'STUDENT',_binary '\0'),('6656485','Vũ Văn','Hoàng','66','CNTT','K67MMT','2002-05-12 00:00:00.000000','Nữ','5661929940','6656485@sv.vnua.edu.vn','Quận Hoàn Kiếm - Hà Nội',NULL,NULL,NULL,NULL,NULL,NULL,NULL,'STUDENT',_binary '\0'),('6656503','Vũ Xuân','Bắc','66','TTNT','K66CNTTF','2002-05-12 00:00:00.000000','Nam','7401194283','6656503@sv.vnua.edu.vn','Tx. Từ  Sơn - Bắc Ninh',NULL,NULL,NULL,NULL,NULL,NULL,NULL,'STUDENT',_binary '\0'),('6660174','Lê Anh','Đức','66','CNTT','K67MMT','2002-05-12 00:00:00.000000','Nữ','1664371468','6660174@sv.vnua.edu.vn','Tp. Ninh Bình, Ninh Bình',NULL,NULL,NULL,NULL,NULL,NULL,NULL,'STUDENT',_binary '\0'),('6660177','Nguyễn Đức','Huy','66','CNTT','K58CNTT','2002-05-12 00:00:00.000000','Nữ','6875247223','6660177@sv.vnua.edu.vn','Tp. Bắc Giang, Bắc Giang',NULL,NULL,NULL,NULL,NULL,NULL,NULL,'STUDENT',_binary '\0'),('6660260','Hoàng Công Tuấn','Anh','66','CNTT','K65CNTT','2002-05-12 00:00:00.000000','Nữ','6721149484','6660260@sv.vnua.edu.vn','TX. Từ  Sơn Bắc Ninh',NULL,NULL,NULL,NULL,NULL,NULL,NULL,'STUDENT',_binary '\0'),('6660730','Phạm Văn','Thực','66','CNTT','K63HTTT','2002-05-12 00:00:00.000000','Nữ','6793249844','6660730@sv.vnua.edu.vn','H. Kinh Môn, Hải Dương',NULL,NULL,NULL,NULL,NULL,NULL,NULL,'STUDENT',_binary '\0'),('6661125','Nguyễn Thế','Lộc','66','TTNT','K61ATTT','2002-05-12 00:00:00.000000','Nữ','838759033','6661125@sv.vnua.edu.vn','H. Sìn Hồ, Lai Châu',NULL,NULL,NULL,NULL,NULL,NULL,NULL,'STUDENT',_binary '\0'),('6661186','Nguyễn Thành','Đạt','66','CNTT','K66CNTTD','2002-05-12 00:00:00.000000','Nam','2445876930','6661186@sv.vnua.edu.vn','TP. Phủ Lý Hà Nam',NULL,NULL,NULL,NULL,NULL,NULL,NULL,'STUDENT',_binary '\0'),('6661203','Tạ Ngọc','Đức','66','TTNT','K56CNTT','2002-05-12 00:00:00.000000','Nữ','6403168133','6661203@sv.vnua.edu.vn','Huyện Đông Anh, Hà Nội',NULL,NULL,NULL,NULL,NULL,NULL,NULL,'STUDENT',_binary '\0'),('6661238','Trần Bá','Hiếu','66','CNTT','K67CNTT','2002-05-12 00:00:00.000000','Nữ','6573346469','6661238@sv.vnua.edu.vn','Hoài Đức - Hà Nội',NULL,NULL,NULL,NULL,NULL,NULL,NULL,'STUDENT',_binary '\0'),('6661877','Nguyễn Việt','Quang','66','CNTT','K62HTTT','2002-05-12 00:00:00.000000','Nữ','542348582','6661877@sv.vnua.edu.vn','H. ứng Hòa, Hà Nội',NULL,NULL,NULL,NULL,NULL,NULL,NULL,'STUDENT',_binary '\0'),('6661888','Vương Trọng','Khang','66','TTNT','K56CNTT','2002-05-12 00:00:00.000000','Nữ','7349774805','6661888@sv.vnua.edu.vn','Huyện Tiên Lữ - Hưng Yên',NULL,NULL,NULL,NULL,NULL,NULL,NULL,'STUDENT',_binary '\0'),('6662012','Trương Tuấn','Hoàng','66','TTNT','K67HTTT','2002-05-12 00:00:00.000000','Nữ','9168179044','6662012@sv.vnua.edu.vn','Long Biên - Hà Nội',NULL,NULL,NULL,NULL,NULL,NULL,NULL,'STUDENT',_binary '\0'),('6662327','Nguyễn Duy','Khánh','66','TTNT','K57CNPM','2002-05-12 00:00:00.000000','Nữ','4596682774','6662327@sv.vnua.edu.vn','Gia Lâm - Hà Nội',NULL,NULL,NULL,NULL,NULL,NULL,NULL,'STUDENT',_binary '\0'),('6662333','Đỗ Thành','Đạt','66','TTNT','K67CNTTB','2002-05-12 00:00:00.000000','Nam','3812260454','6662333@sv.vnua.edu.vn','Huyện ý Yên, Nam Định',NULL,NULL,NULL,NULL,NULL,NULL,NULL,'STUDENT',_binary '\0'),('6662467','Hoàng Tuấn','Long','66','MMT','K60MMTP','2002-05-12 00:00:00.000000','Nam','4818739764','6662467@sv.vnua.edu.vn','Thị Xã Hoàng Mai, Nghệ A',NULL,NULL,NULL,NULL,NULL,NULL,NULL,'STUDENT',_binary '\0'),('6662529','Nguyễn Văn','Đài','66','TTNT','K67CNTTA','2002-05-12 00:00:00.000000','Nữ','8988726439','6662529@sv.vnua.edu.vn','Thuận Thành, Bắc Ninh',NULL,NULL,NULL,NULL,NULL,NULL,NULL,'STUDENT',_binary '\0'),('6665288','Cáp Văn','Hà','66','CNTT','K66TT','2002-05-12 00:00:00.000000','Nam','2514864660','6665288@sv.vnua.edu.vn','Vĩnh Tường - Vĩnh Phúc',NULL,NULL,NULL,NULL,NULL,NULL,NULL,'STUDENT',_binary '\0'),('6665326','Hoàng Anh','Tuấn','66','CNTT','K64HTTT','2002-05-12 00:00:00.000000','Nam','7340236979','6665326@sv.vnua.edu.vn','H. Thường Tín, Hà Nội',NULL,NULL,NULL,NULL,NULL,NULL,NULL,'STUDENT',_binary '\0'),('6665493','Đoàn Việt','Hoàng','66','MMT','K67CNTTB','2002-05-12 00:00:00.000000','Nữ','5089000636','6665493@sv.vnua.edu.vn','Gia Lâm - Hà Nội',NULL,NULL,NULL,NULL,NULL,NULL,NULL,'STUDENT',_binary '\0'),('6665542','Nguyễn Quốc','Khánh','66','MMT','K57CNTT','2002-05-12 00:00:00.000000','Nữ','484871935','6665542@sv.vnua.edu.vn','Huyện Mỹ Hào - Hưng Yên',NULL,NULL,NULL,NULL,NULL,NULL,NULL,'STUDENT',_binary '\0'),('6665562','Lê Anh','Dũng','66','MMT','K66TT','2002-05-12 00:00:00.000000','Nữ','5678038067','6665562@sv.vnua.edu.vn','Đông Hưng, Thái Bình',NULL,NULL,NULL,NULL,NULL,NULL,NULL,'STUDENT',_binary '\0'),('6665631','Đinh Văn','Tú','66','CNTT','K64CNTTA','2002-05-12 00:00:00.000000','Nữ','4142242612','6665631@sv.vnua.edu.vn','TP Hải Dương, Hải Dương',NULL,NULL,NULL,NULL,NULL,NULL,NULL,'STUDENT',_binary '\0'),('6665658','Nguyễn Đắc','Hiếu','66','TTNT','K67CNPM','2002-05-12 00:00:00.000000','Nữ','355667820','6665658@sv.vnua.edu.vn','Văn Lâm - Hưng Yên',NULL,NULL,NULL,NULL,NULL,NULL,NULL,'STUDENT',_binary '\0'),('6665663','Lý Ngọc','ánh','66','CNTT','K66CNTT','2002-05-12 00:00:00.000000','Nữ','6708314267','6665663@sv.vnua.edu.vn','Q. Long Biên Hà Nội',NULL,NULL,NULL,NULL,NULL,NULL,NULL,'STUDENT',_binary '\0'),('6665720','Mai Phúc','Hiếu','66','MMT','K67ATTT','2002-05-12 00:00:00.000000','Nữ','9918975834','6665720@sv.vnua.edu.vn','Thanh Oai - Hà Nội',NULL,NULL,NULL,NULL,NULL,NULL,NULL,'STUDENT',_binary '\0'),('6665857','Hoàng Mây','Chiều','66','CNTT','K66HTTT','2002-05-12 00:00:00.000000','Nữ','978643645','6665857@sv.vnua.edu.vn','H.Đông Anh - Hà Nội',NULL,NULL,NULL,NULL,NULL,NULL,NULL,'STUDENT',_binary '\0'),('6665886','Phạm Thị','Quỳnh','66','TTNT','K63ATTT','2002-05-12 00:00:00.000000','Nam','2837339666','6665886@sv.vnua.edu.vn','H. An Dương, Hải Phòng',NULL,NULL,NULL,NULL,NULL,NULL,NULL,'STUDENT',_binary '\0'),('6666130','Nguyễn Trung','Kiên','66','TTNT','K59HTTT','2002-05-12 00:00:00.000000','Nữ','829352011','6666130@sv.vnua.edu.vn','H. Mai Sơn, Sơn La',NULL,NULL,NULL,NULL,NULL,NULL,NULL,'STUDENT',_binary '\0'),('6666258','Ngô Đức','Anh','66','MMT','K66CNTTE','2002-05-12 00:00:00.000000','Nữ','4732227903','6666258@sv.vnua.edu.vn','Huyện Lý Nhân - Hà Nam',NULL,NULL,NULL,NULL,NULL,NULL,NULL,'STUDENT',_binary '\0'),('6666366','Nguyễn Thị Kiều','Linh','66','MMT','K60CNPM','2002-05-12 00:00:00.000000','Nam','5754047187','6666366@sv.vnua.edu.vn','H. Kiến Xương, Thái Bình',NULL,NULL,NULL,NULL,NULL,NULL,NULL,'STUDENT',_binary '\0'),('6666429','Nguyễn Văn','Linh','66','CNTT','K60CNTT','2002-05-12 00:00:00.000000','Nữ','385967771','6666429@sv.vnua.edu.vn','H. Lạc Thủy, Hoà Bình',NULL,NULL,NULL,NULL,NULL,NULL,NULL,'STUDENT',_binary '\0'),('6666453','Cao Đình','Văn','66','TTNT','K65CNPM','2002-05-12 00:00:00.000000','Nữ','4375665095','6666453@sv.vnua.edu.vn',' TP. Hà Nội',NULL,NULL,NULL,NULL,NULL,NULL,NULL,'STUDENT',_binary '\0'),('6666757','Lê Văn','Nguyên','66','MMT','K61CNTT','2002-05-12 00:00:00.000000','Nam','1436038655','6666757@sv.vnua.edu.vn','Quận Hoàng Mai, Hà Nội',NULL,NULL,NULL,NULL,NULL,NULL,NULL,'STUDENT',_binary '\0'),('6666878','Ngô Thị Hoài','An','66','CNTT','K65CNPMB','2002-05-12 00:00:00.000000','Nữ','7005433121','6666878@sv.vnua.edu.vn','Đông Sơn-Thanh Hoá',NULL,NULL,NULL,NULL,NULL,NULL,NULL,'STUDENT',_binary '\0'),('6666890','Nguyễn Anh','Đức','66','MMT','K67TTNT','2002-05-12 00:00:00.000000','Nữ','8257300034','6666890@sv.vnua.edu.vn','Huyện Lý Nhân, Hà Nam',NULL,NULL,NULL,NULL,NULL,NULL,NULL,'STUDENT',_binary '\0'),('6666914','Nguyễn Tuấn','Anh','66','TTNT','K65CNTTB','2002-05-12 00:00:00.000000','Nam','5055861847','6666914@sv.vnua.edu.vn','H. Mường Chà Điện Biên',NULL,NULL,NULL,NULL,NULL,NULL,NULL,'STUDENT',_binary '\0'),('6666929','Phạm Văn','Đức','66','MMT','K66MMT','2002-05-12 00:00:00.000000','Nữ','7730523777','6666929@sv.vnua.edu.vn','Đông Hưng - Thái Bình',NULL,NULL,NULL,NULL,NULL,NULL,NULL,'STUDENT',_binary '\0'),('6666954','Lê Vũ Hoàng','Anh','66','TTNT','K65CNTTA','2002-05-12 00:00:00.000000','Nữ','6263643876','6666954@sv.vnua.edu.vn','H. Sóc Sơn Hà Nội',NULL,NULL,NULL,NULL,NULL,NULL,NULL,'STUDENT',_binary '\0'),('6667080','Tạ Việt','Anh','66','MMT','K65TTNT','2002-05-12 00:00:00.000000','Nữ','5609613699','6667080@sv.vnua.edu.vn','Gia Lâm, Hà Nội',NULL,NULL,NULL,NULL,NULL,NULL,NULL,'STUDENT',_binary '\0'),('6667130','Mai Tấn','Dũng','66','TTNT','K66CNTTB','2002-05-12 00:00:00.000000','Nữ','1991571415','6667130@sv.vnua.edu.vn','H. Kim Bảng-Hà Nam',NULL,NULL,NULL,NULL,NULL,NULL,NULL,'STUDENT',_binary '\0'),('6667154','Ngô Anh','Duy','66','CNTT','K67CNPM','2002-05-12 00:00:00.000000','Nữ','3521651412','6667154@sv.vnua.edu.vn','Huyện Hữu Lũng, Lạng Sơn',NULL,NULL,NULL,NULL,NULL,NULL,NULL,'STUDENT',_binary '\0'),('6667282','Lê Tiến','Thành','66','TTNT','K63CNPM','2002-05-12 00:00:00.000000','Nữ','2182295021','6667282@sv.vnua.edu.vn','H. Quế Võ, Bắc Ninh',NULL,NULL,NULL,NULL,NULL,NULL,NULL,'STUDENT',_binary '\0'),('6667458','Phạm Ngọc Tuấn','Anh','66','CNTT','K65MMT','2002-05-12 00:00:00.000000','Nữ','3932558364','6667458@sv.vnua.edu.vn','Hoa Lư, Ninh Bình',NULL,NULL,NULL,NULL,NULL,NULL,NULL,'STUDENT',_binary '\0'),('6667497','Lê Văn','Trọng','66','MMT','K64ATTT','2002-05-12 00:00:00.000000','Nữ','5521863679','6667497@sv.vnua.edu.vn','H. Phú Xuyên, Hà Nội',NULL,NULL,NULL,NULL,NULL,NULL,NULL,'STUDENT',_binary '\0'),('6667532','Đoàn Nguyễn Nhật','Hoàng','66','MMT','K57HTTT','2002-05-12 00:00:00.000000','Nữ','5724049564','6667532@sv.vnua.edu.vn','Huyện Ba Vì, Hà Nội',NULL,NULL,NULL,NULL,NULL,NULL,NULL,'STUDENT',_binary '\0'),('6667537','Dương Minh','Hiếu','66','MMT','K66TTNT','2002-05-12 00:00:00.000000','Nữ','8151746640','6667537@sv.vnua.edu.vn','Nga Sơn - Thanh Hoá',NULL,NULL,NULL,NULL,NULL,NULL,NULL,'STUDENT',_binary '\0'),('6667716','Lê Văn','Dũng','66','CNTT','K67ATTT','2002-05-12 00:00:00.000000','Nữ','7718500901','6667716@sv.vnua.edu.vn','Đông Hưng, Thái Bình',NULL,NULL,NULL,NULL,NULL,NULL,NULL,'STUDENT',_binary '\0'),('6667825','Nguyễn Duy','Hưng','66','CNTT','K67TT','2002-05-12 00:00:00.000000','Nam','8190338125','6667825@sv.vnua.edu.vn','H.Đông Anh - Hà Nội',NULL,NULL,NULL,NULL,NULL,NULL,NULL,'STUDENT',_binary '\0'),('6667868','Nguyễn Trọng Phất','Lộc','67','CNTT','K61CNPM','2002-05-12 00:00:00.000000','Nữ','1663811831','6667868@sv.vnua.edu.vn','TP Hải Dương, Hải Dương',NULL,NULL,NULL,NULL,NULL,NULL,NULL,'STUDENT',_binary '\0'),('671145','Hoàng Tuấn ','Anh','67','TTNT','K61CNPM','2002-05-12 00:00:00.000000','Nữ','946923892','671145@sv.vnua.edu.vn','Đông Hưng, Thái Bình',NULL,NULL,NULL,NULL,NULL,NULL,NULL,'STUDENT',_binary '\0'),('671147','Hà Việt ','Anh','67','CNTT','K60HTTT','2002-05-12 00:00:00.000000','Nữ','711987793','671147@sv.vnua.edu.vn','Thuận Thành, Bắc Ninh',NULL,NULL,NULL,NULL,NULL,NULL,NULL,'STUDENT',_binary '\0'),('671151','Nguyễn Tuấn ','Anh','67','TTNT','K61ATTT','2002-05-12 00:00:00.000000','Nữ','2979905524','671151@sv.vnua.edu.vn','Huyện Thạch Thất, Hà Nội',NULL,NULL,NULL,NULL,NULL,NULL,NULL,'STUDENT',_binary '\0'),('671156','Phạm Bảo ','Anh','67','CNTT','K62HTTT','2002-05-12 00:00:00.000000','Nữ','330358119','671156@sv.vnua.edu.vn','Tp. Ninh Bình, Ninh Bình',NULL,NULL,NULL,NULL,NULL,NULL,NULL,'STUDENT',_binary '\0'),('671161','Cao Thế ','Anh','67','TTNT','K64CNTT','2002-05-12 00:00:00.000000','Nữ','7423184588','671161@sv.vnua.edu.vn','Quận Hà Đông, Hà Nội',NULL,NULL,NULL,NULL,NULL,NULL,NULL,'STUDENT',_binary '\0'),('671170','Hồ Đức ','Anh','67','TTNT','K64CNTTA','2002-05-12 00:00:00.000000','Nữ','6996688565','671170@sv.vnua.edu.vn','Tp. Bắc Giang, Bắc Giang',NULL,NULL,NULL,NULL,NULL,NULL,NULL,'STUDENT',_binary '\0'),('671189','Nguyễn Lan ','Anh','67','MMT','K64HTTT','2002-05-12 00:00:00.000000','Nữ','6522442932','671189@sv.vnua.edu.vn','Huyện Gia Lâm, Hà Nội',NULL,NULL,NULL,NULL,NULL,NULL,NULL,'STUDENT',_binary '\0'),('671223','Phạm Thái ','Bảo','67','CNTT','K65ATTT','2002-05-12 00:00:00.000000','Nữ','8113802353','671223@sv.vnua.edu.vn','Huyện Phúc Thọ, Hà Nội',NULL,NULL,NULL,NULL,NULL,NULL,NULL,'STUDENT',_binary '\0'),('671246','Trần Đình ','Công','67','MMT','K65CNPM','2002-05-12 00:00:00.000000','Nữ','6775928454','671246@sv.vnua.edu.vn','H. Nam Sách, Hải Dương',NULL,NULL,NULL,NULL,NULL,NULL,NULL,'STUDENT',_binary '\0'),('671249','Nguyễn Đăng ','Cương','67','MMT','K65CNPMA','2002-05-12 00:00:00.000000','Nữ','2680004445','671249@sv.vnua.edu.vn','H. Mai Sơn, Sơn La',NULL,NULL,NULL,NULL,NULL,NULL,NULL,'STUDENT',_binary '\0'),('671251','Lê Hồng ','Cường','67','CNTT','K60CNTT','2002-05-12 00:00:00.000000','Nam','2133933165','671251@sv.vnua.edu.vn','H.Đông Anh - Hà Nội',NULL,NULL,NULL,NULL,NULL,NULL,NULL,'STUDENT',_binary '\0'),('671263','Bùi Hải ','Đăng','67','CNTT','K65TT','2002-05-12 00:00:00.000000','Nữ','1786221070','671263@sv.vnua.edu.vn','H. Gia Lâm, Hà Nội',NULL,NULL,NULL,NULL,NULL,NULL,NULL,'STUDENT',_binary '\0'),('671272','Đỗ Thành ','Đạt','67','TTNT','K65HTTT','2002-05-12 00:00:00.000000','Nữ','3738866875','671272@sv.vnua.edu.vn','H. Sìn Hồ, Lai Châu',NULL,NULL,NULL,NULL,NULL,NULL,NULL,'STUDENT',_binary '\0'),('671285','Vũ Bách ','Đạt','67','CNTT','K65MMT','2002-05-12 00:00:00.000000','Nữ','351645037','671285@sv.vnua.edu.vn','TP Hải Dương, Hải Dương',NULL,NULL,NULL,NULL,NULL,NULL,NULL,'STUDENT',_binary '\0'),('671302','Đào Duy Phú ','Đức','67','CNTT','K65TTNT','2002-05-12 00:00:00.000000','Nam','2185644722','671302@sv.vnua.edu.vn','Quận Hoàng Mai, Hà Nội',NULL,NULL,NULL,NULL,NULL,NULL,NULL,'STUDENT',_binary '\0'),('671318','Nguyễn Tiến ','Dũng','67','MMT','K59HTTT','2002-05-12 00:00:00.000000','Nữ','7678024581','671318@sv.vnua.edu.vn','Huyện Lý Nhân - Hà Nam',NULL,NULL,NULL,NULL,NULL,NULL,NULL,'STUDENT',_binary '\0'),('671323','Bùi Đức ','Dũng','67','TTNT','K65CNPMB','2002-05-12 00:00:00.000000','Nữ','5054192738','671323@sv.vnua.edu.vn','H. Kiến Xương, Thái Bình',NULL,NULL,NULL,NULL,NULL,NULL,NULL,'STUDENT',_binary '\0'),('671324','Đỗ Việt ','Dũng','67','CNTT','K65CNTT','2002-05-12 00:00:00.000000','Nữ','515920367','671324@sv.vnua.edu.vn','H. Lạc Thủy, Hoà Bình',NULL,NULL,NULL,NULL,NULL,NULL,NULL,'STUDENT',_binary '\0'),('671327','Hoàng Tiến ','Dũng','67','CNTT','K65CNTTA','2002-05-12 00:00:00.000000','Nam','5598793322','671327@sv.vnua.edu.vn','H. Gia Lâm, Hà Nội',NULL,NULL,NULL,NULL,NULL,NULL,NULL,'STUDENT',_binary '\0'),('671352','Nguyễn Nam ','Dương','67','MMT','K65CNTTB','2002-05-12 00:00:00.000000','Nam','3865194447','671352@sv.vnua.edu.vn','Thị Xã Hoàng Mai, Nghệ A',NULL,NULL,NULL,NULL,NULL,NULL,NULL,'STUDENT',_binary '\0'),('671385','Phạm Viết ','Giáp','67','TTNT','K66ATTT','2002-05-12 00:00:00.000000','Nữ','4028971825','671385@sv.vnua.edu.vn','H. Mỹ Đức, Hà Nội',NULL,NULL,NULL,NULL,NULL,NULL,NULL,'STUDENT',_binary '\0'),('671399','Nguyễn Quang ','Hải','67','TTNT','K66CNPM','2002-05-12 00:00:00.000000','Nữ','2894943409','671399@sv.vnua.edu.vn','H. Lạng Giang, Bắc Giang',NULL,NULL,NULL,NULL,NULL,NULL,NULL,'STUDENT',_binary '\0'),('671404','Trần Ngọc ','Hân','67','CNTT','K66CNTTA','2002-05-12 00:00:00.000000','Nữ','8848732064','671404@sv.vnua.edu.vn','H. ứng Hòa, Hà Nội',NULL,NULL,NULL,NULL,NULL,NULL,NULL,'STUDENT',_binary '\0'),('671409','Phạm Văn ','Hào','67','MMT','K66CNTT','2002-05-12 00:00:00.000000','Nữ','9554252222','671409@sv.vnua.edu.vn','H. Cẩm Giàng, Hải Dương',NULL,NULL,NULL,NULL,NULL,NULL,NULL,'STUDENT',_binary '\0'),('671410','Vũ Thị ','Hậu','67','MMT','K66CNTTB','2002-05-12 00:00:00.000000','Nữ','9158561780','671410@sv.vnua.edu.vn','H. An Dương, Hải Phòng',NULL,NULL,NULL,NULL,NULL,NULL,NULL,'STUDENT',_binary '\0'),('671427','Bùi Huy ','Hiếu','67','MMT','K66CNTTC','2002-05-12 00:00:00.000000','Nữ','1087605651','671427@sv.vnua.edu.vn','H. Quế Võ, Bắc Ninh',NULL,NULL,NULL,NULL,NULL,NULL,NULL,'STUDENT',_binary '\0'),('671434','Lê Trung ','Hiếu','67','TTNT','K66CNTTD','2002-05-12 00:00:00.000000','Nữ','5809903131','671434@sv.vnua.edu.vn','H. Gia Lâm, Hà Nội',NULL,NULL,NULL,NULL,NULL,NULL,NULL,'STUDENT',_binary '\0'),('671442','Nguyễn Trung ','Hiếu','67','CNTT','K66CNTTE','2002-05-12 00:00:00.000000','Nữ','2797559876','671442@sv.vnua.edu.vn','H. Kinh Môn, Hải Dương',NULL,NULL,NULL,NULL,NULL,NULL,NULL,'STUDENT',_binary '\0'),('671451','Vũ Minh ','Hiếu','67','CNTT','K66CNTTF','2002-05-12 00:00:00.000000','Nữ','8276538043','671451@sv.vnua.edu.vn','H. Phú Xuyên, Hà Nội',NULL,NULL,NULL,NULL,NULL,NULL,NULL,'STUDENT',_binary '\0'),('671471','Vũ Minh ','Hoàng','67','CNTT','K64CNPM','2002-05-12 00:00:00.000000','Nữ','7363839082','671471@sv.vnua.edu.vn','Huyện Ba Vì, Hà Nội',NULL,NULL,NULL,NULL,NULL,NULL,NULL,'STUDENT',_binary '\0'),('671482','Đỗ Huy Việt ','Hùng','67','TTNT','K58HTTT','2002-05-12 00:00:00.000000','Nam','2619580183','671482@sv.vnua.edu.vn','Huyện Tứ Kỳ - Hải Dương',NULL,NULL,NULL,NULL,NULL,NULL,NULL,'STUDENT',_binary '\0'),('671488','Lương Mạnh ','Hùng','67','MMT','K66HTTT','2002-05-12 00:00:00.000000','Nữ','6111242295','671488@sv.vnua.edu.vn','H. Chương Mỹ, Hà Nội',NULL,NULL,NULL,NULL,NULL,NULL,NULL,'STUDENT',_binary '\0'),('671492','Nguyễn Văn ','Hùng','67','TTNT','K66MMT','2002-05-12 00:00:00.000000','Nữ','5879754638','671492@sv.vnua.edu.vn','H. Đan Phượng, Hà Nội',NULL,NULL,NULL,NULL,NULL,NULL,NULL,'STUDENT',_binary '\0'),('671503','Vũ Duy ','Hưng','67','CNTT','K59CNPM','2002-05-12 00:00:00.000000','Nam','5188517218','671503@sv.vnua.edu.vn','H. Thường Tín - Hà Nội',NULL,NULL,NULL,NULL,NULL,NULL,NULL,'STUDENT',_binary '\0'),('671507','Đinh Duy ','Hưng','67','TTNT','K67CNPM','2002-05-12 00:00:00.000000','Nam','7743247835','671507@sv.vnua.edu.vn',' TP. Hà Nội',NULL,NULL,NULL,NULL,NULL,NULL,NULL,'STUDENT',_binary '\0'),('671532','Đoàn Ngọc ','Huy','67','CNTT','K66TT','2002-05-12 00:00:00.000000','Nam','4110168150','671532@sv.vnua.edu.vn','TP Hải Dương, Hải Dương',NULL,NULL,NULL,NULL,NULL,NULL,NULL,'STUDENT',_binary '\0'),('671534','Lê Quang ','Huy','67','CNTT','K66TTNT','2002-05-12 00:00:00.000000','Nữ','169235974','671534@sv.vnua.edu.vn','H. Thường Tín, Hà Nội',NULL,NULL,NULL,NULL,NULL,NULL,NULL,'STUDENT',_binary '\0'),('671555','Nguyễn Quang ','Huynh','67','CNTT','K67ATTT','2002-05-12 00:00:00.000000','Nữ','1284980558','671555@sv.vnua.edu.vn','H. Thanh Trì, Hà Nội',NULL,NULL,NULL,NULL,NULL,NULL,NULL,'STUDENT',_binary '\0'),('671559','Nguyễn Quang ','Khải','67','MMT','K63CNPM','2002-05-12 00:00:00.000000','Nam','2861453256','671559@sv.vnua.edu.vn','Huyện Lý Nhân, Hà Nam',NULL,NULL,NULL,NULL,NULL,NULL,NULL,'STUDENT',_binary '\0'),('671561','Lê Quang ','Khải','67','TTNT','K67CNTT','2002-05-12 00:00:00.000000','Nam','507522111','671561@sv.vnua.edu.vn','H. Tiên Du-Bắc Ninh',NULL,NULL,NULL,NULL,NULL,NULL,NULL,'STUDENT',_binary '\0'),('671571','Ngô Gia ','Khánh','67','MMT','K67CNTTA','2002-05-12 00:00:00.000000','Nữ','3180681210','671571@sv.vnua.edu.vn','Đông Sơn-Thanh Hoá',NULL,NULL,NULL,NULL,NULL,NULL,NULL,'STUDENT',_binary '\0'),('671573','Nguyễn Duy ','Khánh','67','CNTT','K67CNTTB','2002-05-12 00:00:00.000000','Nữ','5373465206','671573@sv.vnua.edu.vn','TX. Từ  Sơn Bắc Ninh',NULL,NULL,NULL,NULL,NULL,NULL,NULL,'STUDENT',_binary '\0'),('671595','Nguyễn Tuấn ','Kiệt','67','MMT','K67HTTT','2002-05-12 00:00:00.000000','Nữ','674179639','671595@sv.vnua.edu.vn','H. Sóc Sơn Hà Nội',NULL,NULL,NULL,NULL,NULL,NULL,NULL,'STUDENT',_binary '\0'),('671603','Tô Tùng ','Lâm','67','MMT','K67MMT','2002-05-12 00:00:00.000000','Nữ','3558750138','671603@sv.vnua.edu.vn','H. Mường Chà Điện Biên',NULL,NULL,NULL,NULL,NULL,NULL,NULL,'STUDENT',_binary '\0'),('671604','Trần Đình ','Lâm','67','TTNT','K67TT','2002-05-12 00:00:00.000000','Nữ','597696996','671604@sv.vnua.edu.vn','Giao Thủy, Nam Định',NULL,NULL,NULL,NULL,NULL,NULL,NULL,'STUDENT',_binary '\0'),('671609','Nguyễn Quang ','Linh','67','TTNT','K60CNPM','2002-05-12 00:00:00.000000','Nữ','7752465789','671609@sv.vnua.edu.vn','Tx. Từ  Sơn - Bắc Ninh',NULL,NULL,NULL,NULL,NULL,NULL,NULL,'STUDENT',_binary '\0'),('671623','Vũ Tuấn ','Linh','67','CNTT','K67TTNT','2002-05-12 00:00:00.000000','Nữ','6672950394','671623@sv.vnua.edu.vn','Hoa Lư, Ninh Bình',NULL,NULL,NULL,NULL,NULL,NULL,NULL,'STUDENT',_binary '\0'),('671627','Nguyễn Đình ','Lộc','67','MMT','K57CNPM','2002-05-12 00:00:00.000000','Nữ','2308272898','671627@sv.vnua.edu.vn','Gia Lâm, Hà Nội',NULL,NULL,NULL,NULL,NULL,NULL,NULL,'STUDENT',_binary '\0'),('671632','Phùng Lê Bảo ','Long','67','MMT','K62CNPM','2002-05-12 00:00:00.000000','Nam','5475774420','671632@sv.vnua.edu.vn','Huyện ý Yên, Nam Định',NULL,NULL,NULL,NULL,NULL,NULL,NULL,'STUDENT',_binary '\0'),('671638','Nguyễn Kim ','Long','67','CNTT','K56CNTT','2002-05-12 00:00:00.000000','Nữ','1520904887','671638@sv.vnua.edu.vn','Long Biên, Hà Nội',NULL,NULL,NULL,NULL,NULL,NULL,NULL,'STUDENT',_binary '\0'),('671649','Hoàng Văn ','Lương','67','TTNT','K57CNTT','2002-05-12 00:00:00.000000','Nữ','17930019','671649@sv.vnua.edu.vn','Đông Hưng, Thái Bình',NULL,NULL,NULL,NULL,NULL,NULL,NULL,'STUDENT',_binary '\0'),('671652','Trần Thị Cẩm ','Ly','67','CNTT','K63ATTT','2002-05-12 00:00:00.000000','Nữ','8367903219','671652@sv.vnua.edu.vn','Huyện Văn Lâm, Hưng Yên',NULL,NULL,NULL,NULL,NULL,NULL,NULL,'STUDENT',_binary '\0'),('671683','Lê ','Minh','67','CNTT','K57HTTT','2002-05-12 00:00:00.000000','Nữ','7282883577','671683@sv.vnua.edu.vn','Đông Anh, Hà Nội',NULL,NULL,NULL,NULL,NULL,NULL,NULL,'STUDENT',_binary '\0'),('671691','Lê Thị Trà ','My','67','CNTT','K58CNPM','2002-05-12 00:00:00.000000','Nữ','749964483','671691@sv.vnua.edu.vn','Q. Long Biên Hà Nội',NULL,NULL,NULL,NULL,NULL,NULL,NULL,'STUDENT',_binary '\0'),('671692','Luân Trà ','My','67','CNTT','K58CNTT','2002-05-12 00:00:00.000000','Nữ','9353761346','671692@sv.vnua.edu.vn','TP. Hải Dương Hải Dương',NULL,NULL,NULL,NULL,NULL,NULL,NULL,'STUDENT',_binary '\0'),('671694','Đinh Hải ','Nam','67','MMT','K58CNPM','2002-05-12 00:00:00.000000','Nữ','4698917144','671694@sv.vnua.edu.vn','Huyện Mỹ Đức - Hà Nội',NULL,NULL,NULL,NULL,NULL,NULL,NULL,'STUDENT',_binary '\0'),('671697','Bùi Thành ','Nam','67','TTNT','K58HTTT','2002-05-12 00:00:00.000000','Nữ','3713094540','671697@sv.vnua.edu.vn','H. Kim Bảng-Hà Nam',NULL,NULL,NULL,NULL,NULL,NULL,NULL,'STUDENT',_binary '\0'),('671711','Trần Xuân ','Nam','67','TTNT','K59CNPM','2002-05-12 00:00:00.000000','Nữ','435143118','671711@sv.vnua.edu.vn','H. Điện Biên , Điện Biên',NULL,NULL,NULL,NULL,NULL,NULL,NULL,'STUDENT',_binary '\0'),('671717','Nguyễn Thị Kim ','Ngân','67','MMT','K59CNTT','2002-05-12 00:00:00.000000','Nữ','8556011525','671717@sv.vnua.edu.vn','TP. Phủ Lý Hà Nam',NULL,NULL,NULL,NULL,NULL,NULL,NULL,'STUDENT',_binary '\0'),('671719','Trương Quang ','Nghĩa','67','CNTT','K59CNTT','2002-05-12 00:00:00.000000','Nữ','8441659152','671719@sv.vnua.edu.vn','Quận Thanh Xuân - Hà Nội',NULL,NULL,NULL,NULL,NULL,NULL,NULL,'STUDENT',_binary '\0'),('671727','Hoàng Bảo ','Ngọc','67','CNTT','K59HTTT','2002-05-12 00:00:00.000000','Nam','3650159223','671727@sv.vnua.edu.vn','H. Thanh Oai-Hà Nội',NULL,NULL,NULL,NULL,NULL,NULL,NULL,'STUDENT',_binary '\0'),('671752','Đoàn Tuấn ','Ninh','67','MMT','K60CNPM','2002-05-12 00:00:00.000000','Nữ','3094483497','671752@sv.vnua.edu.vn','Yên Mô - Ninh Bình',NULL,NULL,NULL,NULL,NULL,NULL,NULL,'STUDENT',_binary '\0'),('671763','Hoàng Thanh ','Phong','67','MMT','K60CNTT','2002-05-12 00:00:00.000000','Nữ','6198455793','671763@sv.vnua.edu.vn','Hoài Đức - Hà Nội',NULL,NULL,NULL,NULL,NULL,NULL,NULL,'STUDENT',_binary '\0'),('671764','Lê Dương ','Phong','67','TTNT','K60HTTT','2002-05-12 00:00:00.000000','Nữ','4052193574','671764@sv.vnua.edu.vn','Đông Hưng - Thái Bình',NULL,NULL,NULL,NULL,NULL,NULL,NULL,'STUDENT',_binary '\0'),('671785','Lê Minh ','Quân','67','MMT','K61CNPMP','2002-05-12 00:00:00.000000','Nữ','5625666450','671785@sv.vnua.edu.vn','Huyện Hữu Lũng, Lạng Sơn',NULL,NULL,NULL,NULL,NULL,NULL,NULL,'STUDENT',_binary '\0'),('671786','Văn Khánh ','Quân','67','TTNT','K62CNTT','2002-05-12 00:00:00.000000','Nữ','3845161225','671786@sv.vnua.edu.vn','Huyện Phúc Thọ, Hà Nội',NULL,NULL,NULL,NULL,NULL,NULL,NULL,'STUDENT',_binary '\0'),('671818','Nguyễn Thị ','Quỳnh','67','MMT','K61HTTT','2002-05-12 00:00:00.000000','Nữ','9895303035','671818@sv.vnua.edu.vn','Thuận Thành, Bắc Ninh',NULL,NULL,NULL,NULL,NULL,NULL,NULL,'STUDENT',_binary '\0'),('671825','Đinh Lê Hoàng ','Sơn','67','CNTT','K61CNTT','2002-05-12 00:00:00.000000','Nữ','1499925906','671825@sv.vnua.edu.vn','Huyện ý Yên, Nam Định',NULL,NULL,NULL,NULL,NULL,NULL,NULL,'STUDENT',_binary '\0'),('671925','Nguyễn Đắc ','Tiến','67','CNTT','K60MMTP','2002-05-12 00:00:00.000000','Nữ','5038525905','671925@sv.vnua.edu.vn','Đông Hưng, Thái Bình',NULL,NULL,NULL,NULL,NULL,NULL,NULL,'STUDENT',_binary '\0'),('671934','Đỗ Đức ','Toàn','67','CNTT','K63HTTT','2002-05-12 00:00:00.000000','Nữ','575599826','671934@sv.vnua.edu.vn','Quận Hoàng Mai, Hà Nội',NULL,NULL,NULL,NULL,NULL,NULL,NULL,'STUDENT',_binary '\0'),('672010','Phùng Minh Ngọc ','Tuệ','67','MMT','K58CNTT','2002-05-12 00:00:00.000000','Nữ','8811693744','672010@sv.vnua.edu.vn','Huyện Bát Xát - Lào Cai',NULL,NULL,NULL,NULL,NULL,NULL,NULL,'STUDENT',_binary '\0'),('672015','Lê Bá Quang ','Tùng','67','TTNT','K63CNTT','2002-05-12 00:00:00.000000','Nam','5435822013','672015@sv.vnua.edu.vn','Huyện Đông Anh, Hà Nội',NULL,NULL,NULL,NULL,NULL,NULL,NULL,'STUDENT',_binary '\0'),('672042','Nguyễn Thành ','Vinh',NULL,'CNTT','K64ATTT','2002-05-12 00:00:00.000000','Nữ','3672848044','672042@sv.vnua.edu.vn','H. Hà Trung, Thanh Hoá',NULL,NULL,NULL,NULL,NULL,NULL,NULL,'STUDENT',_binary '\0');
/*!40000 ALTER TABLE `students` ENABLE KEYS */;
UNLOCK TABLES;

--
-- Table structure for table `students_statuses`
--

DROP TABLE IF EXISTS `students_statuses`;
/*!40101 SET @saved_cs_client     = @@character_set_client */;
/*!50503 SET character_set_client = utf8mb4 */;
CREATE TABLE `students_statuses` (
  `id` bigint NOT NULL AUTO_INCREMENT,
  `last_name` varchar(200) DEFAULT NULL,
  `note` varchar(200) DEFAULT NULL,
  `status_id` int DEFAULT NULL,
  `status_name` varchar(200) DEFAULT NULL,
  `student_id` varchar(100) DEFAULT NULL,
  `surname` varchar(200) DEFAULT NULL,
  `term_id` varchar(100) DEFAULT NULL,
  `time` datetime(6) DEFAULT NULL,
  PRIMARY KEY (`id`),
  KEY `FKcpb78wae7peruuh9efi5gtt9b` (`status_id`),
  KEY `FK4b426dhs2jhe938uoatbl22tc` (`student_id`),
  CONSTRAINT `FK4b426dhs2jhe938uoatbl22tc` FOREIGN KEY (`student_id`) REFERENCES `students` (`id`),
  CONSTRAINT `FKcpb78wae7peruuh9efi5gtt9b` FOREIGN KEY (`status_id`) REFERENCES `statuses` (`id`)
) ENGINE=InnoDB AUTO_INCREMENT=3 DEFAULT CHARSET=utf8mb4 COLLATE=utf8mb4_0900_ai_ci;
/*!40101 SET character_set_client = @saved_cs_client */;

--
-- Dumping data for table `students_statuses`
--

LOCK TABLES `students_statuses` WRITE;
/*!40000 ALTER TABLE `students_statuses` DISABLE KEYS */;
INSERT INTO `students_statuses` VALUES (2,'Phong',NULL,1,NULL,'611118','Lê Hồng','20242','2023-09-12 10:27:35.823491');
/*!40000 ALTER TABLE `students_statuses` ENABLE KEYS */;
UNLOCK TABLES;

--
-- Table structure for table `students_terms`
--

DROP TABLE IF EXISTS `students_terms`;
/*!40101 SET @saved_cs_client     = @@character_set_client */;
/*!50503 SET character_set_client = utf8mb4 */;
CREATE TABLE `students_terms` (
  `id` bigint NOT NULL AUTO_INCREMENT,
  `student_id` varchar(100) DEFAULT NULL,
  `term_id` varchar(100) DEFAULT NULL,
  `average_point_10` float DEFAULT NULL,
  `average_point_4` float DEFAULT NULL,
  `training_point` int DEFAULT NULL,
  `credits_accumulated` int DEFAULT NULL,
  `point_accumulated_10` float DEFAULT NULL,
  `point_accumulated_4` float DEFAULT NULL,
  `surname` varchar(200) DEFAULT NULL,
  `last_name` varchar(200) DEFAULT NULL,
  `is_deleted` bit(1) DEFAULT NULL,
  PRIMARY KEY (`id`),
  KEY `FK6wmdb2tnhtda2sa46s7uo9qxj` (`term_id`),
  KEY `FKcl2fw1k4vt8fn68w0j3250xnh` (`student_id`),
  CONSTRAINT `FK6wmdb2tnhtda2sa46s7uo9qxj` FOREIGN KEY (`term_id`) REFERENCES `terms` (`id`),
  CONSTRAINT `FKcl2fw1k4vt8fn68w0j3250xnh` FOREIGN KEY (`student_id`) REFERENCES `students` (`id`)
) ENGINE=InnoDB AUTO_INCREMENT=501 DEFAULT CHARSET=utf8mb4 COLLATE=utf8mb4_0900_ai_ci;
/*!40101 SET character_set_client = @saved_cs_client */;

--
-- Dumping data for table `students_terms`
--

LOCK TABLES `students_terms` WRITE;
/*!40000 ALTER TABLE `students_terms` DISABLE KEYS */;
INSERT INTO `students_terms` VALUES (1,'6655051','20211',4.5,1.8,76,41,4.52,1.81,'Phạm','Trung',_binary '\0'),(2,'6652385','20211',7.06,2.82,84,62,7.09,2.84,'Ngô','Đức',_binary ''),(3,'6655419','20211',2.94,1.17,57,79,2.95,1.18,'Trần','Phúc',_binary '\0'),(4,'6667825','20211',0.71,0.28,91,62,0.71,0.28,'Nguyễn','Hưng',_binary '\0'),(5,'6654371','20211',6.87,2.75,70,93,6.9,2.76,'Nguyễn','Đông',_binary '\0'),(6,'6667532','20211',7.18,2.87,90,110,7.21,2.89,'Đoàn','Hoàng',_binary '\0'),(7,'6666130','20211',4,1.6,65,128,4.02,1.61,'Nguyễn','Kiên',_binary '\0'),(8,'6665857','20211',5.48,2.19,69,75,5.5,2.2,'Hoàng','Chiều',_binary '\0'),(9,'6661877','20211',6.55,2.62,50,111,6.58,2.63,'Nguyễn','Quang',_binary '\0'),(10,'6661125','20211',6.38,2.55,85,108,6.41,2.56,'Nguyễn','Lộc',_binary '\0'),(11,'6665720','20211',7.86,3.14,92,113,7.9,3.16,'Mai','Hiếu',_binary '\0'),(12,'6667458','20211',8.29,3.32,70,110,8.33,3.33,'Phạm','Anh',_binary '\0'),(13,'655384','20201',6.86,2.75,73,125,6.9,2.76,'Nguyễn','Liên',_binary '\0'),(14,'651835','20201',3.07,1.23,97,108,3.08,1.23,'Trần','Khôi',_binary '\0'),(15,'651836','20201',9.67,3.87,74,40,9.72,3.89,'Đặng','Hiệp',_binary '\0'),(16,'655396','20201',8.83,3.53,64,100,8.87,3.55,'Vũ','Lan',_binary '\0'),(17,'651808','20201',1.72,0.69,56,58,1.73,0.69,'Nguyễn','Dương',_binary '\0'),(18,'653973','20201',9.5,3.8,71,43,9.54,3.82,'Vũ','Mai',_binary '\0'),(19,'653911','20201',4.62,1.85,59,37,4.65,1.86,'Tạ','Loan',_binary '\0'),(20,'655645','20201',1.26,0.51,84,83,1.27,0.51,'Nguyễn','Trường',_binary '\0'),(21,'654181','20201',2.61,1.04,87,68,2.62,1.05,'Nguyễn','Anh',_binary '\0'),(22,'652621','20201',7.2,2.88,92,90,7.23,2.89,'Phan','Mạnh',_binary '\0'),(23,'655262','20201',9.31,3.73,83,48,9.36,3.74,'Bùi','Khánh',_binary '\0'),(24,'655405','20201',0.94,0.37,97,109,0.94,0.38,'Nguyễn','Thanh',_binary '\0'),(25,'655449','20201',5.68,2.27,89,113,5.71,2.28,'Lương','Thu',_binary '\0'),(26,'651834','20201',3.62,1.45,88,93,3.64,1.45,'Hoàng','Anh',_binary '\0'),(27,'654674','20201',8.25,3.3,81,130,8.29,3.32,'Nguyễn','Hằng',_binary '\0'),(28,'654323','20201',5.27,2.11,64,44,5.29,2.12,'Đỗ','Chiến',_binary '\0'),(29,'651514','20201',8.22,3.29,92,28,8.26,3.3,'Nguyễn','An',_binary '\0'),(30,'654661','20201',7,2.8,90,122,7.03,2.81,'Cam','Hiếu',_binary '\0'),(31,'652694','20201',9.06,3.62,90,60,9.11,3.64,'Trần','Thảo',_binary '\0'),(32,'650024','20201',8.68,3.47,62,80,8.72,3.49,'Hoàng','Tuấn',_binary '\0'),(33,'653721','20201',7.57,3.03,50,52,7.61,3.04,'Đoàn','Bình',_binary '\0'),(34,'651370','20201',5.62,2.25,64,75,5.64,2.26,'Nguyễn','Đức',_binary '\0'),(35,'654897','20201',2.73,1.09,79,73,2.75,1.1,'Nguyễn','Hiếu',_binary '\0'),(36,'650037','20201',3.69,1.47,98,92,3.7,1.48,'Tạ','Tuấn',_binary '\0'),(37,'651635','20201',2.33,0.93,90,53,2.34,0.94,'Lê','An',_binary '\0'),(38,'651659','20201',7.03,2.81,71,129,7.06,2.82,'Cao','Hữu',_binary '\0'),(39,'652085','20201',9.91,3.96,80,83,9.95,3.98,'Đặng','Đức',_binary '\0'),(40,'655201','20201',3.28,1.31,68,45,3.3,1.32,'Lê','Phong',_binary '\0'),(41,'653938','20201',0.49,0.2,56,70,0.49,0.2,'Nguyễn','Nam',_binary '\0'),(42,'653774','20201',3.3,1.32,75,129,3.32,1.33,'Nguyễn','Cường',_binary '\0'),(43,'651107','20201',1.21,0.48,99,127,1.22,0.49,'Nguyễn','Hưng',_binary '\0'),(44,'654554','20201',9.27,3.71,72,100,9.31,3.73,'Đinh','Khải',_binary '\0'),(45,'651094','20201',8.45,3.38,92,46,8.49,3.4,'Nguyễn','Đăng',_binary '\0'),(46,'651084','20201',0.12,0.05,55,30,0.12,0.05,'Lê','Thành',_binary '\0'),(47,'651512','20201',0.54,0.22,74,50,0.54,0.22,'Nguyễn','Hiếu',_binary '\0'),(48,'652647','20201',8.5,3.4,95,129,8.54,3.42,'Trần','Quỳnh',_binary '\0'),(49,'654501','20201',2.76,1.11,94,71,2.78,1.11,'Hoàng','Lâm',_binary '\0'),(50,'652251','20201',4.25,1.7,58,97,4.27,1.71,'Lê','Hoàng',_binary '\0'),(51,'650446','20201',4.38,1.75,95,60,4.4,1.76,'Vương','Duy',_binary '\0'),(52,'654349','20201',0.26,0.1,97,122,0.26,0.11,'Đào','Anh',_binary '\0'),(53,'654551','20201',7.52,3.01,77,75,7.56,3.02,'Bùi','Anh',_binary '\0'),(54,'653294','20201',4.12,1.65,92,125,4.14,1.66,'Nguyễn','Huyền',_binary '\0'),(55,'653248','20201',9.45,3.78,80,73,9.5,3.8,'Nguyễn','Anh',_binary '\0'),(56,'652046','20201',6.75,2.7,64,48,6.78,2.71,'Vũ','Tiến',_binary '\0'),(57,'653186','20201',9.23,3.69,74,98,9.28,3.71,'Lưu','Hải',_binary '\0'),(58,'655148','20201',8.74,3.5,78,120,8.78,3.51,'Đỗ','Minh',_binary '\0'),(59,'651165','20201',3.35,1.34,75,72,3.36,1.35,'Nguyễn','Tùng',_binary '\0'),(60,'652112','20201',5.89,2.36,75,41,5.92,2.37,'Nguyễn','Huy',_binary '\0'),(61,'653284','20201',3.73,1.49,88,69,3.74,1.5,'Nguyễn','Đạo',_binary '\0'),(62,'653002','20201',8.79,3.52,91,54,8.83,3.53,'Khúc','Huy',_binary '\0'),(63,'651337','20201',6.01,2.41,86,126,6.04,2.42,'Lã','Tuấn',_binary '\0'),(64,'654423','20201',6.54,2.62,100,32,6.57,2.63,'Nguyễn','Minh',_binary '\0'),(65,'655061','20201',4.11,1.64,77,88,4.13,1.65,'Nguyễn','Hiếu',_binary '\0'),(66,'652040','20201',9.52,3.81,66,95,9.56,3.83,'Tô','Thuận',_binary '\0'),(67,'654631','20201',0.74,0.3,70,59,0.75,0.3,'Phạm','Dương',_binary '\0'),(68,'651307','20201',2.61,1.04,53,120,2.62,1.05,'Nguyễn','Đức',_binary '\0'),(69,'654129','20201',7.2,2.88,62,46,7.23,2.89,'Lê','Dũng',_binary '\0'),(70,'650441','20201',4.45,1.78,75,94,4.47,1.79,'Trần','Vinh',_binary '\0'),(71,'653263','20201',0,0,83,123,0,0,'Đào','Anh',_binary '\0'),(72,'654422','20201',2.89,1.16,88,79,2.9,1.16,'Đinh','Hoàng',_binary '\0'),(73,'653283','20201',6.66,2.67,92,100,6.7,2.68,'Đoàn','Hưởng',_binary '\0'),(74,'651157','20201',1.99,0.8,66,57,2,0.8,'Quản','Toàn',_binary '\0'),(75,'650706','20201',7.91,3.16,80,103,7.94,3.18,'Phạm','Huy',_binary '\0'),(76,'651763','20201',9.3,3.72,79,79,9.35,3.74,'Đỗ','Cầu',_binary '\0'),(77,'655593','20201',5.24,2.1,78,99,5.26,2.11,'Vũ','Phước',_binary '\0'),(78,'656003','20201',5.86,2.35,76,122,5.89,2.36,'Nguyễn','Trường',_binary '\0'),(79,'651694','20201',5.62,2.25,51,90,5.65,2.26,'Nguyễn','Hiệp',_binary '\0'),(80,'652127','20201',9.63,3.85,72,125,9.68,3.87,'Hoàng','Băng',_binary '\0'),(81,'655108','20201',4.78,1.91,100,30,4.8,1.92,'Nguyễn','An',_binary '\0'),(82,'651083','20201',0.14,0.06,77,118,0.14,0.06,'Nguyễn','Trinh',_binary '\0'),(83,'653943','20201',7.25,2.9,98,123,7.28,2.91,'Phan','Thắng',_binary '\0'),(84,'653006','20201',8.35,3.34,79,76,8.39,3.35,'Nguyễn','Anh',_binary '\0'),(85,'655112','20201',1.64,0.66,84,117,1.65,0.66,'Lê','Giang',_binary '\0'),(86,'651610','20201',5.5,2.2,100,92,5.53,2.21,'Nguyễn','Vân',_binary '\0'),(87,'652007','20201',4.91,1.96,72,49,4.93,1.97,'Lê','Dương',_binary '\0'),(88,'655163','20201',6.48,2.59,93,104,6.51,2.6,'Nguyễn','Thịnh',_binary '\0'),(89,'654976','20201',4.19,1.68,79,97,4.21,1.68,'Nguyễn','Minh',_binary '\0'),(90,'654973','20201',1.36,0.54,97,35,1.36,0.55,'Phạm','Kiên',_binary '\0'),(91,'650489','20201',3.37,1.35,87,32,3.39,1.35,'Vũ','Long',_binary '\0'),(92,'654652','20201',3.97,1.59,60,85,3.98,1.59,'Nguyễn','Phúc',_binary '\0'),(93,'651626','20201',3.9,1.56,77,126,3.91,1.57,'Lê','Tuấn',_binary '\0'),(94,'651863','20201',9.64,3.85,79,26,9.68,3.87,'Phạm','Sang',_binary '\0'),(95,'653845','20201',9.72,3.89,51,33,9.77,3.91,'Phạm','Nguyên',_binary '\0'),(96,'650142','20201',7.31,2.92,94,75,7.34,2.94,'Ngô','Hiển',_binary '\0'),(97,'651288','20201',5.24,2.1,68,125,5.27,2.11,'Bùi','Hưng',_binary '\0'),(98,'650556','20201',5.09,2.04,58,68,5.11,2.05,'Trần','Ngọ',_binary '\0'),(99,'650400','20201',2.81,1.12,70,83,2.82,1.13,'Nguyễn','Sơn',_binary '\0'),(100,'650149','20201',6.79,2.72,60,117,6.83,2.73,'Doãn','Tường',_binary '\0'),(101,'653316','20201',2.02,0.81,51,67,2.03,0.81,'Dương','Khánh',_binary '\0'),(102,'650988','20201',3.83,1.53,83,122,3.85,1.54,'Phan','Khanh',_binary '\0'),(103,'652673','20201',1.35,0.54,52,108,1.36,0.54,'Đặng','Kiệt',_binary '\0'),(104,'653313','20201',4.78,1.91,81,114,4.8,1.92,'Hà','Long',_binary '\0'),(105,'650595','20201',1.9,0.76,86,87,1.91,0.77,'Phạm','Anh',_binary '\0'),(106,'650129','20201',3.89,1.55,78,101,3.9,1.56,'Đỗ','Đoàn',_binary '\0'),(107,'653690','20201',3.22,1.29,58,110,3.23,1.29,'Vũ','Anh',_binary '\0'),(108,'651768','20201',2.1,0.84,75,69,2.11,0.85,'Ngô','Huy',_binary '\0'),(109,'642961','20191',2.01,0.81,99,58,2.02,0.81,'Phạm','Quyết',_binary '\0'),(110,'646241','20191',3.47,1.39,67,72,3.48,1.39,'Nguyễn','Tiến',_binary '\0'),(111,'642460','20191',6.82,2.73,76,96,6.86,2.74,'Trần','Thự',_binary '\0'),(112,'645859','20191',4.63,1.85,86,126,4.65,1.86,'Lê','Thịnh',_binary '\0'),(113,'642373','20191',2.27,0.91,64,80,2.28,0.91,'Lò','Nam',_binary '\0'),(114,'637630','20181',9.42,3.77,63,105,9.46,3.78,'Trần','Hiếu',_binary '\0'),(115,'637748','20181',5.75,2.3,89,31,5.77,2.31,'Nguyễn','Nam',_binary '\0'),(116,'637733','20181',2.87,1.15,80,90,2.88,1.15,'Vũ','Hùng',_binary '\0'),(117,'637612','20181',9.7,3.88,60,42,9.75,3.9,'Đặng','Cương',_binary '\0'),(118,'621087','20171',1.96,0.79,71,112,1.97,0.79,'Đinh','Duy',_binary '\0'),(119,'621067','20171',5.06,2.02,71,113,5.08,2.03,'Nguyễn','Cường',_binary '\0'),(120,'621170','20171',8.98,3.59,76,47,9.02,3.61,'Phạm','Biển',_binary '\0'),(121,'611292','20161',0.94,0.38,58,107,0.95,0.38,'Nguyễn','Kiên',_binary '\0'),(122,'611290','20161',4.24,1.7,86,57,4.26,1.7,'Đỗ','Huy',_binary '\0'),(123,'6655051','20212',0.84,0.33,70,111,0.84,0.34,'Phạm','Trung',_binary '\0'),(124,'6652385','20212',9.39,3.76,91,87,9.43,3.77,'Ngô','Đức',_binary '\0'),(125,'6655419','20212',5.26,2.11,75,104,5.29,2.12,'Trần','Phúc',_binary '\0'),(126,'6667825','20212',3.08,1.23,90,98,3.1,1.24,'Nguyễn','Hưng',_binary '\0'),(127,'6654371','20212',8.35,3.34,99,127,8.39,3.36,'Nguyễn','Đông',_binary '\0'),(128,'6667532','20212',2.63,1.05,90,122,2.64,1.06,'Đoàn','Hoàng',_binary '\0'),(129,'6666130','20212',3.78,1.51,94,76,3.8,1.52,'Nguyễn','Kiên',_binary '\0'),(130,'6665857','20212',7.03,2.81,79,59,7.06,2.83,'Hoàng','Chiều',_binary '\0'),(131,'6661877','20212',6.96,2.78,62,62,6.99,2.8,'Nguyễn','Quang',_binary '\0'),(132,'6661125','20212',2.95,1.18,89,124,2.96,1.19,'Nguyễn','Lộc',_binary '\0'),(133,'6665720','20212',0.94,0.38,90,47,0.95,0.38,'Mai','Hiếu',_binary '\0'),(134,'6667458','20212',8.43,3.37,95,27,8.47,3.39,'Phạm','Anh',_binary '\0'),(135,'655384','20202',5.89,2.35,95,115,5.92,2.37,'Nguyễn','Liên',_binary '\0'),(136,'651835','20202',3.46,1.38,98,112,3.48,1.39,'Trần','Khôi',_binary '\0'),(137,'651836','20202',6.51,2.6,93,102,6.54,2.62,'Đặng','Hiệp',_binary '\0'),(138,'655396','20202',7.6,3.04,81,128,7.64,3.06,'Vũ','Lan',_binary '\0'),(139,'651808','20202',0.75,0.3,75,104,0.75,0.3,'Nguyễn','Dương',_binary '\0'),(140,'653973','20202',5.14,2.06,96,80,5.17,2.07,'Vũ','Mai',_binary '\0'),(141,'653911','20202',3.78,1.51,85,26,3.79,1.52,'Tạ','Loan',_binary '\0'),(142,'655645','20202',3.06,1.23,53,92,3.08,1.23,'Nguyễn','Trường',_binary '\0'),(143,'654181','20202',2.32,0.93,86,56,2.33,0.93,'Nguyễn','Anh',_binary '\0'),(144,'652621','20202',0.74,0.3,95,90,0.75,0.3,'Phan','Mạnh',_binary '\0'),(145,'655262','20202',0.89,0.36,62,99,0.9,0.36,'Bùi','Khánh',_binary '\0'),(146,'655405','20202',6.46,2.58,67,95,6.49,2.6,'Nguyễn','Thanh',_binary '\0'),(147,'655449','20202',8.24,3.3,94,79,8.28,3.31,'Lương','Thu',_binary '\0'),(148,'651834','20202',3.43,1.37,70,110,3.45,1.38,'Hoàng','Anh',_binary '\0'),(149,'654674','20202',1.82,0.73,64,87,1.83,0.73,'Nguyễn','Hằng',_binary '\0'),(150,'654323','20202',0.43,0.17,64,48,0.44,0.17,'Đỗ','Chiến',_binary '\0'),(151,'651514','20202',5.76,2.3,72,84,5.78,2.31,'Nguyễn','An',_binary '\0'),(152,'654661','20202',1.15,0.46,90,77,1.16,0.46,'Cam','Hiếu',_binary '\0'),(153,'652694','20202',7.06,2.82,58,75,7.09,2.84,'Trần','Thảo',_binary '\0'),(154,'650024','20202',2.98,1.19,99,46,2.99,1.2,'Hoàng','Tuấn',_binary '\0'),(155,'653721','20202',1.99,0.8,96,81,2,0.8,'Đoàn','Bình',_binary '\0'),(156,'651370','20202',3.95,1.58,92,75,3.97,1.59,'Nguyễn','Đức',_binary '\0'),(157,'654897','20202',3.99,1.59,68,123,4.01,1.6,'Nguyễn','Hiếu',_binary '\0'),(158,'650037','20202',0.11,0.04,75,108,0.11,0.04,'Tạ','Tuấn',_binary '\0'),(159,'651635','20202',8.49,3.4,76,129,8.53,3.41,'Lê','An',_binary '\0'),(160,'651659','20202',4.77,1.91,91,31,4.79,1.92,'Cao','Hữu',_binary '\0'),(161,'652085','20202',4.73,1.89,72,93,4.75,1.9,'Đặng','Đức',_binary '\0'),(162,'655201','20202',0.05,0.02,58,103,0.05,0.02,'Lê','Phong',_binary '\0'),(163,'653938','20202',0.94,0.38,53,93,0.95,0.38,'Nguyễn','Nam',_binary '\0'),(164,'653774','20202',4.8,1.92,83,64,4.82,1.93,'Nguyễn','Cường',_binary '\0'),(165,'651107','20202',0.61,0.24,88,110,0.61,0.24,'Nguyễn','Hưng',_binary '\0'),(166,'654554','20202',2.88,1.15,53,87,2.9,1.16,'Đinh','Khải',_binary '\0'),(167,'651094','20202',8.51,3.4,66,98,8.55,3.42,'Nguyễn','Đăng',_binary '\0'),(168,'651084','20202',3.26,1.3,87,44,3.28,1.31,'Lê','Thành',_binary '\0'),(169,'651512','20202',4.69,1.88,75,93,4.71,1.88,'Nguyễn','Hiếu',_binary '\0'),(170,'652647','20202',2.57,1.03,61,121,2.58,1.03,'Trần','Quỳnh',_binary '\0'),(171,'654501','20202',8.89,3.56,72,80,8.93,3.57,'Hoàng','Lâm',_binary '\0'),(172,'652251','20202',8.23,3.29,90,86,8.27,3.31,'Lê','Hoàng',_binary '\0'),(173,'650446','20202',6.76,2.7,77,67,6.79,2.72,'Vương','Duy',_binary '\0'),(174,'654349','20202',5.35,2.14,64,106,5.37,2.15,'Đào','Anh',_binary '\0'),(175,'654551','20202',4.17,1.67,65,113,4.19,1.68,'Bùi','Anh',_binary '\0'),(176,'653294','20202',0.34,0.14,95,75,0.34,0.14,'Nguyễn','Huyền',_binary '\0'),(177,'653248','20202',6.68,2.67,76,111,6.72,2.69,'Nguyễn','Anh',_binary '\0'),(178,'652046','20202',2.41,0.96,79,97,2.42,0.97,'Vũ','Tiến',_binary '\0'),(179,'653186','20202',9.32,3.73,80,112,9.37,3.75,'Lưu','Hải',_binary '\0'),(180,'655148','20202',3.73,1.49,75,54,3.74,1.5,'Đỗ','Minh',_binary '\0'),(181,'651165','20202',7.66,3.06,70,54,7.7,3.08,'Nguyễn','Tùng',_binary '\0'),(182,'652112','20202',0.26,0.1,79,113,0.26,0.1,'Nguyễn','Huy',_binary '\0'),(183,'653284','20202',8.48,3.39,50,130,8.52,3.41,'Nguyễn','Đạo',_binary '\0'),(184,'653002','20202',3.93,1.57,95,39,3.95,1.58,'Khúc','Huy',_binary '\0'),(185,'651337','20202',8.78,3.51,59,113,8.82,3.53,'Lã','Tuấn',_binary '\0'),(186,'654423','20202',5.06,2.02,53,90,5.09,2.03,'Nguyễn','Minh',_binary '\0'),(187,'655061','20202',3.98,1.59,57,113,4,1.6,'Nguyễn','Hiếu',_binary '\0'),(188,'652040','20202',8.22,3.29,66,119,8.26,3.3,'Tô','Thuận',_binary '\0'),(189,'654631','20202',1.9,0.76,51,74,1.91,0.77,'Phạm','Dương',_binary '\0'),(190,'651307','20202',2.06,0.83,96,111,2.07,0.83,'Nguyễn','Đức',_binary '\0'),(191,'654129','20202',4.29,1.72,99,76,4.31,1.72,'Lê','Dũng',_binary '\0'),(192,'650441','20202',1.84,0.74,65,88,1.85,0.74,'Trần','Vinh',_binary '\0'),(193,'653263','20202',9.73,3.89,72,96,9.78,3.91,'Đào','Anh',_binary '\0'),(194,'654422','20202',5.15,2.06,72,71,5.17,2.07,'Đinh','Hoàng',_binary '\0'),(195,'653283','20202',1.15,0.46,73,76,1.15,0.46,'Đoàn','Hưởng',_binary '\0'),(196,'651157','20202',1.81,0.72,52,104,1.82,0.73,'Quản','Toàn',_binary '\0'),(197,'650706','20202',3.53,1.41,52,127,3.55,1.42,'Phạm','Huy',_binary '\0'),(198,'651763','20202',8.13,3.25,94,77,8.16,3.27,'Đỗ','Cầu',_binary '\0'),(199,'655593','20202',2.28,0.91,76,49,2.29,0.92,'Vũ','Phước',_binary '\0'),(200,'656003','20202',3.58,1.43,53,116,3.6,1.44,'Nguyễn','Trường',_binary '\0'),(201,'651694','20202',8.4,3.36,53,88,8.44,3.38,'Nguyễn','Hiệp',_binary '\0'),(202,'652127','20202',2.12,0.85,81,38,2.13,0.85,'Hoàng','Băng',_binary '\0'),(203,'655108','20202',4.11,1.64,53,92,4.13,1.65,'Nguyễn','An',_binary '\0'),(204,'651083','20202',0.13,0.05,77,109,0.13,0.05,'Nguyễn','Trinh',_binary '\0'),(205,'653943','20202',9.73,3.89,85,61,9.77,3.91,'Phan','Thắng',_binary '\0'),(206,'653006','20202',8.02,3.21,86,82,8.06,3.22,'Nguyễn','Anh',_binary '\0'),(207,'655112','20202',0.42,0.17,54,118,0.43,0.17,'Lê','Giang',_binary '\0'),(208,'651610','20202',7.13,2.85,76,56,7.16,2.87,'Nguyễn','Vân',_binary '\0'),(209,'652007','20202',1.03,0.41,64,37,1.04,0.41,'Lê','Dương',_binary '\0'),(210,'655163','20202',4.8,1.92,85,127,4.83,1.93,'Nguyễn','Thịnh',_binary '\0'),(211,'654976','20202',3.03,1.21,51,101,3.04,1.22,'Nguyễn','Minh',_binary '\0'),(212,'654973','20202',7.09,2.83,71,127,7.12,2.85,'Phạm','Kiên',_binary '\0'),(213,'650489','20202',2.93,1.17,50,89,2.94,1.18,'Vũ','Long',_binary '\0'),(214,'654652','20202',7.94,3.18,89,60,7.98,3.19,'Nguyễn','Phúc',_binary '\0'),(215,'651626','20202',2.62,1.05,50,130,2.63,1.05,'Lê','Tuấn',_binary '\0'),(216,'651863','20202',7.02,2.81,64,29,7.06,2.82,'Phạm','Sang',_binary '\0'),(217,'653845','20202',1.71,0.68,98,51,1.72,0.69,'Phạm','Nguyên',_binary '\0'),(218,'650142','20202',5.91,2.36,72,56,5.93,2.37,'Ngô','Hiển',_binary '\0'),(219,'651288','20202',0.72,0.29,63,97,0.72,0.29,'Bùi','Hưng',_binary '\0'),(220,'650556','20202',8.07,3.23,90,96,8.11,3.24,'Trần','Ngọ',_binary '\0'),(221,'650400','20202',2.19,0.88,67,110,2.2,0.88,'Nguyễn','Sơn',_binary '\0'),(222,'650149','20202',2.84,1.14,56,82,2.85,1.14,'Doãn','Tường',_binary '\0'),(223,'653316','20202',4.59,1.84,68,49,4.61,1.85,'Dương','Khánh',_binary '\0'),(224,'650988','20202',2.2,0.88,74,89,2.21,0.88,'Phan','Khanh',_binary '\0'),(225,'652673','20202',7.27,2.91,67,70,7.3,2.92,'Đặng','Kiệt',_binary '\0'),(226,'653313','20202',6.08,2.43,62,53,6.11,2.44,'Hà','Long',_binary '\0'),(227,'650595','20202',2.02,0.81,64,46,2.03,0.81,'Phạm','Anh',_binary '\0'),(228,'650129','20202',8.11,3.24,60,124,8.15,3.26,'Đỗ','Đoàn',_binary '\0'),(229,'653690','20202',4.82,1.93,64,120,4.85,1.94,'Vũ','Anh',_binary '\0'),(230,'651768','20202',8.12,3.25,95,110,8.16,3.26,'Ngô','Huy',_binary '\0'),(231,'642961','20192',2.8,1.12,86,89,2.81,1.12,'Phạm','Quyết',_binary '\0'),(232,'646241','20192',4.48,1.79,96,61,4.51,1.8,'Nguyễn','Tiến',_binary '\0'),(233,'642460','20192',8.33,3.33,68,42,8.37,3.35,'Trần','Thự',_binary '\0'),(234,'645859','20192',8.94,3.58,98,128,8.98,3.59,'Lê','Thịnh',_binary '\0'),(235,'642373','20192',2.06,0.82,65,62,2.07,0.83,'Lò','Nam',_binary '\0'),(236,'637630','20182',6.16,2.46,91,128,6.19,2.48,'Trần','Hiếu',_binary '\0'),(237,'637748','20182',4.94,1.97,81,35,4.96,1.98,'Nguyễn','Nam',_binary '\0'),(238,'637733','20182',2.29,0.92,64,105,2.3,0.92,'Vũ','Hùng',_binary '\0'),(239,'637612','20182',7.3,2.92,83,52,7.33,2.93,'Đặng','Cương',_binary '\0'),(240,'621087','20172',1.17,0.47,57,52,1.18,0.47,'Đinh','Duy',_binary '\0'),(241,'621067','20172',0.15,0.06,70,96,0.15,0.06,'Nguyễn','Cường',_binary '\0'),(242,'621170','20172',1.58,0.63,76,130,1.59,0.64,'Phạm','Biển',_binary '\0'),(243,'611292','20162',5.36,2.14,60,56,5.38,2.15,'Nguyễn','Kiên',_binary '\0'),(244,'611290','20162',3.42,1.37,60,94,3.44,1.37,'Đỗ','Huy',_binary '\0'),(245,'6655051','20221',1.99,0.8,76,107,2,0.8,'Phạm','Trung',_binary '\0'),(246,'6652385','20221',4.81,1.93,82,45,4.84,1.93,'Ngô','Đức',_binary '\0'),(247,'6655419','20221',1.09,0.43,92,95,1.09,0.44,'Trần','Phúc',_binary '\0'),(248,'6667825','20221',8.85,3.54,85,50,8.89,3.56,'Nguyễn','Hưng',_binary '\0'),(249,'6654371','20221',6.7,2.68,76,28,6.73,2.69,'Nguyễn','Đông',_binary '\0'),(250,'6667532','20221',6.55,2.62,62,100,6.58,2.63,'Đoàn','Hoàng',_binary '\0'),(251,'6666130','20221',8.47,3.39,91,81,8.51,3.4,'Nguyễn','Kiên',_binary '\0'),(252,'6665857','20221',3.48,1.39,100,57,3.5,1.4,'Hoàng','Chiều',_binary '\0'),(253,'6661877','20221',0.32,0.13,83,100,0.32,0.13,'Nguyễn','Quang',_binary '\0'),(254,'6661125','20221',2.82,1.13,92,112,2.84,1.14,'Nguyễn','Lộc',_binary '\0'),(255,'6665720','20221',1.46,0.58,100,40,1.46,0.59,'Mai','Hiếu',_binary '\0'),(256,'6667458','20221',3.69,1.47,65,83,3.7,1.48,'Phạm','Anh',_binary '\0'),(257,'655384','20211',0.38,0.15,69,27,0.38,0.15,'Nguyễn','Liên',_binary '\0'),(258,'651835','20211',4.44,1.78,58,49,4.47,1.79,'Trần','Khôi',_binary '\0'),(259,'651836','20211',1.65,0.66,75,79,1.65,0.66,'Đặng','Hiệp',_binary '\0'),(260,'655396','20211',2.71,1.08,89,50,2.72,1.09,'Vũ','Lan',_binary '\0'),(261,'651808','20211',6.61,2.64,93,124,6.64,2.65,'Nguyễn','Dương',_binary '\0'),(262,'653973','20211',5,2,74,121,5.03,2.01,'Vũ','Mai',_binary '\0'),(263,'653911','20211',4.43,1.77,86,30,4.45,1.78,'Tạ','Loan',_binary '\0'),(264,'655645','20211',1.83,0.73,95,34,1.84,0.74,'Nguyễn','Trường',_binary '\0'),(265,'654181','20211',8.94,3.58,76,109,8.99,3.59,'Nguyễn','Anh',_binary '\0'),(266,'652621','20211',2.52,1.01,71,101,2.53,1.01,'Phan','Mạnh',_binary '\0'),(267,'655262','20211',5.31,2.12,83,40,5.33,2.13,'Bùi','Khánh',_binary '\0'),(268,'655405','20211',1.13,0.45,61,43,1.14,0.45,'Nguyễn','Thanh',_binary '\0'),(269,'655449','20211',1.96,0.78,100,70,1.97,0.79,'Lương','Thu',_binary '\0'),(270,'651834','20211',7.92,3.17,68,40,7.95,3.18,'Hoàng','Anh',_binary '\0'),(271,'654674','20211',0.49,0.2,100,45,0.49,0.2,'Nguyễn','Hằng',_binary '\0'),(272,'654323','20211',9.51,3.8,94,35,9.56,3.82,'Đỗ','Chiến',_binary '\0'),(273,'651514','20211',3.55,1.42,83,77,3.57,1.43,'Nguyễn','An',_binary '\0'),(274,'654661','20211',7.98,3.19,62,110,8.02,3.21,'Cam','Hiếu',_binary '\0'),(275,'652694','20211',1.52,0.61,79,90,1.53,0.61,'Trần','Thảo',_binary '\0'),(276,'650024','20211',2.79,1.12,97,87,2.81,1.12,'Hoàng','Tuấn',_binary '\0'),(277,'653721','20211',4.77,1.91,50,89,4.8,1.92,'Đoàn','Bình',_binary '\0'),(278,'651370','20211',1.18,0.47,85,97,1.19,0.47,'Nguyễn','Đức',_binary '\0'),(279,'654897','20211',2.95,1.18,68,26,2.97,1.19,'Nguyễn','Hiếu',_binary '\0'),(280,'650037','20211',5.77,2.31,97,124,5.8,2.32,'Tạ','Tuấn',_binary '\0'),(281,'651635','20211',6.47,2.59,81,36,6.5,2.6,'Lê','An',_binary '\0'),(282,'651659','20211',5.82,2.33,51,122,5.85,2.34,'Cao','Hữu',_binary '\0'),(283,'652085','20211',4.06,1.62,87,52,4.08,1.63,'Đặng','Đức',_binary '\0'),(284,'655201','20211',5.83,2.33,54,88,5.86,2.34,'Lê','Phong',_binary '\0'),(285,'653938','20211',2.76,1.1,81,109,2.77,1.11,'Nguyễn','Nam',_binary '\0'),(286,'653774','20211',4.46,1.78,69,82,4.48,1.79,'Nguyễn','Cường',_binary '\0'),(287,'651107','20211',6.64,2.66,51,92,6.68,2.67,'Nguyễn','Hưng',_binary '\0'),(288,'654554','20211',7.05,2.82,85,80,7.08,2.83,'Đinh','Khải',_binary '\0'),(289,'651094','20211',6.9,2.76,64,109,6.94,2.77,'Nguyễn','Đăng',_binary '\0'),(290,'651084','20211',9.26,3.71,86,42,9.31,3.72,'Lê','Thành',_binary '\0'),(291,'651512','20211',9.19,3.68,67,51,9.23,3.69,'Nguyễn','Hiếu',_binary '\0'),(292,'652647','20211',6.06,2.42,92,70,6.09,2.44,'Trần','Quỳnh',_binary '\0'),(293,'654501','20211',9.42,3.77,99,40,9.47,3.79,'Hoàng','Lâm',_binary '\0'),(294,'652251','20211',5.46,2.18,70,28,5.49,2.19,'Lê','Hoàng',_binary '\0'),(295,'650446','20211',1.68,0.67,73,78,1.68,0.67,'Vương','Duy',_binary '\0'),(296,'654349','20211',9.25,3.7,73,83,9.29,3.72,'Đào','Anh',_binary '\0'),(297,'654551','20211',2.83,1.13,82,92,2.84,1.14,'Bùi','Anh',_binary '\0'),(298,'653294','20211',3.18,1.27,84,102,3.19,1.28,'Nguyễn','Huyền',_binary '\0'),(299,'653248','20211',6.33,2.53,50,106,6.36,2.54,'Nguyễn','Anh',_binary '\0'),(300,'652046','20211',0.44,0.17,67,86,0.44,0.18,'Vũ','Tiến',_binary '\0'),(301,'653186','20211',7.7,3.08,77,93,7.73,3.09,'Lưu','Hải',_binary '\0'),(302,'655148','20211',8.6,3.44,94,96,8.64,3.46,'Đỗ','Minh',_binary '\0'),(303,'651165','20211',3.66,1.46,92,113,3.68,1.47,'Nguyễn','Tùng',_binary '\0'),(304,'652112','20211',7.41,2.96,81,115,7.44,2.98,'Nguyễn','Huy',_binary '\0'),(305,'653284','20211',1.59,0.63,59,61,1.59,0.64,'Nguyễn','Đạo',_binary '\0'),(306,'653002','20211',8.95,3.58,67,42,8.99,3.6,'Khúc','Huy',_binary '\0'),(307,'651337','20211',5.04,2.02,84,126,5.06,2.03,'Lã','Tuấn',_binary '\0'),(308,'654423','20211',3.43,1.37,78,27,3.45,1.38,'Nguyễn','Minh',_binary '\0'),(309,'655061','20211',9.74,3.9,83,26,9.79,3.92,'Nguyễn','Hiếu',_binary '\0'),(310,'652040','20211',3.38,1.35,86,37,3.4,1.36,'Tô','Thuận',_binary '\0'),(311,'654631','20211',0.72,0.29,59,48,0.73,0.29,'Phạm','Dương',_binary '\0'),(312,'651307','20211',6.11,2.44,76,85,6.14,2.46,'Nguyễn','Đức',_binary '\0'),(313,'654129','20211',1.62,0.65,62,117,1.62,0.65,'Lê','Dũng',_binary '\0'),(314,'650441','20211',6.14,2.46,65,35,6.17,2.47,'Trần','Vinh',_binary '\0'),(315,'653263','20211',9.55,3.82,69,101,9.6,3.84,'Đào','Anh',_binary '\0'),(316,'654422','20211',5.89,2.35,89,98,5.91,2.37,'Đinh','Hoàng',_binary '\0'),(317,'653283','20211',1.4,0.56,71,44,1.4,0.56,'Đoàn','Hưởng',_binary '\0'),(318,'651157','20211',4.68,1.87,69,89,4.7,1.88,'Quản','Toàn',_binary '\0'),(319,'650706','20211',8.7,3.48,67,71,8.74,3.5,'Phạm','Huy',_binary '\0'),(320,'651763','20211',8.61,3.44,59,99,8.65,3.46,'Đỗ','Cầu',_binary '\0'),(321,'655593','20211',9.41,3.76,85,127,9.46,3.78,'Vũ','Phước',_binary '\0'),(322,'656003','20211',7.58,3.03,65,32,7.61,3.05,'Nguyễn','Trường',_binary '\0'),(323,'651694','20211',2.66,1.06,69,64,2.67,1.07,'Nguyễn','Hiệp',_binary '\0'),(324,'652127','20211',9.5,3.8,68,62,9.54,3.82,'Hoàng','Băng',_binary '\0'),(325,'655108','20211',4.63,1.85,63,63,4.65,1.86,'Nguyễn','An',_binary '\0'),(326,'651083','20211',2.85,1.14,54,64,2.86,1.14,'Nguyễn','Trinh',_binary '\0'),(327,'653943','20211',0.99,0.4,67,89,0.99,0.4,'Phan','Thắng',_binary '\0'),(328,'653006','20211',8.79,3.51,75,129,8.83,3.53,'Nguyễn','Anh',_binary '\0'),(329,'655112','20211',5.64,2.26,54,84,5.67,2.27,'Lê','Giang',_binary '\0'),(330,'651610','20211',7.16,2.87,93,31,7.2,2.88,'Nguyễn','Vân',_binary '\0'),(331,'652007','20211',8.75,3.5,83,47,8.79,3.52,'Lê','Dương',_binary '\0'),(332,'655163','20211',0.61,0.24,56,71,0.61,0.24,'Nguyễn','Thịnh',_binary '\0'),(333,'654976','20211',4.95,1.98,74,121,4.97,1.99,'Nguyễn','Minh',_binary '\0'),(334,'654973','20211',2.29,0.91,80,116,2.3,0.92,'Phạm','Kiên',_binary '\0'),(335,'650489','20211',0.5,0.2,59,49,0.5,0.2,'Vũ','Long',_binary '\0'),(336,'654652','20211',4.01,1.6,72,86,4.03,1.61,'Nguyễn','Phúc',_binary '\0'),(337,'651626','20211',7.69,3.07,68,71,7.72,3.09,'Lê','Tuấn',_binary '\0'),(338,'651863','20211',5.15,2.06,75,72,5.18,2.07,'Phạm','Sang',_binary '\0'),(339,'653845','20211',3.09,1.24,77,71,3.1,1.24,'Phạm','Nguyên',_binary '\0'),(340,'650142','20211',0.84,0.34,62,25,0.84,0.34,'Ngô','Hiển',_binary '\0'),(341,'651288','20211',5.01,2,85,48,5.03,2.01,'Bùi','Hưng',_binary '\0'),(342,'650556','20211',7.08,2.83,85,62,7.11,2.85,'Trần','Ngọ',_binary '\0'),(343,'650400','20211',9.41,3.76,99,83,9.45,3.78,'Nguyễn','Sơn',_binary '\0'),(344,'650149','20211',5.17,2.07,60,54,5.19,2.08,'Doãn','Tường',_binary '\0'),(345,'653316','20211',7.96,3.18,97,119,8,3.2,'Dương','Khánh',_binary '\0'),(346,'650988','20211',5.5,2.2,79,83,5.52,2.21,'Phan','Khanh',_binary '\0'),(347,'652673','20211',4.78,1.91,62,39,4.8,1.92,'Đặng','Kiệt',_binary '\0'),(348,'653313','20211',3.68,1.47,69,105,3.7,1.48,'Hà','Long',_binary '\0'),(349,'650595','20211',1.72,0.69,63,39,1.73,0.69,'Phạm','Anh',_binary '\0'),(350,'650129','20211',5.3,2.12,51,129,5.33,2.13,'Đỗ','Đoàn',_binary '\0'),(351,'653690','20211',2.2,0.88,84,66,2.21,0.88,'Vũ','Anh',_binary '\0'),(352,'651768','20211',2.72,1.09,60,42,2.73,1.09,'Ngô','Huy',_binary '\0'),(353,'642961','20201',0.69,0.28,85,128,0.69,0.28,'Phạm','Quyết',_binary '\0'),(354,'646241','20201',0.87,0.35,52,92,0.88,0.35,'Nguyễn','Tiến',_binary '\0'),(355,'642460','20201',4.61,1.84,94,94,4.63,1.85,'Trần','Thự',_binary '\0'),(356,'645859','20201',5.39,2.16,98,59,5.42,2.17,'Lê','Thịnh',_binary '\0'),(357,'642373','20201',0.97,0.39,78,48,0.97,0.39,'Lò','Nam',_binary '\0'),(358,'637630','20191',8.56,3.42,62,112,8.6,3.44,'Trần','Hiếu',_binary '\0'),(359,'637748','20191',1.13,0.45,82,92,1.14,0.45,'Nguyễn','Nam',_binary '\0'),(360,'637733','20191',6.4,2.56,99,117,6.43,2.57,'Vũ','Hùng',_binary '\0'),(361,'637612','20191',9.34,3.74,59,117,9.39,3.75,'Đặng','Cương',_binary '\0'),(362,'621087','20181',9.21,3.68,90,68,9.25,3.7,'Đinh','Duy',_binary '\0'),(363,'621067','20181',5.31,2.12,83,119,5.33,2.13,'Nguyễn','Cường',_binary '\0'),(364,'621170','20181',0.22,0.09,78,97,0.22,0.09,'Phạm','Biển',_binary '\0'),(365,'611292','20171',1.1,0.44,79,127,1.1,0.44,'Nguyễn','Kiên',_binary '\0'),(366,'611290','20171',1.26,0.5,77,55,1.26,0.51,'Đỗ','Huy',_binary '\0'),(367,'6655051','20222',4.85,1.94,59,35,4.87,1.95,'Phạm','Trung',_binary '\0'),(368,'6652385','20222',5.74,2.29,53,53,5.76,2.31,'Ngô','Đức',_binary '\0'),(369,'6655419','20222',2.19,0.88,98,124,2.2,0.88,'Trần','Phúc',_binary '\0'),(370,'6667825','20222',1.07,0.43,90,114,1.07,0.43,'Nguyễn','Hưng',_binary '\0'),(371,'6654371','20222',2.4,0.96,71,56,2.41,0.96,'Nguyễn','Đông',_binary '\0'),(372,'6667532','20222',6.24,2.5,55,35,6.27,2.51,'Đoàn','Hoàng',_binary '\0'),(373,'6666130','20222',0.73,0.29,61,34,0.73,0.29,'Nguyễn','Kiên',_binary '\0'),(374,'6665857','20222',9.22,3.69,98,52,9.27,3.71,'Hoàng','Chiều',_binary '\0'),(375,'6661877','20222',0.98,0.39,53,73,0.99,0.4,'Nguyễn','Quang',_binary '\0'),(376,'6661125','20222',7.02,2.81,64,104,7.06,2.82,'Nguyễn','Lộc',_binary '\0'),(377,'6665720','20222',5.53,2.21,58,27,5.56,2.22,'Mai','Hiếu',_binary '\0'),(378,'6667458','20222',6.2,2.48,79,117,6.23,2.49,'Phạm','Anh',_binary '\0'),(379,'655384','20212',5.73,2.29,84,76,5.76,2.3,'Nguyễn','Liên',_binary '\0'),(380,'651835','20212',2.76,1.1,50,108,2.77,1.11,'Trần','Khôi',_binary '\0'),(381,'651836','20212',3.41,1.36,100,43,3.42,1.37,'Đặng','Hiệp',_binary '\0'),(382,'655396','20212',2.52,1.01,67,45,2.54,1.01,'Vũ','Lan',_binary '\0'),(383,'651808','20212',2.51,1,54,42,2.52,1.01,'Nguyễn','Dương',_binary '\0'),(384,'653973','20212',5.69,2.28,71,64,5.72,2.29,'Vũ','Mai',_binary '\0'),(385,'653911','20212',5.42,2.17,94,28,5.44,2.18,'Tạ','Loan',_binary '\0'),(386,'655645','20212',3.37,1.35,95,120,3.39,1.36,'Nguyễn','Trường',_binary '\0'),(387,'654181','20212',3.67,1.47,83,37,3.69,1.48,'Nguyễn','Anh',_binary '\0'),(388,'652621','20212',9.09,3.64,87,44,9.13,3.65,'Phan','Mạnh',_binary '\0'),(389,'655262','20212',3.5,1.4,76,74,3.51,1.41,'Bùi','Khánh',_binary '\0'),(390,'655405','20212',9.71,3.89,69,70,9.76,3.9,'Nguyễn','Thanh',_binary '\0'),(391,'655449','20212',8.03,3.21,91,130,8.07,3.23,'Lương','Thu',_binary '\0'),(392,'651834','20212',5.94,2.38,54,104,5.97,2.39,'Hoàng','Anh',_binary '\0'),(393,'654674','20212',2.97,1.19,93,74,2.99,1.2,'Nguyễn','Hằng',_binary '\0'),(394,'654323','20212',2.64,1.06,94,91,2.65,1.06,'Đỗ','Chiến',_binary '\0'),(395,'651514','20212',9.04,3.62,73,35,9.09,3.63,'Nguyễn','An',_binary '\0'),(396,'654661','20212',4.72,1.89,96,87,4.74,1.9,'Cam','Hiếu',_binary '\0'),(397,'652694','20212',4.82,1.93,61,116,4.85,1.94,'Trần','Thảo',_binary '\0'),(398,'650024','20212',1.88,0.75,85,71,1.89,0.75,'Hoàng','Tuấn',_binary '\0'),(399,'653721','20212',5.64,2.26,84,58,5.67,2.27,'Đoàn','Bình',_binary '\0'),(400,'651370','20212',7.49,3,52,50,7.52,3.01,'Nguyễn','Đức',_binary '\0'),(401,'654897','20212',3.93,1.57,51,74,3.95,1.58,'Nguyễn','Hiếu',_binary '\0'),(402,'650037','20212',3.82,1.53,58,103,3.84,1.53,'Tạ','Tuấn',_binary '\0'),(403,'651635','20212',8.89,3.56,55,53,8.93,3.57,'Lê','An',_binary '\0'),(404,'651659','20212',9.68,3.87,65,107,9.73,3.89,'Cao','Hữu',_binary '\0'),(405,'652085','20212',0.49,0.19,73,45,0.49,0.2,'Đặng','Đức',_binary '\0'),(406,'655201','20212',5.51,2.2,96,118,5.53,2.21,'Lê','Phong',_binary '\0'),(407,'653938','20212',6.24,2.5,57,129,6.27,2.51,'Nguyễn','Nam',_binary '\0'),(408,'653774','20212',5.99,2.39,75,47,6.02,2.41,'Nguyễn','Cường',_binary '\0'),(409,'651107','20212',0.92,0.37,85,32,0.92,0.37,'Nguyễn','Hưng',_binary '\0'),(410,'654554','20212',5.55,2.22,82,37,5.58,2.23,'Đinh','Khải',_binary '\0'),(411,'651094','20212',3.37,1.35,65,111,3.38,1.35,'Nguyễn','Đăng',_binary '\0'),(412,'651084','20212',2.02,0.81,85,79,2.03,0.81,'Lê','Thành',_binary '\0'),(413,'651512','20212',5.05,2.02,77,86,5.07,2.03,'Nguyễn','Hiếu',_binary '\0'),(414,'652647','20212',2.15,0.86,60,49,2.16,0.87,'Trần','Quỳnh',_binary '\0'),(415,'654501','20212',3.62,1.45,75,82,3.63,1.45,'Hoàng','Lâm',_binary '\0'),(416,'652251','20212',4.5,1.8,82,36,4.52,1.81,'Lê','Hoàng',_binary '\0'),(417,'650446','20212',2.45,0.98,68,129,2.47,0.99,'Vương','Duy',_binary '\0'),(418,'654349','20212',3.62,1.45,52,28,3.64,1.46,'Đào','Anh',_binary '\0'),(419,'654551','20212',6.83,2.73,54,37,6.86,2.75,'Bùi','Anh',_binary '\0'),(420,'653294','20212',1.69,0.67,95,56,1.7,0.68,'Nguyễn','Huyền',_binary '\0'),(421,'653248','20212',2.33,0.93,91,107,2.34,0.94,'Nguyễn','Anh',_binary '\0'),(422,'652046','20212',8.64,3.46,64,52,8.68,3.47,'Vũ','Tiến',_binary '\0'),(423,'653186','20212',5.7,2.28,82,35,5.72,2.29,'Lưu','Hải',_binary '\0'),(424,'655148','20212',1.59,0.64,67,86,1.6,0.64,'Đỗ','Minh',_binary '\0'),(425,'651165','20212',9.28,3.71,56,98,9.32,3.73,'Nguyễn','Tùng',_binary '\0'),(426,'652112','20212',5.95,2.38,77,89,5.98,2.39,'Nguyễn','Huy',_binary '\0'),(427,'653284','20212',9.74,3.9,50,53,9.79,3.91,'Nguyễn','Đạo',_binary '\0'),(428,'653002','20212',3.96,1.58,62,98,3.98,1.59,'Khúc','Huy',_binary '\0'),(429,'651337','20212',7.08,2.83,77,123,7.11,2.85,'Lã','Tuấn',_binary '\0'),(430,'654423','20212',5.71,2.29,56,26,5.74,2.3,'Nguyễn','Minh',_binary '\0'),(431,'655061','20212',1.16,0.46,67,100,1.16,0.46,'Nguyễn','Hiếu',_binary '\0'),(432,'652040','20212',7.72,3.09,100,113,7.76,3.1,'Tô','Thuận',_binary '\0'),(433,'654631','20212',3.56,1.43,72,44,3.58,1.43,'Phạm','Dương',_binary '\0'),(434,'651307','20212',6.06,2.42,66,113,6.09,2.44,'Nguyễn','Đức',_binary '\0'),(435,'654129','20212',3.07,1.23,83,69,3.09,1.24,'Lê','Dũng',_binary '\0'),(436,'650441','20212',5.73,2.29,74,77,5.76,2.3,'Trần','Vinh',_binary '\0'),(437,'653263','20212',9.73,3.89,79,99,9.78,3.91,'Đào','Anh',_binary '\0'),(438,'654422','20212',4.42,1.77,79,96,4.44,1.78,'Đinh','Hoàng',_binary '\0'),(439,'653283','20212',0.55,0.22,95,48,0.55,0.22,'Đoàn','Hưởng',_binary '\0'),(440,'651157','20212',2.46,0.98,58,50,2.47,0.99,'Quản','Toàn',_binary '\0'),(441,'650706','20212',6.25,2.5,58,81,6.28,2.51,'Phạm','Huy',_binary '\0'),(442,'651763','20212',2.87,1.15,84,74,2.89,1.15,'Đỗ','Cầu',_binary '\0'),(443,'655593','20212',2.72,1.09,79,52,2.73,1.09,'Vũ','Phước',_binary '\0'),(444,'656003','20212',4,1.6,62,61,4.02,1.61,'Nguyễn','Trường',_binary '\0'),(445,'651694','20212',3.08,1.23,78,86,3.1,1.24,'Nguyễn','Hiệp',_binary '\0'),(446,'652127','20212',4.88,1.95,74,127,4.9,1.96,'Hoàng','Băng',_binary '\0'),(447,'655108','20212',7.47,2.99,71,77,7.5,3,'Nguyễn','An',_binary '\0'),(448,'651083','20212',8.46,3.39,89,31,8.5,3.4,'Nguyễn','Trinh',_binary '\0'),(449,'653943','20212',0.92,0.37,52,71,0.92,0.37,'Phan','Thắng',_binary '\0'),(450,'653006','20212',1.69,0.68,91,94,1.7,0.68,'Nguyễn','Anh',_binary '\0'),(451,'655112','20212',6.02,2.41,77,42,6.05,2.42,'Lê','Giang',_binary '\0'),(452,'651610','20212',1.16,0.47,74,55,1.17,0.47,'Nguyễn','Vân',_binary '\0'),(453,'652007','20212',7.7,3.08,63,129,7.74,3.1,'Lê','Dương',_binary '\0'),(454,'655163','20212',0.64,0.26,84,41,0.65,0.26,'Nguyễn','Thịnh',_binary '\0'),(455,'654976','20212',6.79,2.71,52,119,6.82,2.73,'Nguyễn','Minh',_binary '\0'),(456,'654973','20212',4.47,1.79,66,63,4.49,1.8,'Phạm','Kiên',_binary '\0'),(457,'650489','20212',0.27,0.11,64,83,0.27,0.11,'Vũ','Long',_binary '\0'),(458,'654652','20212',9.29,3.72,99,92,9.33,3.73,'Nguyễn','Phúc',_binary '\0'),(459,'651626','20212',1.06,0.42,84,62,1.07,0.43,'Lê','Tuấn',_binary '\0'),(460,'651863','20212',2.83,1.13,58,26,2.85,1.14,'Phạm','Sang',_binary '\0'),(461,'653845','20212',0.35,0.14,51,87,0.35,0.14,'Phạm','Nguyên',_binary '\0'),(462,'650142','20212',2.52,1.01,52,28,2.53,1.01,'Ngô','Hiển',_binary '\0'),(463,'651288','20212',1.12,0.45,65,106,1.12,0.45,'Bùi','Hưng',_binary '\0'),(464,'650556','20212',0.9,0.36,94,45,0.9,0.36,'Trần','Ngọ',_binary '\0'),(465,'650400','20212',5.95,2.38,50,55,5.98,2.39,'Nguyễn','Sơn',_binary '\0'),(466,'650149','20212',4.44,1.77,55,112,4.46,1.78,'Doãn','Tường',_binary '\0'),(467,'653316','20212',6.85,2.74,95,71,6.89,2.75,'Dương','Khánh',_binary '\0'),(468,'650988','20212',7.94,3.18,99,49,7.98,3.19,'Phan','Khanh',_binary '\0'),(469,'652673','20212',7.73,3.09,58,54,7.76,3.1,'Đặng','Kiệt',_binary '\0'),(470,'653313','20212',2.57,1.03,54,44,2.58,1.03,'Hà','Long',_binary '\0'),(471,'650595','20212',1.25,0.5,53,49,1.25,0.5,'Phạm','Anh',_binary '\0'),(472,'650129','20212',7.6,3.04,77,127,7.64,3.06,'Đỗ','Đoàn',_binary '\0'),(473,'653690','20212',1.07,0.43,100,48,1.08,0.43,'Vũ','Anh',_binary '\0'),(474,'651768','20212',5.67,2.27,78,97,5.7,2.28,'Ngô','Huy',_binary '\0'),(475,'642961','20202',2.83,1.13,54,39,2.84,1.14,'Phạm','Quyết',_binary '\0'),(476,'646241','20202',0.3,0.12,81,116,0.3,0.12,'Nguyễn','Tiến',_binary '\0'),(477,'642460','20202',9.16,3.66,85,120,9.2,3.68,'Trần','Thự',_binary '\0'),(478,'645859','20202',1.93,0.77,74,127,1.93,0.77,'Lê','Thịnh',_binary '\0'),(479,'642373','20202',9.63,3.85,90,77,9.68,3.87,'Lò','Nam',_binary '\0'),(480,'637630','20192',0.22,0.09,90,54,0.22,0.09,'Trần','Hiếu',_binary '\0'),(481,'637748','20192',4.13,1.65,92,85,4.15,1.66,'Nguyễn','Nam',_binary '\0'),(482,'637733','20192',0.1,0.04,63,60,0.1,0.04,'Vũ','Hùng',_binary '\0'),(483,'637612','20192',1.01,0.4,53,69,1.02,0.41,'Đặng','Cương',_binary '\0'),(484,'621087','20182',2.75,1.1,100,63,2.76,1.1,'Đinh','Duy',_binary '\0'),(485,'621067','20182',9.93,3.97,96,67,9.98,3.99,'Nguyễn','Cường',_binary '\0'),(486,'621170','20182',7.85,3.14,90,86,7.89,3.16,'Phạm','Biển',_binary '\0'),(487,'611292','20172',5.55,2.22,80,124,5.57,2.23,'Nguyễn','Kiên',_binary '\0'),(488,'611290','20172',4.26,1.7,69,127,4.28,1.71,'Đỗ','Huy',_binary '\0'),(489,'6655051','20231',2.67,1.07,100,29,2.68,1.07,'Phạm','Trung',_binary '\0'),(490,'6652385','20231',7.82,3.13,53,72,7.86,3.14,'Ngô','Đức',_binary '\0'),(491,'6655419','20231',7.5,3,76,88,7.54,3.02,'Trần','Phúc',_binary '\0'),(492,'6667825','20231',3.07,1.23,86,106,3.09,1.24,'Nguyễn','Hưng',_binary '\0'),(493,'6654371','20231',2.65,1.06,56,84,2.66,1.07,'Nguyễn','Đông',_binary '\0'),(494,'6667532','20231',0.44,0.18,60,46,0.45,0.18,'Đoàn','Hoàng',_binary '\0'),(495,'6666130','20231',3.02,1.21,83,38,3.03,1.21,'Nguyễn','Kiên',_binary '\0'),(496,'6665857','20231',4.48,1.79,75,113,4.5,1.8,'Hoàng','Chiều',_binary '\0'),(497,'6661877','20231',4.74,1.9,94,80,4.76,1.91,'Nguyễn','Quang',_binary '\0'),(498,'6661125','20231',3.4,1.36,68,81,3.41,1.37,'Nguyễn','Lộc',_binary '\0'),(499,'6665720','20231',6.33,2.53,65,90,6.36,2.54,'Mai','Hiếu',_binary '\0'),(500,'6667458','20231',1.04,0.42,67,103,1.05,0.42,'Phạm','Anh',_binary '\0');
/*!40000 ALTER TABLE `students_terms` ENABLE KEYS */;
UNLOCK TABLES;

--
-- Table structure for table `terms`
--

DROP TABLE IF EXISTS `terms`;
/*!40101 SET @saved_cs_client     = @@character_set_client */;
/*!50503 SET character_set_client = utf8mb4 */;
CREATE TABLE `terms` (
  `id` varchar(100) NOT NULL,
  `name` varchar(200) DEFAULT NULL,
  PRIMARY KEY (`id`)
) ENGINE=InnoDB DEFAULT CHARSET=utf8mb4 COLLATE=utf8mb4_0900_ai_ci;
/*!40101 SET character_set_client = @saved_cs_client */;

--
-- Dumping data for table `terms`
--

LOCK TABLES `terms` WRITE;
/*!40000 ALTER TABLE `terms` DISABLE KEYS */;
INSERT INTO `terms` VALUES ('20141','Học kỳ 1 - năm 2014'),('20142','Học kỳ 2 - năm 2014'),('20151','Học kỳ 1 - năm 2015'),('20152','Học kỳ 2 - năm 2015'),('20161','Học kỳ 1 - năm 2016'),('20162','Học kỳ 2 - năm 2016'),('20171','Học kỳ 1 - năm 2017'),('20172','Học kỳ 2 - năm 2017'),('20181','Học kỳ 1 - năm 2018'),('20182','Học kỳ 2 - năm 2018'),('20191','Học kỳ 1 - năm 2019'),('20192','Học kỳ 2 - năm 2019'),('20201','Học kỳ 1 - năm 2020'),('20202','Học kỳ 2 - năm 2020'),('20211','Học kỳ 1 - năm 2023'),('20212','Học kỳ 2 - năm 2021'),('20221','Học kỳ 1 - năm 2022'),('20222','Học kỳ 2 - năm 2022'),('20231','Học kỳ 1 - năm 2023'),('20232','Học kỳ 2 - năm 2023'),('20241','Học kỳ 1 - năm 2024'),('20242','Học kỳ 2 - năm 2024'),('20251','Học kỳ 1 - năm 2025'),('20252','Học kỳ 2 - năm 2025'),('20261','Học kỳ 1 - năm 2026');
/*!40000 ALTER TABLE `terms` ENABLE KEYS */;
UNLOCK TABLES;

--
-- Table structure for table `trash_admins`
--

DROP TABLE IF EXISTS `trash_admins`;
/*!40101 SET @saved_cs_client     = @@character_set_client */;
/*!50503 SET character_set_client = utf8mb4 */;
CREATE TABLE `trash_admins` (
  `id` bigint NOT NULL AUTO_INCREMENT,
  `by_whom` varchar(100) DEFAULT NULL,
  `time` datetime(6) DEFAULT NULL,
  `admin_id` varchar(100) DEFAULT NULL,
  PRIMARY KEY (`id`),
  UNIQUE KEY `UK_ovc3exgmc49dwx4a2rpb6dp20` (`admin_id`),
  CONSTRAINT `FKdet09043e55tj0f1hnv0q1u3g` FOREIGN KEY (`admin_id`) REFERENCES `admins` (`id`)
) ENGINE=InnoDB DEFAULT CHARSET=utf8mb4 COLLATE=utf8mb4_0900_ai_ci;
/*!40101 SET character_set_client = @saved_cs_client */;

--
-- Dumping data for table `trash_admins`
--

LOCK TABLES `trash_admins` WRITE;
/*!40000 ALTER TABLE `trash_admins` DISABLE KEYS */;
/*!40000 ALTER TABLE `trash_admins` ENABLE KEYS */;
UNLOCK TABLES;

--
-- Table structure for table `trash_news`
--

DROP TABLE IF EXISTS `trash_news`;
/*!40101 SET @saved_cs_client     = @@character_set_client */;
/*!50503 SET character_set_client = utf8mb4 */;
CREATE TABLE `trash_news` (
  `id` bigint NOT NULL AUTO_INCREMENT,
  `by_whom` varchar(100) DEFAULT NULL,
  `time` datetime(6) DEFAULT NULL,
  `news_id` bigint DEFAULT NULL,
  PRIMARY KEY (`id`),
  UNIQUE KEY `UK_8kcc3416dpiay4hkvunbkvo0b` (`news_id`),
  CONSTRAINT `FKy4of20e3tkqirm298ev59vmn` FOREIGN KEY (`news_id`) REFERENCES `news` (`id`)
) ENGINE=InnoDB DEFAULT CHARSET=utf8mb4 COLLATE=utf8mb4_0900_ai_ci;
/*!40101 SET character_set_client = @saved_cs_client */;

--
-- Dumping data for table `trash_news`
--

LOCK TABLES `trash_news` WRITE;
/*!40000 ALTER TABLE `trash_news` DISABLE KEYS */;
/*!40000 ALTER TABLE `trash_news` ENABLE KEYS */;
UNLOCK TABLES;

--
-- Table structure for table `trash_points`
--

DROP TABLE IF EXISTS `trash_points`;
/*!40101 SET @saved_cs_client     = @@character_set_client */;
/*!50503 SET character_set_client = utf8mb4 */;
CREATE TABLE `trash_points` (
  `id` bigint NOT NULL AUTO_INCREMENT,
  `by_whom` varchar(100) DEFAULT NULL,
  `time` datetime(6) DEFAULT NULL,
  `point_id` bigint DEFAULT NULL,
  PRIMARY KEY (`id`),
  UNIQUE KEY `UK_d68dktsjcdrrou9vjhmkbnafw` (`point_id`),
  CONSTRAINT `FKk0fmrmeky3qgnrefsnqpqjnle` FOREIGN KEY (`point_id`) REFERENCES `students_terms` (`id`)
) ENGINE=InnoDB AUTO_INCREMENT=2 DEFAULT CHARSET=utf8mb4 COLLATE=utf8mb4_0900_ai_ci;
/*!40101 SET character_set_client = @saved_cs_client */;

--
-- Dumping data for table `trash_points`
--

LOCK TABLES `trash_points` WRITE;
/*!40000 ALTER TABLE `trash_points` DISABLE KEYS */;
INSERT INTO `trash_points` VALUES (1,'Ki Ki','2023-09-12 14:38:50.197437',2);
/*!40000 ALTER TABLE `trash_points` ENABLE KEYS */;
UNLOCK TABLES;

--
-- Table structure for table `trash_students`
--

DROP TABLE IF EXISTS `trash_students`;
/*!40101 SET @saved_cs_client     = @@character_set_client */;
/*!50503 SET character_set_client = utf8mb4 */;
CREATE TABLE `trash_students` (
  `id` bigint NOT NULL AUTO_INCREMENT,
  `by_whom` varchar(100) DEFAULT NULL,
  `time` datetime(6) DEFAULT NULL,
  `student_id` varchar(100) DEFAULT NULL,
  PRIMARY KEY (`id`),
  UNIQUE KEY `UK_qhc2wldeck9mulg3u10yafu8h` (`student_id`),
  CONSTRAINT `FKnj6txl2v24mclaiwfu7ymqyuw` FOREIGN KEY (`student_id`) REFERENCES `students` (`id`)
) ENGINE=InnoDB AUTO_INCREMENT=4 DEFAULT CHARSET=utf8mb4 COLLATE=utf8mb4_0900_ai_ci;
/*!40101 SET character_set_client = @saved_cs_client */;

--
-- Dumping data for table `trash_students`
--

LOCK TABLES `trash_students` WRITE;
/*!40000 ALTER TABLE `trash_students` DISABLE KEYS */;
INSERT INTO `trash_students` VALUES (1,'Ki Ki','2023-09-12 14:30:04.134666','611118'),(2,'Ki Ki','2023-09-12 14:41:34.069461','576739'),(3,'Cam Hiếu','2023-09-12 14:42:04.270515','566553');
/*!40000 ALTER TABLE `trash_students` ENABLE KEYS */;
UNLOCK TABLES;
/*!40103 SET TIME_ZONE=@OLD_TIME_ZONE */;

/*!40101 SET SQL_MODE=@OLD_SQL_MODE */;
/*!40014 SET FOREIGN_KEY_CHECKS=@OLD_FOREIGN_KEY_CHECKS */;
/*!40014 SET UNIQUE_CHECKS=@OLD_UNIQUE_CHECKS */;
/*!40101 SET CHARACTER_SET_CLIENT=@OLD_CHARACTER_SET_CLIENT */;
/*!40101 SET CHARACTER_SET_RESULTS=@OLD_CHARACTER_SET_RESULTS */;
/*!40101 SET COLLATION_CONNECTION=@OLD_COLLATION_CONNECTION */;
/*!40111 SET SQL_NOTES=@OLD_SQL_NOTES */;

-- Dump completed on 2023-09-18  9:19:13
